version 2
JvmtiExport can_access_local_variables 0
JvmtiExport can_hotswap_or_post_breakpoint 1
JvmtiExport can_post_on_exceptions 0
# 215 ciObject found
instanceKlass java/lang/String
ciInstanceKlass java/lang/Cloneable 1 0 7 100 1 100 1 1 1
instanceKlass com/jetbrains/rhizomedb/EAV
instanceKlass com/jetbrains/rhizomedb/Novelty$assertions$1$WhenMappings
instanceKlass kotlin/sequences/TransformingSequence$iterator$1
instanceKlass kotlin/sequences/TransformingSequence
instanceKlass kotlin/sequences/SequencesKt__SequenceBuilderKt$sequence$$inlined$Sequence$1
instanceKlass kotlin/sequences/Sequence
# instanceKlass fleet/kernel/rete/impl/Propagation$$Lambda+0x0000022a35221c28
instanceKlass fleet/kernel/rete/impl/Node
instanceKlass fleet/kernel/rete/impl/Propagation
instanceKlass kotlinx/coroutines/DelayKt
instanceKlass com/intellij/platform/kernel/util/KernelUtilsKt
instanceKlass kotlinx/collections/immutable/implementations/immutableList/AbstractListIterator
instanceKlass kotlinx/collections/immutable/internal/ListImplementation
instanceKlass kotlinx/collections/immutable/implementations/immutableList/SmallPersistentVector$Companion
instanceKlass kotlinx/collections/immutable/PersistentList
instanceKlass kotlinx/collections/immutable/ImmutableList
instanceKlass kotlinx/collections/immutable/implementations/immutableList/UtilsKt
instanceKlass fleet/tracing/runtime/SpanStatus
instanceKlass kotlinx/coroutines/channels/ReceiveCatching
instanceKlass kotlinx/coroutines/selects/SelectClause2Impl
instanceKlass kotlinx/coroutines/selects/SelectClause2
instanceKlass fleet/kernel/OnCompleteKey
instanceKlass fleet/kernel/SubscriptionEvent$Next
instanceKlass fleet/kernel/TransactorEvent$SequentialChange
instanceKlass fleet/kernel/SlowChangeReporterKernelKey
instanceKlass fleet/kernel/KernelMetaKey
instanceKlass kotlin/time/DurationJvmKt
instanceKlass kotlin/time/Duration$Companion
instanceKlass kotlin/time/Duration
instanceKlass fleet/kernel/rete/impl/PosponedVarsKt$postponedVars$1
instanceKlass kotlin/time/DurationUnitKt__DurationUnitJvmKt
instanceKlass fleet/kernel/rete/impl/PosponedVars
instanceKlass fleet/kernel/rete/impl/PosponedVarsKt$postponedVars$$inlined$compareBy$1
instanceKlass fleet/util/PriorityQueue
instanceKlass kotlin/time/DurationKt
instanceKlass fleet/kernel/rete/impl/PosponedVarsKt
instanceKlass kotlin/time/LongSaturatedMathKt
instanceKlass fleet/fastutil/longs/Long2ObjectOpenHashMap
instanceKlass fleet/fastutil/longs/MutableLongMap
instanceKlass fleet/fastutil/longs/LongMap
instanceKlass kotlin/time/TimedValue
instanceKlass  @bci fleet/kernel/rete/ReteKt$withRete$2$1$1$3$reteEntity$1 invoke (Lcom/jetbrains/rhizomedb/ChangeScope;)Lfleet/kernel/rete/ReteEntity; 30 <appendix> member <vmtarget> ; # fleet/kernel/rete/ReteKt$withRete$2$1$1$3$reteEntity$1$$Lambda+0x0000022a35210800
instanceKlass  @cpi fleet/kernel/rete/ReteKt$withRete$2$1$1$3$reteEntity$1 53 form vmentry <vmtarget> ; # java/lang/invoke/LambdaForm$DMH+0x0000022a35210400
instanceKlass fleet/kernel/rete/impl/PatternIndex
instanceKlass fleet/kernel/rete/impl/SubscriptionsIndex
instanceKlass fleet/kernel/rete/impl/ReteNetworkImpl
instanceKlass fleet/kernel/rete/ReteNetwork$Companion
instanceKlass fleet/kernel/rete/ReteNetwork
instanceKlass kotlinx/coroutines/channels/Channel$Factory
instanceKlass fleet/kernel/rete/ReteEntity
instanceKlass kotlinx/coroutines/flow/internal/ChannelFlowKt
instanceKlass fleet/kernel/SpanChangeKey
instanceKlass fleet/kernel/DeferredChangeKey
instanceKlass fleet/util/async/FlowExtKt
instanceKlass kotlin/time/TimeSource$Monotonic$ValueTimeMark
instanceKlass kotlin/time/MonotonicTimeSource
instanceKlass kotlin/time/ComparableTimeMark
instanceKlass kotlin/time/TimeMark
instanceKlass kotlin/time/TimeSource$Monotonic
instanceKlass kotlin/time/TimeSource$WithComparableMarks
instanceKlass kotlin/time/TimeSource
instanceKlass kotlinx/coroutines/channels/ChannelResult$Failed
instanceKlass kotlinx/coroutines/channels/ChannelResult$Companion
instanceKlass kotlinx/coroutines/channels/ChannelResult
instanceKlass kotlinx/coroutines/CancellableContinuationImplKt
instanceKlass  @bci kotlinx/coroutines/channels/BufferedChannel onUndeliveredElementReceiveCancellationConstructor$lambda$57$lambda$56 (Lkotlinx/coroutines/channels/BufferedChannel;Lkotlinx/coroutines/selects/SelectInstance;Ljava/lang/Object;Ljava/lang/Object;)Lkotlin/jvm/functions/Function3; 3 <appendix> member <vmtarget> ; # kotlinx/coroutines/channels/BufferedChannel$$Lambda+0x0000022a352156e8
instanceKlass fleet/kernel/ChangeTask
instanceKlass fleet/kernel/rete/Rete$Companion
instanceKlass fleet/kernel/rete/Rete
instanceKlass fleet/kernel/rete/ReteDbSource
instanceKlass kotlinx/coroutines/flow/MutableStateFlow
instanceKlass kotlinx/coroutines/flow/StateFlowKt
instanceKlass fleet/kernel/rete/ReteState$Db
instanceKlass fleet/kernel/rete/ReteState
instanceKlass kotlinx/coroutines/flow/internal/SafeCollectorKt
instanceKlass  @bci kotlinx/coroutines/flow/internal/SafeCollector_commonKt checkContext (Lkotlinx/coroutines/flow/internal/SafeCollector;Lkotlin/coroutines/CoroutineContext;)V 6 <appendix> member <vmtarget> ; # kotlinx/coroutines/flow/internal/SafeCollector_commonKt$$Lambda+0x0000022a3520dc58
instanceKlass  @cpi kotlinx/coroutines/flow/internal/SafeCollector_commonKt 23 form vmentry <vmtarget> ; # java/lang/invoke/LambdaForm$DMH+0x0000022a35210000
instanceKlass kotlinx/coroutines/flow/internal/SafeCollector_commonKt
instanceKlass fleet/kernel/SubscriptionEvent$First
instanceKlass fleet/kernel/SubscriptionEvent
instanceKlass kotlinx/coroutines/flow/internal/NullSurrogateKt
instanceKlass kotlinx/coroutines/flow/SharedFlowImpl$Emitter
instanceKlass fleet/kernel/TransactorKt$withTransactor$2$transactor$1$log$1$invokeSuspend$$inlined$fold$1
instanceKlass  @bci kotlinx/coroutines/flow/internal/SafeCollector <init> (Lkotlinx/coroutines/flow/FlowCollector;Lkotlin/coroutines/CoroutineContext;)V 35 <appendix> argL0 ; # kotlinx/coroutines/flow/internal/SafeCollector$$Lambda+0x0000022a3520c998
instanceKlass kotlinx/coroutines/flow/internal/NoOpContinuation
instanceKlass fleet/kernel/TransactorKt$subscribe$2$job$1$1
instanceKlass fleet/kernel/rete/ReteKt$withRete$2$1
instanceKlass fleet/kernel/Subscriber
instanceKlass fleet/kernel/DbSourceKt
instanceKlass fleet/kernel/ChangeInterceptor$Companion
instanceKlass fleet/kernel/ChangeInterceptor
instanceKlass fleet/kernel/rete/ReteKt
instanceKlass fleet/kernel/rete/ContextMatches$Companion
instanceKlass fleet/kernel/rete/ContextMatches
instanceKlass fleet/kernel/Transactor$DefaultImpls
instanceKlass fleet/kernel/FlowDbSource
instanceKlass fleet/kernel/DbSource
instanceKlass fleet/kernel/DbSource$ContextElement$Companion
instanceKlass fleet/kernel/DbSource$ContextElement
instanceKlass kotlinx/coroutines/internal/ConcurrentLinkedListKt
instanceKlass kotlinx/coroutines/selects/SelectImplementation$ClauseData
instanceKlass kotlinx/coroutines/selects/SelectClause1Impl
instanceKlass kotlinx/coroutines/selects/SelectClause1
instanceKlass kotlinx/coroutines/selects/SelectClause
instanceKlass kotlinx/coroutines/selects/SelectKt$DUMMY_PROCESS_RESULT_FUNCTION$1
instanceKlass kotlinx/coroutines/selects/SelectKt
instanceKlass kotlinx/coroutines/selects/SelectImplementation
instanceKlass kotlinx/coroutines/selects/SelectInstanceInternal
instanceKlass kotlinx/coroutines/selects/SelectBuilder
instanceKlass kotlin/jvm/internal/Ref$LongRef
instanceKlass fleet/util/async/JobExtKt
instanceKlass fleet/util/channels/ChannelExtKt
instanceKlass fleet/multiplatform/shims/SingleThreadCoroutineDispatcher_jvmKt$newSingleThreadCoroutineDispatcherJvm$1$WhenMappings
instanceKlass java/util/concurrent/ScheduledExecutorService
instanceKlass kotlinx/coroutines/ExecutorsKt
instanceKlass  @bci java/util/concurrent/Executors$AutoShutdownDelegatedExecutorService <init> (Ljava/util/concurrent/ExecutorService;)V 6 <appendix> member <vmtarget> ; # java/util/concurrent/Executors$AutoShutdownDelegatedExecutorService$$Lambda+0x0000022a351d90a8
instanceKlass java/util/concurrent/LinkedBlockingQueue$Node
instanceKlass java/util/concurrent/Executors$DelegatedExecutorService
instanceKlass  @bci fleet/multiplatform/shims/SingleThreadCoroutineDispatcher_jvmKt$newSingleThreadCoroutineDispatcherJvm$1 use (Lkotlin/jvm/functions/Function3;Lkotlin/coroutines/Continuation;)Ljava/lang/Object; 101 <appendix> member <vmtarget> ; # fleet/multiplatform/shims/SingleThreadCoroutineDispatcher_jvmKt$newSingleThreadCoroutineDispatcherJvm$1$$Lambda+0x0000022a35202638
instanceKlass fleet/multiplatform/shims/SingleThreadCoroutineDispatcher_jvmKt$newSingleThreadCoroutineDispatcherJvm$1
instanceKlass fleet/multiplatform/shims/HighPriorityCoroutineDispatcherResource
instanceKlass fleet/multiplatform/shims/SingleThreadCoroutineDispatcher_jvmKt
instanceKlass fleet/multiplatform/shims/SingleThreadCoroutineDispatcherKt
instanceKlass kotlinx/coroutines/flow/internal/FlowValueWrapperInternalKt
instanceKlass fleet/kernel/TransactorEvent$Init
instanceKlass fleet/kernel/TransactorEvent
instanceKlass kotlinx/coroutines/flow/AbstractFlow
instanceKlass kotlinx/coroutines/flow/FlowKt__BuildersKt
instanceKlass fleet/kernel/Transactor$Companion
instanceKlass fleet/kernel/TransactorKt$withTransactor$2$transactor$1
instanceKlass fleet/kernel/Transactor
instanceKlass fleet/kernel/TransactorKt$withTransactor$2$dbState$1
instanceKlass kotlinx/coroutines/flow/StateFlow
instanceKlass  @bci kotlinx/coroutines/channels/BufferedChannel <init> (ILkotlin/jvm/functions/Function1;)V 159 <appendix> member <vmtarget> ; # kotlinx/coroutines/channels/BufferedChannel$$Lambda+0x0000022a351d54a0
instanceKlass kotlinx/coroutines/selects/SelectInstance
instanceKlass fleet/kernel/rebase/WorkspaceClockEntity
instanceKlass fleet/kernel/rebase/RemoteKernelConnectionEntity
instanceKlass fleet/kernel/rebase/OfferContributorEntity
instanceKlass kotlin/collections/builders/MapBuilder$EntryRef
instanceKlass kotlin/collections/builders/MapBuilder$Itr
instanceKlass kotlin/jvm/internal/SpreadBuilder
instanceKlass fleet/kernel/SharedRetractionRelation
instanceKlass fleet/kernel/RetractionRelation
instanceKlass fleet/kernel/ChangeScopeExtKt
instanceKlass com/jetbrains/rhizomedb/EntityAttributeKt
instanceKlass com/jetbrains/rhizomedb/EntityTypeKt$buildAttributes$1$1$1
instanceKlass fleet/fastutil/ints/IntOpenHashSet$Companion
instanceKlass fleet/fastutil/ints/IntOpenHashSet
instanceKlass fleet/fastutil/ints/MutableIntSet
instanceKlass fleet/fastutil/ints/IntSet
instanceKlass  @bci fleet/kernel/TransactorKt$withTransactor$2$initialDb$2$1$1$1$1 invoke (Lcom/jetbrains/rhizomedb/ChangeScope;)Lfleet/kernel/DbTimestamp; 22 <appendix> argL0 ; # fleet/kernel/TransactorKt$withTransactor$2$initialDb$2$1$1$1$1$$Lambda+0x0000022a351d0b80
instanceKlass com/jetbrains/rhizomedb/EntityBuilder$Target
instanceKlass com/jetbrains/rhizomedb/EntityBuilder
instanceKlass fleet/kernel/rebase/SharedBlock
instanceKlass java/awt/event/MouseAdapter
instanceKlass javax/swing/event/MouseInputListener
instanceKlass javax/swing/plaf/basic/DragRecognitionSupport$BeforeDrag
instanceKlass javax/swing/plaf/basic/BasicTextUI$UpdateHandler
instanceKlass java/awt/LayoutManager2
instanceKlass javax/swing/event/DocumentListener
instanceKlass javax/swing/text/View
# instanceKlass java/lang/invoke/LambdaForm$MH+0x0000022a351d4400
# instanceKlass java/lang/invoke/LambdaForm$MH+0x0000022a351d4000
instanceKlass javax/swing/text/Position$Bias
instanceKlass sun/swing/UIAction
instanceKlass javax/swing/TransferHandler
instanceKlass javax/swing/AbstractAction
instanceKlass javax/swing/Action
instanceKlass javax/swing/text/EditorKit
instanceKlass java/awt/Cursor$1
instanceKlass sun/awt/AWTAccessor$CursorAccessor
instanceKlass java/awt/Cursor
instanceKlass javax/swing/text/ViewFactory
instanceKlass com/sun/java/swing/SwingUtilities3
instanceKlass java/awt/AWTEventMulticaster
instanceKlass java/awt/event/MouseWheelListener
instanceKlass java/awt/event/HierarchyBoundsListener
instanceKlass java/awt/event/HierarchyListener
instanceKlass java/awt/event/InputMethodListener
instanceKlass java/awt/event/TextListener
instanceKlass java/awt/event/AdjustmentListener
instanceKlass java/awt/event/ItemListener
instanceKlass java/awt/event/WindowStateListener
instanceKlass java/awt/event/WindowFocusListener
instanceKlass java/awt/event/WindowListener
instanceKlass java/awt/event/MouseMotionListener
instanceKlass java/awt/event/KeyListener
instanceKlass java/awt/event/ContainerListener
instanceKlass java/awt/event/ComponentListener
instanceKlass java/awt/event/FocusListener
instanceKlass javax/swing/event/ChangeListener
instanceKlass java/awt/ComponentOrientation
instanceKlass com/sun/beans/util/Cache$CacheEntry
instanceKlass com/sun/beans/util/Cache
instanceKlass javax/swing/text/JTextComponent$1
instanceKlass sun/swing/SwingAccessor$JTextComponentAccessor
instanceKlass kotlinx/coroutines/CopyableThrowable
instanceKlass kotlinx/coroutines/ExceptionsKt
instanceKlass  @bci com/sun/java/swing/plaf/windows/WindowsLookAndFeel initVistaComponentDefaults (Ljavax/swing/UIDefaults;)V 842 <appendix> argL0 ; # com/sun/java/swing/plaf/windows/WindowsLookAndFeel$$Lambda+0x0000022a351ee3b0
instanceKlass  @bci com/sun/java/swing/plaf/windows/WindowsLookAndFeel initVistaComponentDefaults (Ljavax/swing/UIDefaults;)V 809 <appendix> argL0 ; # com/sun/java/swing/plaf/windows/WindowsLookAndFeel$$Lambda+0x0000022a351ee160
instanceKlass com/sun/java/swing/plaf/windows/WindowsLookAndFeel$SkinIcon
instanceKlass javax/swing/BorderFactory
instanceKlass  @bci com/sun/java/swing/plaf/windows/WindowsLookAndFeel initVistaComponentDefaults (Ljavax/swing/UIDefaults;)V 762 <appendix> argL0 ; # com/sun/java/swing/plaf/windows/WindowsLookAndFeel$$Lambda+0x0000022a351ed498
instanceKlass com/sun/java/swing/plaf/windows/WindowsLookAndFeel$1
instanceKlass  @bci sun/awt/windows/ThemeReader getThemeImpl (Ljava/lang/String;I)Ljava/lang/Long; 23 <appendix> member <vmtarget> ; # sun/awt/windows/ThemeReader$$Lambda+0x0000022a351ecfc8
instanceKlass  @cpi sun/awt/windows/ThemeReader 332 form vmentry <vmtarget> ; # java/lang/invoke/LambdaForm$DMH+0x0000022a351cf800
instanceKlass  @bci sun/awt/windows/ThemeReader getThemeImpl (Ljava/lang/String;I)Ljava/lang/Long; 7 <appendix> argL0 ; # sun/awt/windows/ThemeReader$$Lambda+0x0000022a351ecd58
instanceKlass com/sun/java/swing/plaf/windows/WindowsIconFactory$RadioButtonMenuItemIcon
instanceKlass javax/swing/plaf/basic/BasicIconFactory$CheckBoxMenuItemIcon
instanceKlass javax/swing/plaf/basic/BasicIconFactory$MenuItemCheckIcon
instanceKlass javax/swing/plaf/basic/BasicIconFactory
instanceKlass java/awt/ItemSelectable
instanceKlass javax/swing/MenuElement
instanceKlass com/sun/java/swing/plaf/windows/WindowsIconFactory$VistaMenuItemCheckIconFactory$VistaMenuItemCheckIcon
instanceKlass com/sun/java/swing/plaf/windows/WindowsIconFactory$MenuItemCheckIcon
instanceKlass com/sun/java/swing/plaf/windows/WindowsIconFactory$VistaMenuItemCheckIconFactory
instanceKlass sun/swing/MenuItemCheckIconFactory
instanceKlass sun/util/ResourceBundleEnumeration
instanceKlass javax/swing/UIDefaults$1
instanceKlass  @bci com/sun/java/swing/plaf/windows/WindowsLookAndFeel getLazyValueDefaults ()[Ljava/lang/Object; 860 <appendix> argL0 ; # com/sun/java/swing/plaf/windows/WindowsLookAndFeel$$Lambda+0x0000022a351e32f0
instanceKlass  @bci com/sun/java/swing/plaf/windows/WindowsLookAndFeel getLazyValueDefaults ()[Ljava/lang/Object; 855 <appendix> argL0 ; # com/sun/java/swing/plaf/windows/WindowsLookAndFeel$$Lambda+0x0000022a351e30a0
instanceKlass  @bci com/sun/java/swing/plaf/windows/WindowsLookAndFeel getLazyValueDefaults ()[Ljava/lang/Object; 832 <appendix> argL0 ; # com/sun/java/swing/plaf/windows/WindowsLookAndFeel$$Lambda+0x0000022a351e2e50
instanceKlass  @bci com/sun/java/swing/plaf/windows/WindowsLookAndFeel getLazyValueDefaults ()[Ljava/lang/Object; 827 <appendix> argL0 ; # com/sun/java/swing/plaf/windows/WindowsLookAndFeel$$Lambda+0x0000022a351e2c00
instanceKlass com/sun/java/swing/plaf/windows/WindowsLookAndFeel$2
instanceKlass  @bci com/sun/java/swing/plaf/windows/WindowsLookAndFeel getLazyValueDefaults ()[Ljava/lang/Object; 276 <appendix> argL0 ; # com/sun/java/swing/plaf/windows/WindowsLookAndFeel$$Lambda+0x0000022a351e2750
instanceKlass  @bci com/sun/java/swing/plaf/windows/WindowsLookAndFeel getLazyValueDefaults ()[Ljava/lang/Object; 269 <appendix> argL0 ; # com/sun/java/swing/plaf/windows/WindowsLookAndFeel$$Lambda+0x0000022a351e2500
instanceKlass  @bci com/sun/java/swing/plaf/windows/WindowsLookAndFeel getLazyValueDefaults ()[Ljava/lang/Object; 262 <appendix> argL0 ; # com/sun/java/swing/plaf/windows/WindowsLookAndFeel$$Lambda+0x0000022a351e22b0
instanceKlass  @bci com/sun/java/swing/plaf/windows/WindowsLookAndFeel getLazyValueDefaults ()[Ljava/lang/Object; 255 <appendix> argL0 ; # com/sun/java/swing/plaf/windows/WindowsLookAndFeel$$Lambda+0x0000022a351e2060
instanceKlass  @bci com/sun/java/swing/plaf/windows/WindowsLookAndFeel getLazyValueDefaults ()[Ljava/lang/Object; 248 <appendix> argL0 ; # com/sun/java/swing/plaf/windows/WindowsLookAndFeel$$Lambda+0x0000022a351e1e10
instanceKlass  @bci com/sun/java/swing/plaf/windows/WindowsLookAndFeel getLazyValueDefaults ()[Ljava/lang/Object; 241 <appendix> argL0 ; # com/sun/java/swing/plaf/windows/WindowsLookAndFeel$$Lambda+0x0000022a351e1bc0
instanceKlass  @bci com/sun/java/swing/plaf/windows/WindowsLookAndFeel getLazyValueDefaults ()[Ljava/lang/Object; 234 <appendix> argL0 ; # com/sun/java/swing/plaf/windows/WindowsLookAndFeel$$Lambda+0x0000022a351e1970
instanceKlass  @bci com/sun/java/swing/plaf/windows/WindowsLookAndFeel getLazyValueDefaults ()[Ljava/lang/Object; 227 <appendix> argL0 ; # com/sun/java/swing/plaf/windows/WindowsLookAndFeel$$Lambda+0x0000022a351e1720
instanceKlass  @bci com/sun/java/swing/plaf/windows/WindowsLookAndFeel getLazyValueDefaults ()[Ljava/lang/Object; 220 <appendix> argL0 ; # com/sun/java/swing/plaf/windows/WindowsLookAndFeel$$Lambda+0x0000022a351e14d0
instanceKlass  @bci com/sun/java/swing/plaf/windows/WindowsLookAndFeel getLazyValueDefaults ()[Ljava/lang/Object; 186 <appendix> argL0 ; # com/sun/java/swing/plaf/windows/WindowsLookAndFeel$$Lambda+0x0000022a351e1280
instanceKlass  @bci com/sun/java/swing/plaf/windows/WindowsLookAndFeel getLazyValueDefaults ()[Ljava/lang/Object; 179 <appendix> argL0 ; # com/sun/java/swing/plaf/windows/WindowsLookAndFeel$$Lambda+0x0000022a351e1030
instanceKlass  @bci com/sun/java/swing/plaf/windows/WindowsLookAndFeel getLazyValueDefaults ()[Ljava/lang/Object; 169 <appendix> argL0 ; # com/sun/java/swing/plaf/windows/WindowsLookAndFeel$$Lambda+0x0000022a351e0de0
instanceKlass  @bci com/sun/java/swing/plaf/windows/WindowsLookAndFeel getLazyValueDefaults ()[Ljava/lang/Object; 155 <appendix> argL0 ; # com/sun/java/swing/plaf/windows/WindowsLookAndFeel$$Lambda+0x0000022a351e0b90
instanceKlass  @bci com/sun/java/swing/plaf/windows/WindowsLookAndFeel getLazyValueDefaults ()[Ljava/lang/Object; 148 <appendix> argL0 ; # com/sun/java/swing/plaf/windows/WindowsLookAndFeel$$Lambda+0x0000022a351e0940
instanceKlass  @bci com/sun/java/swing/plaf/windows/WindowsLookAndFeel getLazyValueDefaults ()[Ljava/lang/Object; 141 <appendix> argL0 ; # com/sun/java/swing/plaf/windows/WindowsLookAndFeel$$Lambda+0x0000022a351e06f0
instanceKlass  @bci com/sun/java/swing/plaf/windows/WindowsLookAndFeel getLazyValueDefaults ()[Ljava/lang/Object; 134 <appendix> argL0 ; # com/sun/java/swing/plaf/windows/WindowsLookAndFeel$$Lambda+0x0000022a351e04a0
instanceKlass  @bci com/sun/java/swing/plaf/windows/WindowsLookAndFeel getLazyValueDefaults ()[Ljava/lang/Object; 127 <appendix> argL0 ; # com/sun/java/swing/plaf/windows/WindowsLookAndFeel$$Lambda+0x0000022a351e0250
instanceKlass  @bci com/sun/java/swing/plaf/windows/WindowsLookAndFeel getLazyValueDefaults ()[Ljava/lang/Object; 120 <appendix> argL0 ; # com/sun/java/swing/plaf/windows/WindowsLookAndFeel$$Lambda+0x0000022a351e0000
instanceKlass  @bci com/sun/java/swing/plaf/windows/WindowsLookAndFeel getLazyValueDefaults ()[Ljava/lang/Object; 23 <appendix> argL0 ; # com/sun/java/swing/plaf/windows/WindowsLookAndFeel$$Lambda+0x0000022a3517fcf0
instanceKlass  @bci com/sun/java/swing/plaf/windows/WindowsLookAndFeel getLazyValueDefaults ()[Ljava/lang/Object; 7 <appendix> argL0 ; # com/sun/java/swing/plaf/windows/WindowsLookAndFeel$$Lambda+0x0000022a3517faa0
instanceKlass com/sun/java/swing/plaf/windows/WindowsLookAndFeel$ActiveWindowsIcon
instanceKlass  @bci com/sun/java/swing/plaf/windows/WindowsLookAndFeel initComponentDefaults (Ljavax/swing/UIDefaults;)V 5280 <appendix> member <vmtarget> ; # com/sun/java/swing/plaf/windows/WindowsLookAndFeel$$Lambda+0x0000022a3517f370
instanceKlass com/sun/java/swing/plaf/windows/WindowsIconFactory$FrameButtonIcon
instanceKlass com/sun/java/swing/plaf/windows/WindowsIconFactory
instanceKlass  @bci com/sun/java/swing/plaf/windows/WindowsLookAndFeel initComponentDefaults (Ljavax/swing/UIDefaults;)V 4325 <appendix> argL0 ; # com/sun/java/swing/plaf/windows/WindowsLookAndFeel$$Lambda+0x0000022a3517ec68
instanceKlass com/sun/java/swing/plaf/windows/WindowsLookAndFeel$LazyWindowsIcon
instanceKlass com/sun/java/swing/plaf/windows/XPStyle$Skin
instanceKlass com/sun/java/swing/plaf/windows/WindowsLookAndFeel$XPColorValue$XPColorValueKey
instanceKlass com/sun/java/swing/plaf/windows/WindowsLookAndFeel$XPValue
instanceKlass sun/swing/plaf/DesktopProperty
instanceKlass com/sun/java/swing/plaf/windows/WindowsTreeUI$ExpandedIcon
instanceKlass  @bci com/sun/java/swing/plaf/windows/WindowsLookAndFeel initComponentDefaults (Ljavax/swing/UIDefaults;)V 29 <appendix> argL0 ; # com/sun/java/swing/plaf/windows/WindowsLookAndFeel$$Lambda+0x0000022a3517b7f8
instanceKlass  @bci com/sun/java/swing/plaf/windows/WindowsLookAndFeel initComponentDefaults (Ljavax/swing/UIDefaults;)V 22 <appendix> argL0 ; # com/sun/java/swing/plaf/windows/WindowsLookAndFeel$$Lambda+0x0000022a3517b5a8
instanceKlass  @bci com/sun/java/swing/plaf/windows/WindowsLookAndFeel initComponentDefaults (Ljavax/swing/UIDefaults;)V 16 <appendix> argL0 ; # com/sun/java/swing/plaf/windows/WindowsLookAndFeel$$Lambda+0x0000022a3517b358
instanceKlass  @bci com/sun/java/swing/plaf/windows/WindowsLookAndFeel initComponentDefaults (Ljavax/swing/UIDefaults;)V 10 <appendix> argL0 ; # com/sun/java/swing/plaf/windows/WindowsLookAndFeel$$Lambda+0x0000022a3517b108
# instanceKlass java/lang/invoke/LambdaForm$MH+0x0000022a351cf400
instanceKlass  @bci java/awt/SystemColor <clinit> ()V 643 <appendix> argL0 ; # java/awt/SystemColor$$Lambda+0x0000022a3517aeb8
instanceKlass sun/awt/AWTAccessor$SystemColorAccessor
instanceKlass com/sun/java/swing/plaf/windows/WindowsRootPaneUI$AltProcessor
instanceKlass javax/swing/plaf/ComponentUI
instanceKlass javax/swing/JComponent$2
instanceKlass javax/swing/JComponent$1
instanceKlass sun/swing/SwingAccessor$JComponentAccessor
instanceKlass java/awt/Container$1
instanceKlass sun/awt/AWTAccessor$ContainerAccessor
instanceKlass java/awt/LightweightDispatcher
instanceKlass java/awt/event/AWTEventListener
instanceKlass java/util/LinkedList$Node
instanceKlass javax/swing/UIManager$2
instanceKlass sun/awt/PaintEventDispatcher
instanceKlass javax/swing/RepaintManager$1
instanceKlass sun/swing/SwingAccessor$RepaintManagerAccessor
instanceKlass javax/swing/RepaintManager$DisplayChangedHandler
instanceKlass javax/swing/RepaintManager
instanceKlass javax/swing/UIManager$1
instanceKlass sun/swing/ImageCache
instanceKlass java/awt/image/MultiResolutionImage
instanceKlass sun/swing/CachedPainter
instanceKlass com/sun/java/swing/plaf/windows/XPStyle
instanceKlass sun/swing/DefaultLookup
instanceKlass javax/swing/UIManager$LAFState
instanceKlass javax/swing/UIManager$LookAndFeelInfo
instanceKlass javax/swing/UIManager
instanceKlass  @bci com/intellij/platform/ide/bootstrap/StartupErrorReporter jreDetails ()Ljava/lang/String; 52 <appendix> form vmentry <vmtarget> ; # java/lang/invoke/LambdaForm$MH+0x0000022a351cf000
# instanceKlass java/lang/invoke/LambdaForm$MH+0x0000022a351cec00
instanceKlass  @bci com/intellij/platform/ide/bootstrap/StartupErrorReporter jreDetails ()Ljava/lang/String; 52 <appendix> argL3 form vmentry <vmtarget> ; # java/lang/invoke/LambdaForm$MH+0x0000022a351ce800
# instanceKlass java/lang/invoke/LambdaForm$MH+0x0000022a351ce400
# instanceKlass java/lang/invoke/LambdaForm$MH+0x0000022a351ce000
# instanceKlass java/lang/invoke/LambdaForm$MH+0x0000022a351cdc00
# instanceKlass java/lang/invoke/LambdaForm$MH+0x0000022a351cd800
instanceKlass  @bci com/intellij/platform/ide/bootstrap/StartupErrorReporter jreDetails ()Ljava/lang/String; 52 <appendix> argL1 form vmentry <vmtarget> ; # java/lang/invoke/LambdaForm$MH+0x0000022a351cd400
# instanceKlass java/lang/invoke/LambdaForm$MH+0x0000022a351cd000
# instanceKlass java/lang/invoke/LambdaForm$MH+0x0000022a351ccc00
# instanceKlass java/lang/invoke/LambdaForm$MH+0x0000022a351cc800
instanceKlass java/awt/LayoutManager
instanceKlass java/awt/event/MouseListener
instanceKlass javax/swing/Icon
instanceKlass javax/swing/Scrollable
instanceKlass com/intellij/platform/ide/bootstrap/StartupErrorReporter
instanceKlass  @bci com/intellij/platform/ide/bootstrap/DirectoryLock cannotActivate (Ljava/lang/String;JLjava/util/List;)V 46 <appendix> member <vmtarget> ; # com/intellij/platform/ide/bootstrap/DirectoryLock$$Lambda+0x0000022a351cb610
instanceKlass java/text/FieldPosition$Delegate
instanceKlass java/text/Format$FieldDelegate
instanceKlass java/util/Date
instanceKlass com/intellij/util/text/OrdinalFormat
instanceKlass java/text/DigitList
instanceKlass fleet/fastutil/ints/IntEntry
instanceKlass fleet/kernel/rebase/InstructionsRecordingKt$instructionsRecording$1$SharedInstructionWithEffects
instanceKlass sun/util/resources/Bundles$CacheKeyReference
instanceKlass  @bci sun/util/cldr/CLDRLocaleProviderAdapter applyAliases (Ljava/util/Locale;)Ljava/util/Locale; 4 <appendix> argL0 ; # sun/util/cldr/CLDRLocaleProviderAdapter$$Lambda+0x8000000a4
instanceKlass sun/util/resources/Bundles$CacheKey
instanceKlass sun/util/resources/Bundles
instanceKlass sun/util/resources/LocaleData$LocaleDataStrategy
instanceKlass sun/util/resources/Bundles$Strategy
instanceKlass sun/util/resources/LocaleData$1
instanceKlass sun/util/resources/LocaleData
instanceKlass sun/util/locale/provider/LocaleResources
instanceKlass java/util/Locale$Builder
instanceKlass sun/util/locale/provider/CalendarDataUtility
instanceKlass sun/util/locale/provider/AvailableLanguageTags
instanceKlass  @bci sun/util/locale/provider/JRELocaleProviderAdapter getDecimalFormatSymbolsProvider ()Ljava/text/spi/DecimalFormatSymbolsProvider; 8 <appendix> member <vmtarget> ; # sun/util/locale/provider/JRELocaleProviderAdapter$$Lambda+0x8000000aa
instanceKlass sun/util/resources/cldr/provider/CLDRLocaleDataMetaInfo
instanceKlass  @bci sun/util/cldr/CLDRLocaleProviderAdapter <init> ()V 4 <appendix> argL0 ; # sun/util/cldr/CLDRLocaleProviderAdapter$$Lambda+0x8000000a5
instanceKlass sun/util/locale/InternalLocaleBuilder$CaseInsensitiveChar
instanceKlass sun/util/locale/InternalLocaleBuilder
instanceKlass sun/util/locale/StringTokenIterator
instanceKlass sun/util/locale/ParseStatus
instanceKlass sun/util/locale/LanguageTag
instanceKlass sun/util/cldr/CLDRBaseLocaleDataMetaInfo
instanceKlass sun/util/locale/provider/LocaleDataMetaInfo
instanceKlass sun/util/locale/provider/ResourceBundleBasedAdapter
instanceKlass sun/util/locale/provider/LocaleProviderAdapter
instanceKlass java/util/spi/LocaleServiceProvider
instanceKlass java/text/DecimalFormatSymbols
instanceKlass java/text/FieldPosition
instanceKlass java/text/Format
instanceKlass com/intellij/BundleBase
instanceKlass com/intellij/BundleBaseKt
instanceKlass  @bci java/util/function/BinaryOperator minBy (Ljava/util/Comparator;)Ljava/util/function/BinaryOperator; 6 <appendix> member <vmtarget> ; # java/util/function/BinaryOperator$$Lambda+0x0000022a3516b2d8
instanceKlass  @bci java/util/Map$Entry comparingByKey ()Ljava/util/Comparator; 0 <appendix> argL0 ; # java/util/Map$Entry$$Lambda+0x0000022a3516b010
instanceKlass java/util/HashMap$HashMapSpliterator
instanceKlass kotlin/collections/AbstractList$IteratorImpl
instanceKlass com/intellij/AbstractBundleKt
# instanceKlass java/lang/invoke/LambdaForm$MH+0x0000022a351cc400
# instanceKlass java/lang/invoke/LambdaForm$MH+0x0000022a351cc000
instanceKlass com/intellij/DynamicBundle$DynamicBundleInternal
instanceKlass com/intellij/l10n/LocalizationOrder$Companion
instanceKlass kotlin/io/CloseableKt
instanceKlass kotlin/jvm/internal/CollectionToArray
instanceKlass com/intellij/openapi/util/io/NullAppendable
instanceKlass  @bci com/intellij/DynamicBundle lambda$findBundle$2 (Ljava/lang/ClassLoader;Ljava/lang/String;Ljava/util/ResourceBundle$Control;Ljava/lang/String;)Ljava/util/ResourceBundle; 12 <appendix> member <vmtarget> ; # com/intellij/DynamicBundle$$Lambda+0x0000022a351c8230
instanceKlass com/intellij/l10n/LocalizationStateService
instanceKlass  @bci com/intellij/DynamicBundle findBundle (Ljava/lang/String;Ljava/lang/ClassLoader;Ljava/util/ResourceBundle$Control;)Ljava/util/ResourceBundle; 58 <appendix> member <vmtarget> ; # com/intellij/DynamicBundle$$Lambda+0x0000022a351c6c00
instanceKlass  @bci com/intellij/DynamicBundle findBundle (Ljava/lang/String;Ljava/lang/ClassLoader;Ljava/util/ResourceBundle$Control;)Ljava/util/ResourceBundle; 40 <appendix> argL0 ; # com/intellij/DynamicBundle$$Lambda+0x0000022a351c74c0
instanceKlass  @bci com/intellij/AbstractBundle getResourceBundle (Ljava/lang/ClassLoader;)Ljava/util/ResourceBundle; 40 <appendix> argL0 ; # com/intellij/AbstractBundle$$Lambda+0x0000022a351c7000
instanceKlass  @bci com/intellij/AbstractBundle getResourceBundle (Ljava/lang/ClassLoader;)Ljava/util/ResourceBundle; 35 <appendix> member <vmtarget> ; # com/intellij/AbstractBundle$$Lambda+0x0000022a351b7c80
instanceKlass  @bci com/intellij/util/DefaultBundleService <clinit> ()V 10 <appendix> argL0 ; # com/intellij/util/DefaultBundleService$$Lambda+0x0000022a351b7a30
instanceKlass com/intellij/util/DefaultBundleService
instanceKlass com/intellij/util/containers/ConcurrentRefValueHashMap$ValueReference
instanceKlass com/intellij/util/containers/ConcurrentRefValueHashMap
instanceKlass com/intellij/AbstractBundle$Companion
instanceKlass com/intellij/AbstractBundle
instanceKlass com/intellij/ide/BootstrapBundle
instanceKlass  @bci sun/tools/attach/VirtualMachineImpl execute (Ljava/lang/String;[Ljava/lang/Object;)Ljava/io/InputStream; 46 <appendix> form vmentry <vmtarget> ; # java/lang/invoke/LambdaForm$MH+0x0000022a351c6800
# instanceKlass java/lang/invoke/LambdaForm$MH+0x0000022a351c6400
instanceKlass  @bci sun/tools/attach/VirtualMachineImpl execute (Ljava/lang/String;[Ljava/lang/Object;)Ljava/io/InputStream; 46 <appendix> argL3 form vmentry <vmtarget> ; # java/lang/invoke/LambdaForm$MH+0x0000022a351c6000
# instanceKlass java/lang/invoke/LambdaForm$MH+0x0000022a351c5c00
# instanceKlass java/lang/invoke/LambdaForm$MH+0x0000022a351c5800
# instanceKlass java/lang/invoke/LambdaForm$MH+0x0000022a351c5400
# instanceKlass java/lang/invoke/LambdaForm$MH+0x0000022a351c5000
instanceKlass  @bci sun/tools/attach/VirtualMachineImpl execute (Ljava/lang/String;[Ljava/lang/Object;)Ljava/io/InputStream; 46 <appendix> argL1 form vmentry <vmtarget> ; # java/lang/invoke/LambdaForm$MH+0x0000022a351c4c00
# instanceKlass java/lang/invoke/LambdaForm$MH+0x0000022a351c4800
# instanceKlass java/lang/invoke/LambdaForm$MH+0x0000022a351c4400
# instanceKlass java/lang/invoke/LambdaForm$MH+0x0000022a351c4000
instanceKlass  @bci sun/tools/attach/HotSpotVirtualMachine pid ()J 0 <appendix> argL0 ; # sun/tools/attach/HotSpotVirtualMachine$$Lambda+0x0000022a351c3338
instanceKlass sun/jvmstat/perfdata/monitor/AliasFileParser$Token
instanceKlass sun/net/www/MessageHeader
instanceKlass  @bci sun/net/www/protocol/jrt/JavaRuntimeURLConnection <clinit> ()V 0 <appendix> argL0 ; # sun/net/www/protocol/jrt/JavaRuntimeURLConnection$$Lambda+0x800000099
instanceKlass sun/jvmstat/perfdata/monitor/AliasFileParser
instanceKlass sun/jvmstat/monitor/ByteArrayMonitor
instanceKlass sun/jvmstat/monitor/StringMonitor
instanceKlass sun/jvmstat/perfdata/monitor/v2_0/TypeCode
instanceKlass sun/jvmstat/monitor/LongMonitor
instanceKlass sun/jvmstat/monitor/Variability
instanceKlass sun/jvmstat/monitor/Units
instanceKlass sun/jvmstat/monitor/AbstractMonitor
instanceKlass sun/jvmstat/monitor/IntegerMonitor
instanceKlass sun/jvmstat/monitor/MonitoredVmUtil
# instanceKlass java/lang/invoke/LambdaForm$MH+0x0000022a351bb400
# instanceKlass java/lang/invoke/LambdaForm$MH+0x0000022a351bb000
instanceKlass sun/jvmstat/monitor/Monitor
instanceKlass sun/jvmstat/perfdata/monitor/PerfDataBufferImpl
instanceKlass sun/jvmstat/perfdata/monitor/AbstractPerfDataBufferPrologue
instanceKlass jdk/internal/perf/Perf$CleanerAction
instanceKlass sun/jvmstat/perfdata/monitor/AbstractPerfDataBuffer
instanceKlass sun/jvmstat/perfdata/monitor/AbstractMonitoredVm
instanceKlass sun/jvmstat/monitor/BufferedMonitoredVm
instanceKlass sun/jvmstat/perfdata/monitor/protocol/local/LocalVmManager$2
instanceKlass sun/jvmstat/perfdata/monitor/protocol/local/LocalVmManager$1
instanceKlass  @bci java/util/regex/CharPredicates ASCII_SPACE ()Ljava/util/regex/Pattern$BmpCharPredicate; 0 <appendix> argL0 ; # java/util/regex/CharPredicates$$Lambda+0x80000004c
instanceKlass sun/jvmstat/perfdata/monitor/protocol/local/LocalVmManager
instanceKlass sun/jvmstat/monitor/MonitoredVm
instanceKlass kotlinx/serialization/internal/LongSerializer
instanceKlass kotlin/jvm/internal/LongCompanionObject
instanceKlass com/jetbrains/rhizomedb/EntityTypeKt
instanceKlass java/util/concurrent/atomic/AtomicLongArray
instanceKlass java/util/concurrent/atomic/AtomicIntegerArray
instanceKlass java/util/Timer
instanceKlass java/util/TimerTask
instanceKlass sun/jvmstat/perfdata/monitor/protocol/local/MonitoredHostLocalService
instanceKlass sun/jvmstat/perfdata/monitor/protocol/file/MonitoredHostFileService
instanceKlass sun/jvmstat/monitor/MonitoredHostService
instanceKlass sun/jvmstat/monitor/HostIdentifier
instanceKlass sun/jvmstat/monitor/MonitoredHost
instanceKlass kotlin/reflect/jvm/internal/impl/name/SpecialNames
instanceKlass kotlin/reflect/jvm/internal/impl/builtins/CompanionObjectMapping
instanceKlass sun/jvmstat/monitor/VmIdentifier
instanceKlass java/util/jar/Attributes
instanceKlass sun/security/action/GetIntegerAction
instanceKlass sun/security/util/SignatureFileVerifier
instanceKlass com/sun/tools/attach/spi/AttachProvider
instanceKlass com/sun/tools/attach/VirtualMachine
instanceKlass  @bci com/intellij/platform/ide/bootstrap/DirectoryLock lambda$lockOrActivate$1 (Ljava/lang/ProcessHandle;)Ljava/lang/String; 34 <adapter> ; # java/lang/invoke/LambdaForm$MH+0x0000022a351bac00
# instanceKlass java/lang/invoke/LambdaForm$DMH+0x0000022a351ba800
instanceKlass  @bci com/intellij/platform/ide/bootstrap/DirectoryLock lambda$lockOrActivate$1 (Ljava/lang/ProcessHandle;)Ljava/lang/String; 34 <appendix> form vmentry <vmtarget> ; # java/lang/invoke/LambdaForm$MH+0x0000022a351ba400
# instanceKlass java/lang/invoke/LambdaForm$MH+0x0000022a351ba000
instanceKlass  @bci com/intellij/platform/ide/bootstrap/DirectoryLock lambda$lockOrActivate$1 (Ljava/lang/ProcessHandle;)Ljava/lang/String; 34 <appendix> argL3 form vmentry <vmtarget> ; # java/lang/invoke/LambdaForm$MH+0x0000022a351b9c00
# instanceKlass java/lang/invoke/LambdaForm$MH+0x0000022a351b9800
# instanceKlass java/lang/invoke/LambdaForm$MH+0x0000022a351b9400
# instanceKlass java/lang/invoke/LambdaForm$MH+0x0000022a351b9000
# instanceKlass java/lang/invoke/LambdaForm$MH+0x0000022a351b8c00
instanceKlass  @bci com/intellij/platform/ide/bootstrap/DirectoryLock lambda$lockOrActivate$1 (Ljava/lang/ProcessHandle;)Ljava/lang/String; 34 <appendix> form names 12 function resolvedHandle form vmentry <vmtarget> ; # java/lang/invoke/LambdaForm$DMH+0x0000022a351b8800
instanceKlass  @bci com/intellij/platform/ide/bootstrap/DirectoryLock lambda$lockOrActivate$1 (Ljava/lang/ProcessHandle;)Ljava/lang/String; 34 <appendix> argL1 form vmentry <vmtarget> ; # java/lang/invoke/LambdaForm$MH+0x0000022a351b8400
# instanceKlass java/lang/invoke/LambdaForm$MH+0x0000022a351b8000
# instanceKlass java/lang/invoke/LambdaForm$MH+0x0000022a351b3c00
# instanceKlass java/lang/invoke/LambdaForm$MH+0x0000022a351b3800
instanceKlass  @bci java/util/stream/Collectors joining ()Ljava/util/stream/Collector; 19 <appendix> argL0 ; # java/util/stream/Collectors$$Lambda+0x0000022a3516a790
instanceKlass  @bci java/util/stream/Collectors joining ()Ljava/util/stream/Collector; 14 <appendix> argL0 ; # java/util/stream/Collectors$$Lambda+0x0000022a3516a518
instanceKlass  @bci java/util/stream/Collectors joining ()Ljava/util/stream/Collector; 9 <appendix> argL0 ; # java/util/stream/Collectors$$Lambda+0x0000022a3516a2b8
instanceKlass  @bci java/util/stream/Collectors joining ()Ljava/util/stream/Collector; 4 <appendix> argL0 ; # java/util/stream/Collectors$$Lambda+0x0000022a3516a068
instanceKlass  @bci com/intellij/platform/ide/bootstrap/DirectoryLock lockOrActivate (Ljava/nio/file/Path;Ljava/util/List;)Lcom/intellij/ide/CliResult; 421 <appendix> argL0 ; # com/intellij/platform/ide/bootstrap/DirectoryLock$$Lambda+0x0000022a351b46a8
instanceKlass java/util/AbstractList$RandomAccessSpliterator
instanceKlass kotlin/reflect/jvm/internal/impl/name/FqNamesUtilKt
instanceKlass kotlin/reflect/jvm/internal/impl/utils/CollectionsKt
instanceKlass kotlin/reflect/jvm/internal/impl/builtins/PrimitiveType$Companion
instanceKlass kotlin/reflect/jvm/internal/impl/builtins/PrimitiveType$$Lambda$1
instanceKlass kotlin/reflect/jvm/internal/impl/builtins/PrimitiveType$$Lambda$0
instanceKlass java/util/stream/Sink$ChainedInt
instanceKlass java/util/stream/Sink$OfInt
instanceKlass java/util/function/IntConsumer
instanceKlass java/util/stream/Node$Builder
instanceKlass java/util/stream/AbstractSpinedBuffer
instanceKlass java/util/stream/Node$OfDouble
instanceKlass java/util/stream/Node$OfLong
instanceKlass java/util/stream/Node$OfInt
instanceKlass java/util/stream/Node$OfPrimitive
instanceKlass java/util/stream/Nodes$EmptyNode
instanceKlass java/util/stream/Node
instanceKlass java/util/stream/Nodes
instanceKlass  @bci java/util/stream/ReferencePipeline toArray ()[Ljava/lang/Object; 1 <appendix> argL0 ; # java/util/stream/ReferencePipeline$$Lambda+0x800000078
instanceKlass java/util/ImmutableCollections$Access$1
instanceKlass jdk/internal/access/JavaUtilCollectionAccess
instanceKlass java/util/ImmutableCollections$Access
instanceKlass  @bci com/intellij/platform/ide/bootstrap/DirectoryLock lockOrActivate (Ljava/nio/file/Path;Ljava/util/List;)Lcom/intellij/ide/CliResult; 384 <appendix> member <vmtarget> ; # com/intellij/platform/ide/bootstrap/DirectoryLock$$Lambda+0x0000022a351af308
instanceKlass  @cpi com/intellij/platform/ide/bootstrap/DirectoryLock 1004 form vmentry <vmtarget> ; # java/lang/invoke/LambdaForm$DMH+0x0000022a351b3400
instanceKlass  @bci java/lang/ProcessHandleImpl children (J)Ljava/util/stream/Stream; 82 <appendix> member <vmtarget> ; # java/lang/ProcessHandleImpl$$Lambda+0x0000022a35169e10
instanceKlass java/util/stream/Streams$RangeIntSpliterator
instanceKlass java/util/stream/IntStream
instanceKlass com/intellij/util/TimeoutUtil
instanceKlass  @bci com/intellij/platform/ide/bootstrap/DirectoryLock lockOrActivate (Ljava/nio/file/Path;Ljava/util/List;)Lcom/intellij/ide/CliResult; 236 <appendix> form vmentry <vmtarget> ; # java/lang/invoke/LambdaForm$MH+0x0000022a351b3000
# instanceKlass java/lang/invoke/LambdaForm$MH+0x0000022a351b2c00
instanceKlass  @bci com/intellij/platform/ide/bootstrap/DirectoryLock lockOrActivate (Ljava/nio/file/Path;Ljava/util/List;)Lcom/intellij/ide/CliResult; 236 <appendix> argL3 form vmentry <vmtarget> ; # java/lang/invoke/LambdaForm$MH+0x0000022a351b2800
# instanceKlass java/lang/invoke/LambdaForm$MH+0x0000022a351b2400
# instanceKlass java/lang/invoke/LambdaForm$MH+0x0000022a351b2000
# instanceKlass java/lang/invoke/LambdaForm$MH+0x0000022a351b1c00
# instanceKlass java/lang/invoke/LambdaForm$MH+0x0000022a351b1800
instanceKlass  @bci com/intellij/platform/ide/bootstrap/DirectoryLock lambda$lockOrActivate$1 (Ljava/lang/ProcessHandle;)Ljava/lang/String; 34 <appendix> argL1 argL0 form vmentry <vmtarget> ; # java/lang/invoke/LambdaForm$MH+0x0000022a351b1400
# instanceKlass java/lang/invoke/LambdaForm$MH+0x0000022a351b1000
# instanceKlass java/lang/invoke/LambdaForm$MH+0x0000022a351b0c00
# instanceKlass java/lang/invoke/LambdaForm$MH+0x0000022a351b0800
instanceKlass  @bci com/intellij/platform/ide/bootstrap/DirectoryLock lockOrActivate (Ljava/nio/file/Path;Ljava/util/List;)Lcom/intellij/ide/CliResult; 210 <appendix> argL0 ; # com/intellij/platform/ide/bootstrap/DirectoryLock$$Lambda+0x0000022a351aee60
instanceKlass  @bci com/intellij/platform/ide/bootstrap/DirectoryLock lockOrActivate (Ljava/nio/file/Path;Ljava/util/List;)Lcom/intellij/ide/CliResult; 202 <appendix> argL0 ; # com/intellij/platform/ide/bootstrap/DirectoryLock$$Lambda+0x0000022a351aebf0
instanceKlass sun/net/util/SocketExceptions
instanceKlass java/lang/invoke/ConstantBootstraps
instanceKlass java/nio/channels/SelectionKey
instanceKlass java/nio/BufferMismatch
instanceKlass jdk/net/ExtendedSocketOptions$2
instanceKlass jdk/net/ExtendedSocketOptions$PlatformSocketOptions
instanceKlass jdk/net/ExtendedSocketOptions$ExtSocketOption
instanceKlass java/net/SocketOption
instanceKlass jdk/net/ExtendedSocketOptions
instanceKlass sun/net/ext/ExtendedSocketOptions
instanceKlass sun/nio/ch/Net$1
instanceKlass sun/nio/ch/Net
instanceKlass sun/security/provider/AbstractDrbg$NonceProvider
instanceKlass  @bci sun/security/provider/AbstractDrbg$SeederHolder <clinit> ()V 42 <appendix> member <vmtarget> ; # sun/security/provider/AbstractDrbg$SeederHolder$$Lambda+0x0000022a35166bd0
instanceKlass  @cpi sun/security/provider/AbstractDrbg$SeederHolder 91 form vmentry <vmtarget> ; # java/lang/invoke/LambdaForm$DMH+0x0000022a351b0400
# instanceKlass java/lang/invoke/LambdaForm$DMH+0x0000022a351b0000
instanceKlass java/nio/file/Files$AcceptAllFilter
instanceKlass java/net/NetworkInterface$1
instanceKlass kotlin/reflect/jvm/internal/impl/builtins/StandardNames$FqNames
instanceKlass kotlin/reflect/jvm/internal/impl/builtins/jvm/JavaToKotlinClassMap$PlatformMutabilityMapping
instanceKlass kotlin/reflect/jvm/internal/impl/name/StandardClassIdsKt
instanceKlass kotlin/reflect/jvm/internal/impl/name/StandardClassIds
instanceKlass kotlin/reflect/jvm/internal/impl/builtins/StandardNames
instanceKlass kotlin/reflect/jvm/internal/impl/builtins/functions/FunctionTypeKind
instanceKlass kotlin/reflect/jvm/internal/impl/builtins/jvm/JavaToKotlinClassMap
instanceKlass jdk/internal/misc/PreviewFeatures
instanceKlass kotlin/jvm/functions/Function22
instanceKlass kotlin/jvm/functions/Function21
instanceKlass kotlin/jvm/functions/Function20
instanceKlass kotlin/jvm/functions/Function19
instanceKlass kotlin/jvm/functions/Function18
instanceKlass kotlin/jvm/functions/Function17
instanceKlass kotlin/jvm/functions/Function16
instanceKlass kotlin/jvm/functions/Function15
instanceKlass kotlin/jvm/functions/Function14
instanceKlass kotlin/jvm/functions/Function13
instanceKlass kotlin/jvm/functions/Function12
instanceKlass kotlin/jvm/functions/Function11
instanceKlass kotlin/jvm/functions/Function10
instanceKlass kotlin/jvm/functions/Function9
instanceKlass kotlin/jvm/functions/Function8
instanceKlass kotlin/jvm/functions/Function7
instanceKlass kotlin/jvm/functions/Function6
instanceKlass kotlin/jvm/functions/Function5
instanceKlass kotlin/jvm/functions/Function4
instanceKlass kotlin/reflect/jvm/internal/impl/descriptors/runtime/structure/ReflectClassUtilKt
instanceKlass kotlin/reflect/jvm/internal/RuntimeTypeMapper
instanceKlass kotlin/reflect/jvm/internal/KClassImpl$Data$$Lambda$18
instanceKlass kotlin/reflect/jvm/internal/KClassImpl$Data$$Lambda$17
instanceKlass kotlin/reflect/jvm/internal/KClassImpl$Data$$Lambda$16
instanceKlass kotlin/reflect/jvm/internal/KClassImpl$Data$$Lambda$15
instanceKlass kotlin/reflect/jvm/internal/KClassImpl$Data$$Lambda$14
instanceKlass kotlin/reflect/jvm/internal/KClassImpl$Data$$Lambda$13
instanceKlass kotlin/reflect/jvm/internal/KClassImpl$Data$$Lambda$12
instanceKlass kotlin/reflect/jvm/internal/KClassImpl$Data$$Lambda$11
instanceKlass kotlin/reflect/jvm/internal/KClassImpl$Data$$Lambda$10
instanceKlass kotlin/reflect/jvm/internal/KClassImpl$Data$$Lambda$9
instanceKlass kotlin/reflect/jvm/internal/KClassImpl$Data$$Lambda$8
instanceKlass kotlin/reflect/jvm/internal/KClassImpl$Data$$Lambda$7
instanceKlass kotlin/reflect/jvm/internal/KClassImpl$Data$$Lambda$6
instanceKlass kotlin/reflect/jvm/internal/KClassImpl$Data$$Lambda$5
instanceKlass kotlin/reflect/jvm/internal/KClassImpl$Data$$Lambda$4
instanceKlass kotlin/reflect/jvm/internal/KClassImpl$Data$$Lambda$3
instanceKlass kotlin/reflect/jvm/internal/KClassImpl$Data$$Lambda$2
instanceKlass kotlin/reflect/jvm/internal/KClassImpl$Data$$Lambda$1
instanceKlass kotlin/reflect/jvm/internal/KClassImpl$Data$$Lambda$0
instanceKlass kotlin/reflect/jvm/internal/KDeclarationContainerImpl$Data$$Lambda$0
instanceKlass kotlin/reflect/jvm/internal/KProperty1Impl$$Lambda$1
instanceKlass kotlin/reflect/jvm/internal/KProperty1Impl$$Lambda$0
instanceKlass kotlin/reflect/jvm/internal/KPropertyImpl$$Lambda$1
instanceKlass kotlin/reflect/jvm/internal/KPropertyImpl$$Lambda$0
instanceKlass kotlin/reflect/jvm/internal/KCallableImpl$$Lambda$6
instanceKlass kotlin/reflect/jvm/internal/KCallableImpl$$Lambda$5
instanceKlass kotlin/reflect/jvm/internal/KCallableImpl$$Lambda$4
instanceKlass kotlin/reflect/jvm/internal/KCallableImpl$$Lambda$3
instanceKlass kotlin/reflect/jvm/internal/KCallableImpl$$Lambda$2
instanceKlass kotlin/reflect/jvm/internal/KCallableImpl$$Lambda$1
instanceKlass kotlin/reflect/jvm/internal/ReflectProperties$Val$1
instanceKlass kotlin/reflect/jvm/internal/ReflectProperties$Val
instanceKlass kotlin/reflect/jvm/internal/ReflectProperties
instanceKlass kotlin/reflect/jvm/internal/KCallableImpl$$Lambda$0
instanceKlass kotlin/reflect/jvm/internal/KPropertyImpl$Companion
instanceKlass sun/security/util/ArrayUtil
instanceKlass sun/security/jca/JCAUtil
instanceKlass javax/crypto/spec/IvParameterSpec
instanceKlass  @bci com/sun/crypto/provider/DESKey <init> ([BI)V 65 <appendix> member <vmtarget> ; # com/sun/crypto/provider/DESKey$$Lambda+0x0000022a35166300
instanceKlass javax/crypto/KeyGeneratorSpi
instanceKlass com/sun/crypto/provider/DESKey
instanceKlass javax/crypto/SecretKey
instanceKlass javax/security/auth/Destroyable
instanceKlass javax/crypto/spec/DESKeySpec
instanceKlass javax/crypto/SecretKeyFactorySpi
instanceKlass javax/crypto/SecretKeyFactory
instanceKlass kotlin/reflect/jvm/internal/KCallableImpl
instanceKlass kotlin/reflect/KProperty$Getter
instanceKlass kotlin/reflect/KProperty$Accessor
instanceKlass kotlin/reflect/jvm/internal/KDeclarationContainerImpl$Data
instanceKlass fleet/kernel/DbTimestamp
instanceKlass com/jetbrains/rhizomedb/DBUtilKt$withDefaultPart$1$1
instanceKlass fleet/kernel/rebase/SafetyNetKt
instanceKlass fleet/kernel/rebase/InstructionsRecordingKt$instructionsRecording$1$1
instanceKlass fleet/kernel/rebase/InstructionsRecordingKt
instanceKlass fleet/kernel/StorageKey$$serializer
instanceKlass fleet/kernel/StorageKey$Companion
instanceKlass fleet/kernel/StorageKey
instanceKlass  @bci fleet/kernel/Durable <clinit> ()V 24 <appendix> argL0 ; # fleet/kernel/Durable$$Lambda+0x0000022a351a03e8
instanceKlass com/jetbrains/rhizomedb/DefaultValue
instanceKlass fleet/util/serialization/DataSerializer
instanceKlass fleet/kernel/DurableEntityKt
instanceKlass fleet/kernel/rebase/LeaderTransactorMiddleware$performChange$1$1
instanceKlass fleet/kernel/Shared$Companion
instanceKlass fleet/kernel/Shared
instanceKlass fleet/kernel/SharedChangeScope
instanceKlass fleet/util/openmap/PersistentBoundedOpenMap
instanceKlass fleet/util/openmap/BoundedOpenMap$Companion
instanceKlass com/jetbrains/rhizomedb/Change
instanceKlass kotlin/collections/ArrayAsCollection
instanceKlass kotlinx/collections/immutable/implementations/immutableSet/TrieNodeIterator
instanceKlass kotlinx/collections/immutable/implementations/immutableSet/PersistentHashSetIterator
instanceKlass kotlinx/collections/immutable/implementations/immutableSet/TrieNodeKt
instanceKlass kotlinx/collections/immutable/PersistentSet$Builder
instanceKlass kotlinx/collections/immutable/PersistentCollection$Builder
instanceKlass kotlinx/collections/immutable/implementations/immutableSet/TrieNode$Companion
instanceKlass kotlinx/collections/immutable/implementations/immutableSet/TrieNode
instanceKlass kotlinx/collections/immutable/implementations/immutableSet/PersistentHashSet$Companion
instanceKlass kotlin/collections/AbstractSet$Companion
instanceKlass kotlinx/collections/immutable/PersistentSet
instanceKlass kotlinx/collections/immutable/PersistentCollection
instanceKlass kotlinx/collections/immutable/ImmutableSet
instanceKlass com/jetbrains/rhizomedb/SetWithEditor
instanceKlass com/jetbrains/rhizomedb/impl/AEVT$RemovalResult
instanceKlass kotlinx/serialization/json/JsonElement
instanceKlass fleet/util/reducible/ReduceDecision$Companion
instanceKlass fleet/util/reducible/ReduceDecision
instanceKlass fleet/fastutil/ints/IntListExtensionsKt
instanceKlass com/intellij/platform/rpc/logger/IjLogger
instanceKlass fleet/util/logging/KLogger
instanceKlass fleet/util/logging/BaseLogger
instanceKlass com/intellij/platform/rpc/logger/IjLoggerFactory
instanceKlass fleet/util/logging/KLoggerFactory
instanceKlass fleet/util/logging/KLoggers_jvmKt
instanceKlass fleet/util/logging/KLoggersKt
instanceKlass fleet/util/logging/KLoggers
instanceKlass com/jetbrains/rhizomedb/MapAttribute$Companion
instanceKlass com/jetbrains/rhizomedb/Pattern$Companion
instanceKlass com/jetbrains/rhizomedb/Pattern
instanceKlass com/jetbrains/rhizomedb/Novelty$iterator$1$WhenMappings
instanceKlass kotlinx/collections/immutable/implementations/immutableMap/MapEntry
instanceKlass kotlin/jvm/internal/markers/KMutableMap$Entry
instanceKlass kotlinx/collections/immutable/internal/CommonFunctionsKt
instanceKlass kotlinx/collections/immutable/implementations/immutableMap/PersistentHashMapBaseIterator
instanceKlass kotlinx/collections/immutable/implementations/immutableMap/TrieNodeBaseIterator
instanceKlass kotlinx/collections/immutable/implementations/immutableMap/PersistentHashMapBuilderEntriesIterator
instanceKlass com/sun/crypto/provider/PKCS5Padding
instanceKlass com/sun/crypto/provider/Padding
instanceKlass com/sun/crypto/provider/FeedbackCipher
instanceKlass com/sun/crypto/provider/DESConstants
instanceKlass com/sun/crypto/provider/SymmetricCipher
instanceKlass com/sun/crypto/provider/CipherCore
instanceKlass javax/crypto/CipherSpi
instanceKlass javax/crypto/ProviderVerifier
instanceKlass java/lang/Class$Holder
instanceKlass javax/crypto/JceSecurity$3
instanceKlass javax/crypto/JceSecurity$2
instanceKlass java/net/spi/URLStreamHandlerProvider
instanceKlass java/net/URL$1
instanceKlass java/net/URL$2
instanceKlass jdk/internal/misc/ThreadTracker
instanceKlass java/net/URL$ThreadTrackHolder
instanceKlass java/util/Vector$Itr
instanceKlass javax/crypto/CryptoPolicyParser$CryptoPermissionEntry
instanceKlass javax/crypto/CryptoPolicyParser$GrantEntry
instanceKlass java/io/StreamTokenizer
instanceKlass javax/crypto/CryptoPolicyParser
instanceKlass java/nio/file/Files$1
instanceKlass sun/nio/fs/WindowsFileSystem$2
instanceKlass java/nio/file/PathMatcher
instanceKlass sun/nio/fs/Globs
instanceKlass sun/nio/fs/WindowsFileSystemProvider$1
instanceKlass javax/crypto/JceSecurity$1
instanceKlass javax/crypto/JceSecurity
instanceKlass sun/security/jca/ProviderList$ServiceList$1
instanceKlass sun/security/jca/ServiceId
instanceKlass javax/crypto/Cipher$Transform
instanceKlass javax/crypto/Cipher
instanceKlass javax/swing/text/StyleContext$SmallAttributeSet
instanceKlass javax/swing/text/StyleContext$NamedStyle
instanceKlass javax/swing/text/Style
instanceKlass javax/swing/text/SimpleAttributeSet$EmptyAttributeSet
instanceKlass javax/swing/text/SimpleAttributeSet
instanceKlass javax/swing/text/MutableAttributeSet
instanceKlass javax/swing/text/AttributeSet
instanceKlass javax/swing/text/StyleContext$FontKey
instanceKlass javax/swing/text/AttributeSet$ParagraphAttribute
instanceKlass javax/swing/text/AttributeSet$ColorAttribute
instanceKlass javax/swing/text/AttributeSet$FontAttribute
instanceKlass javax/swing/text/AttributeSet$CharacterAttribute
instanceKlass javax/swing/text/StyleConstants
instanceKlass javax/swing/text/StyleContext
instanceKlass javax/swing/text/AbstractDocument$AttributeContext
instanceKlass javax/swing/plaf/metal/DefaultMetalTheme$FontDelegate$1
instanceKlass  @bci com/intellij/ide/ui/laf/IdeaLaf initComponentDefaults (Ljavax/swing/UIDefaults;)V 27 <appendix> member <vmtarget> ; # com/intellij/ide/ui/laf/IdeaLaf$$Lambda+0x0000022a35192c08
instanceKlass  @bci com/intellij/ide/ui/laf/IdeaLafKt initIdeaDefaults (Ljavax/swing/UIDefaults;)V 369 <appendix> argL0 ; # com/intellij/ide/ui/laf/IdeaLafKt$$Lambda+0x0000022a351929b8
instanceKlass  @bci com/intellij/ide/ui/laf/IdeaLafKt initIdeaDefaults (Ljavax/swing/UIDefaults;)V 357 <appendix> argL0 ; # com/intellij/ide/ui/laf/IdeaLafKt$$Lambda+0x0000022a35192768
instanceKlass  @bci com/intellij/ide/ui/laf/IdeaLafKt initIdeaDefaults (Ljavax/swing/UIDefaults;)V 345 <appendix> argL0 ; # com/intellij/ide/ui/laf/IdeaLafKt$$Lambda+0x0000022a35192518
instanceKlass  @bci com/intellij/ide/ui/laf/IdeaLafKt initIdeaDefaults (Ljavax/swing/UIDefaults;)V 333 <appendix> argL0 ; # com/intellij/ide/ui/laf/IdeaLafKt$$Lambda+0x0000022a351922c8
instanceKlass  @bci com/intellij/ide/ui/laf/IdeaLafKt initIdeaDefaults (Ljavax/swing/UIDefaults;)V 321 <appendix> argL0 ; # com/intellij/ide/ui/laf/IdeaLafKt$$Lambda+0x0000022a35192078
instanceKlass  @bci com/intellij/ide/ui/laf/IdeaLafKt initIdeaDefaults (Ljavax/swing/UIDefaults;)V 309 <appendix> argL0 ; # com/intellij/ide/ui/laf/IdeaLafKt$$Lambda+0x0000022a35191e28
instanceKlass  @bci com/intellij/ide/ui/laf/IdeaLafKt initIdeaDefaults (Ljavax/swing/UIDefaults;)V 297 <appendix> argL0 ; # com/intellij/ide/ui/laf/IdeaLafKt$$Lambda+0x0000022a35191bd8
instanceKlass  @bci com/intellij/ide/ui/laf/IdeaLafKt initIdeaDefaults (Ljavax/swing/UIDefaults;)V 285 <appendix> argL0 ; # com/intellij/ide/ui/laf/IdeaLafKt$$Lambda+0x0000022a35191988
instanceKlass  @bci com/intellij/ide/ui/laf/IdeaLafKt initIdeaDefaults (Ljavax/swing/UIDefaults;)V 273 <appendix> argL0 ; # com/intellij/ide/ui/laf/IdeaLafKt$$Lambda+0x0000022a35191738
instanceKlass com/intellij/ui/ColoredSideBorder
instanceKlass  @bci com/intellij/ide/ui/laf/IdeaLafKt initIdeaDefaults (Ljavax/swing/UIDefaults;)V 185 <appendix> argL0 ; # com/intellij/ide/ui/laf/IdeaLafKt$$Lambda+0x0000022a35191280
instanceKlass  @bci com/intellij/ide/ui/laf/IdeaLafKt initIdeaDefaults (Ljavax/swing/UIDefaults;)V 173 <appendix> argL0 ; # com/intellij/ide/ui/laf/IdeaLafKt$$Lambda+0x0000022a35191030
instanceKlass  @bci com/intellij/ide/ui/laf/IdeaLafKt initIdeaDefaults (Ljavax/swing/UIDefaults;)V 161 <appendix> argL0 ; # com/intellij/ide/ui/laf/IdeaLafKt$$Lambda+0x0000022a35190de0
instanceKlass  @bci com/intellij/ide/ui/laf/IdeaLafKt initIdeaDefaults (Ljavax/swing/UIDefaults;)V 149 <appendix> argL0 ; # com/intellij/ide/ui/laf/IdeaLafKt$$Lambda+0x0000022a35190b90
instanceKlass  @bci com/intellij/ide/ui/laf/IdeaLafKt initIdeaDefaults (Ljavax/swing/UIDefaults;)V 137 <appendix> argL0 ; # com/intellij/ide/ui/laf/IdeaLafKt$$Lambda+0x0000022a35190940
instanceKlass  @bci com/intellij/ide/ui/laf/IdeaLafKt initIdeaDefaults (Ljavax/swing/UIDefaults;)V 125 <appendix> argL0 ; # com/intellij/ide/ui/laf/IdeaLafKt$$Lambda+0x0000022a351906f0
instanceKlass  @bci com/intellij/ide/ui/laf/IdeaLafKt initIdeaDefaults (Ljavax/swing/UIDefaults;)V 113 <appendix> argL0 ; # com/intellij/ide/ui/laf/IdeaLafKt$$Lambda+0x0000022a351904a0
instanceKlass  @bci com/intellij/ide/ui/laf/IdeaLafKt initIdeaDefaults (Ljavax/swing/UIDefaults;)V 101 <appendix> argL0 ; # com/intellij/ide/ui/laf/IdeaLafKt$$Lambda+0x0000022a35190250
instanceKlass  @bci com/intellij/ide/ui/laf/IdeaLafKt initIdeaDefaults (Ljavax/swing/UIDefaults;)V 89 <appendix> argL0 ; # com/intellij/ide/ui/laf/IdeaLafKt$$Lambda+0x0000022a35190000
instanceKlass com/intellij/ide/ui/laf/IdeaLafKt
instanceKlass javax/swing/ArrayTable
instanceKlass  @bci jdk/internal/reflect/MethodHandleIntegerFieldAccessorImpl getInt (Ljava/lang/Object;)I 11 <adapter> ; # java/lang/invoke/LambdaForm$MH+0x0000022a3518d400
instanceKlass java/awt/event/KeyEvent$1
instanceKlass sun/awt/AWTAccessor$KeyEventAccessor
instanceKlass java/awt/VKCollection
instanceKlass javax/swing/InputMap
instanceKlass java/util/EventListenerProxy
instanceKlass java/util/IdentityHashMap$IdentityHashMapIterator
instanceKlass java/awt/Toolkit$DesktopPropertyChangeSupport$1
instanceKlass sun/awt/windows/WDesktopProperties$WinPlaySound
instanceKlass java/util/concurrent/locks/ReentrantReadWriteLock$WriteLock
instanceKlass java/util/concurrent/locks/ReentrantReadWriteLock$ReadLock
instanceKlass kotlin/jvm/internal/markers/KMutableSet
instanceKlass kotlin/sequences/SequenceScope
instanceKlass kotlin/sequences/SequencesKt__SequenceBuilderKt
instanceKlass java/util/concurrent/locks/ReentrantReadWriteLock
instanceKlass java/util/concurrent/locks/ReadWriteLock
instanceKlass sun/awt/windows/ThemeReader
instanceKlass sun/awt/windows/WDesktopProperties
instanceKlass  @bci javax/swing/plaf/metal/MetalLookAndFeel initComponentDefaults (Ljavax/swing/UIDefaults;)V 12018 <appendix> argL0 ; # javax/swing/plaf/metal/MetalLookAndFeel$$Lambda+0x0000022a3515fea0
instanceKlass  @bci javax/swing/plaf/metal/MetalLookAndFeel initComponentDefaults (Ljavax/swing/UIDefaults;)V 11955 <appendix> argL0 ; # javax/swing/plaf/metal/MetalLookAndFeel$$Lambda+0x0000022a3515fc50
instanceKlass  @bci javax/swing/plaf/metal/MetalLookAndFeel initComponentDefaults (Ljavax/swing/UIDefaults;)V 11907 <appendix> argL0 ; # javax/swing/plaf/metal/MetalLookAndFeel$$Lambda+0x0000022a3515fa00
instanceKlass  @bci javax/swing/plaf/metal/MetalLookAndFeel initComponentDefaults (Ljavax/swing/UIDefaults;)V 11758 <appendix> argL0 ; # javax/swing/plaf/metal/MetalLookAndFeel$$Lambda+0x0000022a3515f7b0
instanceKlass  @bci javax/swing/plaf/metal/MetalLookAndFeel initComponentDefaults (Ljavax/swing/UIDefaults;)V 11740 <appendix> argL0 ; # javax/swing/plaf/metal/MetalLookAndFeel$$Lambda+0x0000022a3515f560
instanceKlass  @bci javax/swing/plaf/metal/MetalLookAndFeel initComponentDefaults (Ljavax/swing/UIDefaults;)V 10675 <appendix> argL0 ; # javax/swing/plaf/metal/MetalLookAndFeel$$Lambda+0x0000022a3515f310
instanceKlass  @bci javax/swing/plaf/metal/MetalLookAndFeel initComponentDefaults (Ljavax/swing/UIDefaults;)V 10657 <appendix> argL0 ; # javax/swing/plaf/metal/MetalLookAndFeel$$Lambda+0x0000022a3515f0c0
instanceKlass  @bci javax/swing/plaf/metal/MetalLookAndFeel initComponentDefaults (Ljavax/swing/UIDefaults;)V 10639 <appendix> argL0 ; # javax/swing/plaf/metal/MetalLookAndFeel$$Lambda+0x0000022a3515ee70
instanceKlass  @bci javax/swing/plaf/metal/MetalLookAndFeel initComponentDefaults (Ljavax/swing/UIDefaults;)V 10621 <appendix> argL0 ; # javax/swing/plaf/metal/MetalLookAndFeel$$Lambda+0x0000022a3515ec20
instanceKlass  @bci javax/swing/plaf/metal/MetalLookAndFeel initComponentDefaults (Ljavax/swing/UIDefaults;)V 10603 <appendix> argL0 ; # javax/swing/plaf/metal/MetalLookAndFeel$$Lambda+0x0000022a3515e9d0
instanceKlass  @bci javax/swing/plaf/metal/MetalLookAndFeel initComponentDefaults (Ljavax/swing/UIDefaults;)V 10124 <appendix> argL0 ; # javax/swing/plaf/metal/MetalLookAndFeel$$Lambda+0x0000022a3515e780
instanceKlass  @bci javax/swing/plaf/metal/MetalLookAndFeel initComponentDefaults (Ljavax/swing/UIDefaults;)V 10106 <appendix> argL0 ; # javax/swing/plaf/metal/MetalLookAndFeel$$Lambda+0x0000022a3515e530
instanceKlass  @bci javax/swing/plaf/metal/MetalLookAndFeel initComponentDefaults (Ljavax/swing/UIDefaults;)V 9938 <appendix> argL0 ; # javax/swing/plaf/metal/MetalLookAndFeel$$Lambda+0x0000022a3515e2e0
instanceKlass  @bci javax/swing/plaf/metal/MetalLookAndFeel initComponentDefaults (Ljavax/swing/UIDefaults;)V 9920 <appendix> argL0 ; # javax/swing/plaf/metal/MetalLookAndFeel$$Lambda+0x0000022a3515e090
instanceKlass  @bci javax/swing/plaf/metal/MetalLookAndFeel initComponentDefaults (Ljavax/swing/UIDefaults;)V 9259 <appendix> argL0 ; # javax/swing/plaf/metal/MetalLookAndFeel$$Lambda+0x0000022a3515de40
instanceKlass  @bci javax/swing/plaf/metal/MetalLookAndFeel initComponentDefaults (Ljavax/swing/UIDefaults;)V 9241 <appendix> argL0 ; # javax/swing/plaf/metal/MetalLookAndFeel$$Lambda+0x0000022a3515dbf0
instanceKlass  @bci javax/swing/plaf/metal/MetalLookAndFeel initComponentDefaults (Ljavax/swing/UIDefaults;)V 9074 <appendix> argL0 ; # javax/swing/plaf/metal/MetalLookAndFeel$$Lambda+0x0000022a3515d9a0
instanceKlass  @bci javax/swing/plaf/metal/MetalLookAndFeel initComponentDefaults (Ljavax/swing/UIDefaults;)V 9056 <appendix> argL0 ; # javax/swing/plaf/metal/MetalLookAndFeel$$Lambda+0x0000022a3515d750
instanceKlass  @bci javax/swing/plaf/metal/MetalLookAndFeel initComponentDefaults (Ljavax/swing/UIDefaults;)V 8779 <appendix> argL0 ; # javax/swing/plaf/metal/MetalLookAndFeel$$Lambda+0x0000022a3515d500
instanceKlass  @bci javax/swing/plaf/metal/MetalLookAndFeel initComponentDefaults (Ljavax/swing/UIDefaults;)V 5003 <appendix> member <vmtarget> ; # javax/swing/plaf/metal/MetalLookAndFeel$$Lambda+0x0000022a3515d2b0
instanceKlass  @bci javax/swing/plaf/metal/MetalLookAndFeel initComponentDefaults (Ljavax/swing/UIDefaults;)V 4983 <appendix> member <vmtarget> ; # javax/swing/plaf/metal/MetalLookAndFeel$$Lambda+0x0000022a3515d060
instanceKlass  @bci javax/swing/plaf/metal/MetalLookAndFeel initComponentDefaults (Ljavax/swing/UIDefaults;)V 4963 <appendix> member <vmtarget> ; # javax/swing/plaf/metal/MetalLookAndFeel$$Lambda+0x0000022a3515ce10
instanceKlass  @bci javax/swing/plaf/metal/MetalLookAndFeel initComponentDefaults (Ljavax/swing/UIDefaults;)V 4943 <appendix> member <vmtarget> ; # javax/swing/plaf/metal/MetalLookAndFeel$$Lambda+0x0000022a3515cbc0
instanceKlass  @bci javax/swing/plaf/metal/MetalLookAndFeel initComponentDefaults (Ljavax/swing/UIDefaults;)V 4923 <appendix> argL0 ; # javax/swing/plaf/metal/MetalLookAndFeel$$Lambda+0x0000022a3515c970
instanceKlass  @bci javax/swing/plaf/metal/MetalLookAndFeel initComponentDefaults (Ljavax/swing/UIDefaults;)V 4887 <appendix> argL0 ; # javax/swing/plaf/metal/MetalLookAndFeel$$Lambda+0x0000022a3515c720
instanceKlass  @bci javax/swing/plaf/metal/MetalLookAndFeel initComponentDefaults (Ljavax/swing/UIDefaults;)V 4869 <appendix> argL0 ; # javax/swing/plaf/metal/MetalLookAndFeel$$Lambda+0x0000022a3515c4d0
instanceKlass  @bci javax/swing/plaf/metal/MetalLookAndFeel initComponentDefaults (Ljavax/swing/UIDefaults;)V 4851 <appendix> argL0 ; # javax/swing/plaf/metal/MetalLookAndFeel$$Lambda+0x0000022a3515c280
instanceKlass  @bci javax/swing/plaf/metal/MetalLookAndFeel initComponentDefaults (Ljavax/swing/UIDefaults;)V 4833 <appendix> argL0 ; # javax/swing/plaf/metal/MetalLookAndFeel$$Lambda+0x0000022a3515c030
instanceKlass  @bci javax/swing/plaf/metal/MetalLookAndFeel initComponentDefaults (Ljavax/swing/UIDefaults;)V 4204 <appendix> argL0 ; # javax/swing/plaf/metal/MetalLookAndFeel$$Lambda+0x0000022a3515bde0
instanceKlass  @bci javax/swing/plaf/metal/MetalLookAndFeel initComponentDefaults (Ljavax/swing/UIDefaults;)V 4186 <appendix> argL0 ; # javax/swing/plaf/metal/MetalLookAndFeel$$Lambda+0x0000022a3515bb90
instanceKlass  @bci javax/swing/plaf/metal/MetalLookAndFeel initComponentDefaults (Ljavax/swing/UIDefaults;)V 3874 <appendix> argL0 ; # javax/swing/plaf/metal/MetalLookAndFeel$$Lambda+0x0000022a3515b940
instanceKlass  @bci javax/swing/plaf/metal/MetalLookAndFeel initComponentDefaults (Ljavax/swing/UIDefaults;)V 3858 <appendix> argL0 ; # javax/swing/plaf/metal/MetalLookAndFeel$$Lambda+0x0000022a3515b6f0
instanceKlass  @bci javax/swing/plaf/metal/MetalLookAndFeel initComponentDefaults (Ljavax/swing/UIDefaults;)V 3842 <appendix> argL0 ; # javax/swing/plaf/metal/MetalLookAndFeel$$Lambda+0x0000022a3515b4a0
instanceKlass  @bci javax/swing/plaf/metal/MetalLookAndFeel initComponentDefaults (Ljavax/swing/UIDefaults;)V 3826 <appendix> argL0 ; # javax/swing/plaf/metal/MetalLookAndFeel$$Lambda+0x0000022a3515b250
instanceKlass  @bci javax/swing/plaf/metal/MetalLookAndFeel initComponentDefaults (Ljavax/swing/UIDefaults;)V 3810 <appendix> argL0 ; # javax/swing/plaf/metal/MetalLookAndFeel$$Lambda+0x0000022a3515b000
instanceKlass  @bci javax/swing/plaf/metal/MetalLookAndFeel initComponentDefaults (Ljavax/swing/UIDefaults;)V 3794 <appendix> argL0 ; # javax/swing/plaf/metal/MetalLookAndFeel$$Lambda+0x0000022a3515adb0
instanceKlass  @bci javax/swing/plaf/metal/MetalLookAndFeel initComponentDefaults (Ljavax/swing/UIDefaults;)V 3778 <appendix> argL0 ; # javax/swing/plaf/metal/MetalLookAndFeel$$Lambda+0x0000022a3515ab60
instanceKlass  @bci javax/swing/plaf/metal/MetalLookAndFeel initComponentDefaults (Ljavax/swing/UIDefaults;)V 3762 <appendix> argL0 ; # javax/swing/plaf/metal/MetalLookAndFeel$$Lambda+0x0000022a3515a910
instanceKlass  @bci javax/swing/plaf/metal/MetalLookAndFeel initComponentDefaults (Ljavax/swing/UIDefaults;)V 3746 <appendix> argL0 ; # javax/swing/plaf/metal/MetalLookAndFeel$$Lambda+0x0000022a3515a6c0
instanceKlass  @bci javax/swing/plaf/metal/MetalLookAndFeel initComponentDefaults (Ljavax/swing/UIDefaults;)V 3730 <appendix> argL0 ; # javax/swing/plaf/metal/MetalLookAndFeel$$Lambda+0x0000022a3515a470
instanceKlass  @bci javax/swing/plaf/metal/MetalLookAndFeel initComponentDefaults (Ljavax/swing/UIDefaults;)V 3509 <appendix> argL0 ; # javax/swing/plaf/metal/MetalLookAndFeel$$Lambda+0x0000022a3515a220
instanceKlass  @bci javax/swing/plaf/metal/MetalLookAndFeel initComponentDefaults (Ljavax/swing/UIDefaults;)V 3399 <appendix> argL0 ; # javax/swing/plaf/metal/MetalLookAndFeel$$Lambda+0x0000022a35159fd0
instanceKlass javax/swing/plaf/metal/MetalLookAndFeel$FontActiveValue
instanceKlass  @bci javax/swing/plaf/metal/MetalLookAndFeel initComponentDefaults (Ljavax/swing/UIDefaults;)V 2174 <appendix> member <vmtarget> ; # javax/swing/plaf/metal/MetalLookAndFeel$$Lambda+0x0000022a35159b18
instanceKlass  @bci javax/swing/plaf/metal/MetalLookAndFeel initComponentDefaults (Ljavax/swing/UIDefaults;)V 2165 <appendix> member <vmtarget> ; # javax/swing/plaf/metal/MetalLookAndFeel$$Lambda+0x0000022a351598c0
instanceKlass  @bci javax/swing/plaf/metal/MetalLookAndFeel initComponentDefaults (Ljavax/swing/UIDefaults;)V 2156 <appendix> member <vmtarget> ; # javax/swing/plaf/metal/MetalLookAndFeel$$Lambda+0x0000022a35159668
instanceKlass  @bci javax/swing/plaf/metal/MetalLookAndFeel initComponentDefaults (Ljavax/swing/UIDefaults;)V 2147 <appendix> member <vmtarget> ; # javax/swing/plaf/metal/MetalLookAndFeel$$Lambda+0x0000022a35159410
instanceKlass  @bci javax/swing/plaf/metal/MetalLookAndFeel initComponentDefaults (Ljavax/swing/UIDefaults;)V 2138 <appendix> argL0 ; # javax/swing/plaf/metal/MetalLookAndFeel$$Lambda+0x0000022a351591c0
instanceKlass  @bci javax/swing/plaf/metal/MetalLookAndFeel initComponentDefaults (Ljavax/swing/UIDefaults;)V 2126 <appendix> argL0 ; # javax/swing/plaf/metal/MetalLookAndFeel$$Lambda+0x0000022a35158f70
instanceKlass  @bci javax/swing/plaf/metal/MetalLookAndFeel initComponentDefaults (Ljavax/swing/UIDefaults;)V 2119 <appendix> argL0 ; # javax/swing/plaf/metal/MetalLookAndFeel$$Lambda+0x0000022a35158d20
instanceKlass  @bci javax/swing/plaf/metal/MetalLookAndFeel initComponentDefaults (Ljavax/swing/UIDefaults;)V 2112 <appendix> argL0 ; # javax/swing/plaf/metal/MetalLookAndFeel$$Lambda+0x0000022a35158ad0
instanceKlass  @bci javax/swing/plaf/metal/MetalLookAndFeel initComponentDefaults (Ljavax/swing/UIDefaults;)V 2105 <appendix> argL0 ; # javax/swing/plaf/metal/MetalLookAndFeel$$Lambda+0x0000022a35158880
instanceKlass  @bci javax/swing/plaf/metal/MetalLookAndFeel initComponentDefaults (Ljavax/swing/UIDefaults;)V 2098 <appendix> member <vmtarget> ; # javax/swing/plaf/metal/MetalLookAndFeel$$Lambda+0x0000022a35158628
instanceKlass  @bci javax/swing/plaf/metal/MetalLookAndFeel initComponentDefaults (Ljavax/swing/UIDefaults;)V 2089 <appendix> argL0 ; # javax/swing/plaf/metal/MetalLookAndFeel$$Lambda+0x0000022a351583d8
instanceKlass  @bci javax/swing/plaf/metal/MetalLookAndFeel initComponentDefaults (Ljavax/swing/UIDefaults;)V 2082 <appendix> argL0 ; # javax/swing/plaf/metal/MetalLookAndFeel$$Lambda+0x0000022a35158188
instanceKlass  @bci javax/swing/plaf/metal/MetalLookAndFeel initComponentDefaults (Ljavax/swing/UIDefaults;)V 2075 <appendix> argL0 ; # javax/swing/plaf/metal/MetalLookAndFeel$$Lambda+0x0000022a35157f38
instanceKlass  @bci javax/swing/plaf/metal/MetalLookAndFeel initComponentDefaults (Ljavax/swing/UIDefaults;)V 126 <appendix> argL0 ; # javax/swing/plaf/metal/MetalLookAndFeel$$Lambda+0x0000022a35157ce8
instanceKlass  @bci javax/swing/plaf/metal/MetalLookAndFeel initComponentDefaults (Ljavax/swing/UIDefaults;)V 119 <appendix> argL0 ; # javax/swing/plaf/metal/MetalLookAndFeel$$Lambda+0x0000022a35157a98
instanceKlass  @bci javax/swing/plaf/metal/MetalLookAndFeel initComponentDefaults (Ljavax/swing/UIDefaults;)V 112 <appendix> argL0 ; # javax/swing/plaf/metal/MetalLookAndFeel$$Lambda+0x0000022a35157848
instanceKlass  @bci javax/swing/plaf/basic/BasicLookAndFeel initComponentDefaults (Ljavax/swing/UIDefaults;)V 10900 <appendix> argL0 ; # javax/swing/plaf/basic/BasicLookAndFeel$$Lambda+0x0000022a351575f8
instanceKlass  @bci javax/swing/plaf/basic/BasicLookAndFeel initComponentDefaults (Ljavax/swing/UIDefaults;)V 10882 <appendix> argL0 ; # javax/swing/plaf/basic/BasicLookAndFeel$$Lambda+0x0000022a351573a8
instanceKlass  @bci javax/swing/plaf/basic/BasicLookAndFeel initComponentDefaults (Ljavax/swing/UIDefaults;)V 2622 <appendix> argL0 ; # javax/swing/plaf/basic/BasicLookAndFeel$$Lambda+0x0000022a35157158
instanceKlass  @bci javax/swing/plaf/basic/BasicLookAndFeel initComponentDefaults (Ljavax/swing/UIDefaults;)V 2604 <appendix> argL0 ; # javax/swing/plaf/basic/BasicLookAndFeel$$Lambda+0x0000022a35156f08
instanceKlass com/jetbrains/rhizomedb/impl/MapWithEditor$Companion
instanceKlass  @bci javax/swing/plaf/basic/BasicLookAndFeel initComponentDefaults (Ljavax/swing/UIDefaults;)V 2586 <appendix> argL0 ; # javax/swing/plaf/basic/BasicLookAndFeel$$Lambda+0x0000022a35156cb8
instanceKlass com/jetbrains/rhizomedb/impl/MapWithEditor
instanceKlass  @bci javax/swing/plaf/basic/BasicLookAndFeel initComponentDefaults (Ljavax/swing/UIDefaults;)V 2568 <appendix> argL0 ; # javax/swing/plaf/basic/BasicLookAndFeel$$Lambda+0x0000022a35156a68
instanceKlass javax/swing/UIDefaults$LazyInputMap
instanceKlass  @bci javax/swing/plaf/basic/BasicLookAndFeel initComponentDefaults (Ljavax/swing/UIDefaults;)V 789 <appendix> argL0 ; # javax/swing/plaf/basic/BasicLookAndFeel$$Lambda+0x0000022a351565b8
instanceKlass  @bci javax/swing/plaf/basic/BasicLookAndFeel initComponentDefaults (Ljavax/swing/UIDefaults;)V 730 <appendix> argL0 ; # javax/swing/plaf/basic/BasicLookAndFeel$$Lambda+0x0000022a35156368
instanceKlass  @bci javax/swing/plaf/basic/BasicLookAndFeel initComponentDefaults (Ljavax/swing/UIDefaults;)V 723 <appendix> argL0 ; # javax/swing/plaf/basic/BasicLookAndFeel$$Lambda+0x0000022a35156118
instanceKlass  @bci javax/swing/plaf/basic/BasicLookAndFeel initComponentDefaults (Ljavax/swing/UIDefaults;)V 671 <appendix> argL0 ; # javax/swing/plaf/basic/BasicLookAndFeel$$Lambda+0x0000022a35155ec8
instanceKlass  @bci javax/swing/plaf/basic/BasicLookAndFeel initComponentDefaults (Ljavax/swing/UIDefaults;)V 664 <appendix> member <vmtarget> ; # javax/swing/plaf/basic/BasicLookAndFeel$$Lambda+0x0000022a35155c78
instanceKlass  @bci javax/swing/plaf/basic/BasicLookAndFeel initComponentDefaults (Ljavax/swing/UIDefaults;)V 655 <appendix> member <vmtarget> ; # javax/swing/plaf/basic/BasicLookAndFeel$$Lambda+0x0000022a35155a28
instanceKlass  @bci javax/swing/plaf/basic/BasicLookAndFeel initComponentDefaults (Ljavax/swing/UIDefaults;)V 642 <appendix> member <vmtarget> ; # javax/swing/plaf/basic/BasicLookAndFeel$$Lambda+0x0000022a351557d8
instanceKlass  @bci javax/swing/plaf/basic/BasicLookAndFeel initComponentDefaults (Ljavax/swing/UIDefaults;)V 611 <appendix> argL0 ; # javax/swing/plaf/basic/BasicLookAndFeel$$Lambda+0x0000022a35155318
instanceKlass  @bci javax/swing/plaf/basic/BasicLookAndFeel initComponentDefaults (Ljavax/swing/UIDefaults;)V 604 <appendix> argL0 ; # javax/swing/plaf/basic/BasicLookAndFeel$$Lambda+0x0000022a351550c8
instanceKlass  @bci javax/swing/plaf/basic/BasicLookAndFeel initComponentDefaults (Ljavax/swing/UIDefaults;)V 597 <appendix> argL0 ; # javax/swing/plaf/basic/BasicLookAndFeel$$Lambda+0x0000022a35154e78
instanceKlass  @bci javax/swing/plaf/basic/BasicLookAndFeel initComponentDefaults (Ljavax/swing/UIDefaults;)V 590 <appendix> argL0 ; # javax/swing/plaf/basic/BasicLookAndFeel$$Lambda+0x0000022a35154c28
instanceKlass  @bci javax/swing/plaf/basic/BasicLookAndFeel initComponentDefaults (Ljavax/swing/UIDefaults;)V 583 <appendix> argL0 ; # javax/swing/plaf/basic/BasicLookAndFeel$$Lambda+0x0000022a351549d8
instanceKlass  @bci javax/swing/plaf/basic/BasicLookAndFeel initComponentDefaults (Ljavax/swing/UIDefaults;)V 576 <appendix> argL0 ; # javax/swing/plaf/basic/BasicLookAndFeel$$Lambda+0x0000022a35154788
instanceKlass  @bci javax/swing/plaf/basic/BasicLookAndFeel initComponentDefaults (Ljavax/swing/UIDefaults;)V 569 <appendix> argL0 ; # javax/swing/plaf/basic/BasicLookAndFeel$$Lambda+0x0000022a35154538
instanceKlass  @bci javax/swing/plaf/basic/BasicLookAndFeel initComponentDefaults (Ljavax/swing/UIDefaults;)V 562 <appendix> argL0 ; # javax/swing/plaf/basic/BasicLookAndFeel$$Lambda+0x0000022a351542e8
instanceKlass javax/swing/plaf/basic/BasicLookAndFeel$2
instanceKlass  @bci javax/swing/plaf/basic/BasicLookAndFeel initComponentDefaults (Ljavax/swing/UIDefaults;)V 545 <appendix> argL0 ; # javax/swing/plaf/basic/BasicLookAndFeel$$Lambda+0x0000022a35153e40
instanceKlass  @bci sun/swing/SwingUtilities2 makeIcon (Ljava/lang/Class;Ljava/lang/Class;Ljava/lang/String;Z)Ljava/lang/Object; 4 <adapter> ; # java/lang/invoke/LambdaForm$MH+0x0000022a3518d000
# instanceKlass java/lang/invoke/LambdaForm$DMH+0x0000022a3518cc00
instanceKlass  @bci sun/swing/SwingUtilities2 makeIcon (Ljava/lang/Class;Ljava/lang/Class;Ljava/lang/String;Z)Ljava/lang/Object; 4 <appendix> form vmentry <vmtarget> ; # java/lang/invoke/LambdaForm$DMH+0x0000022a3518c800
instanceKlass  @bci sun/swing/SwingUtilities2 makeIcon (Ljava/lang/Class;Ljava/lang/Class;Ljava/lang/String;Z)Ljava/lang/Object; 4 <appendix> member <vmtarget> ; # sun/swing/SwingUtilities2$$Lambda+0x0000022a35153be8
instanceKlass  @cpi sun/swing/SwingUtilities2 1555 form vmentry <vmtarget> ; # java/lang/invoke/LambdaForm$DMH+0x0000022a3518c400
instanceKlass sun/swing/SwingUtilities2$LSBCacheEntry
instanceKlass com/jetbrains/rhizomedb/Versioned
instanceKlass sun/swing/StringUIClientPropertyKey
instanceKlass javax/swing/UIClientPropertyKey
instanceKlass sun/swing/SwingUtilities2
instanceKlass com/jetbrains/rhizomedb/impl/IndexKt
instanceKlass fleet/util/MutableMapExtensionsKt
instanceKlass com/jetbrains/rhizomedb/NoveltyKt$WhenMappings
instanceKlass  @bci javax/swing/plaf/basic/BasicLookAndFeel initComponentDefaults (Ljavax/swing/UIDefaults;)V 398 <appendix> argL0 ; # javax/swing/plaf/basic/BasicLookAndFeel$$Lambda+0x0000022a35152e78
instanceKlass com/jetbrains/rhizomedb/EAT
instanceKlass  @bci javax/swing/plaf/basic/BasicLookAndFeel initComponentDefaults (Ljavax/swing/UIDefaults;)V 391 <appendix> argL0 ; # javax/swing/plaf/basic/BasicLookAndFeel$$Lambda+0x0000022a35152c28
instanceKlass com/jetbrains/rhizomedb/NoveltyKt
instanceKlass  @bci javax/swing/plaf/basic/BasicLookAndFeel initComponentDefaults (Ljavax/swing/UIDefaults;)V 384 <appendix> argL0 ; # javax/swing/plaf/basic/BasicLookAndFeel$$Lambda+0x0000022a351529d8
instanceKlass  @bci com/intellij/DynamicBundle findBundle (Ljava/lang/String;Ljava/lang/ClassLoader;Ljava/util/ResourceBundle$Control;)Ljava/util/ResourceBundle; 58 <appendix> form vmentry <vmtarget> ; # java/lang/invoke/LambdaForm$DMH+0x0000022a3518c000
instanceKlass com/jetbrains/rhizomedb/Datom
instanceKlass com/jetbrains/rhizomedb/impl/AEVT$AdditionResult
instanceKlass  @bci javax/swing/plaf/basic/BasicLookAndFeel initComponentDefaults (Ljavax/swing/UIDefaults;)V 377 <appendix> member <vmtarget> ; # javax/swing/plaf/basic/BasicLookAndFeel$$Lambda+0x0000022a35152780
instanceKlass com/jetbrains/rhizomedb/VersionedEID
instanceKlass javax/swing/border/AbstractBorder
instanceKlass javax/swing/border/Border
instanceKlass fleet/util/radixTrie/RadixTrieKt
instanceKlass  @bci javax/swing/plaf/basic/BasicLookAndFeel initComponentDefaults (Ljavax/swing/UIDefaults;)V 349 <appendix> member <vmtarget> ; # javax/swing/plaf/basic/BasicLookAndFeel$$Lambda+0x0000022a35151b20
instanceKlass  @bci javax/swing/plaf/basic/BasicLookAndFeel initComponentDefaults (Ljavax/swing/UIDefaults;)V 340 <appendix> argL0 ; # javax/swing/plaf/basic/BasicLookAndFeel$$Lambda+0x0000022a351518d0
instanceKlass  @bci javax/swing/plaf/basic/BasicLookAndFeel initComponentDefaults (Ljavax/swing/UIDefaults;)V 333 <appendix> argL0 ; # javax/swing/plaf/basic/BasicLookAndFeel$$Lambda+0x0000022a35151680
instanceKlass fleet/fastutil/ints/Int2ObjectOpenHashMap$MapIterator
instanceKlass  @bci javax/swing/plaf/basic/BasicLookAndFeel initComponentDefaults (Ljavax/swing/UIDefaults;)V 326 <appendix> argL0 ; # javax/swing/plaf/basic/BasicLookAndFeel$$Lambda+0x0000022a35151430
instanceKlass kotlin/jvm/internal/Ref$BooleanRef
instanceKlass  @bci javax/swing/plaf/basic/BasicLookAndFeel initComponentDefaults (Ljavax/swing/UIDefaults;)V 319 <appendix> argL0 ; # javax/swing/plaf/basic/BasicLookAndFeel$$Lambda+0x0000022a351511e0
instanceKlass com/jetbrains/rhizomedb/impl/AEVT$WhenMappings
instanceKlass  @bci javax/swing/plaf/basic/BasicLookAndFeel initComponentDefaults (Ljavax/swing/UIDefaults;)V 312 <appendix> argL0 ; # javax/swing/plaf/basic/BasicLookAndFeel$$Lambda+0x0000022a35150f90
instanceKlass javax/swing/UIDefaults$ActiveValue
instanceKlass com/jetbrains/rhizomedb/Expansion
instanceKlass  @bci javax/swing/plaf/basic/BasicLookAndFeel initComponentDefaults (Ljavax/swing/UIDefaults;)V 47 <appendix> argL0 ; # javax/swing/plaf/basic/BasicLookAndFeel$$Lambda+0x0000022a351508d0
instanceKlass com/jetbrains/rhizomedb/InstructionExpansion
instanceKlass  @bci javax/swing/plaf/basic/BasicLookAndFeel initComponentDefaults (Ljavax/swing/UIDefaults;)V 40 <appendix> argL0 ; # javax/swing/plaf/basic/BasicLookAndFeel$$Lambda+0x0000022a35150680
instanceKlass  @bci javax/swing/plaf/basic/BasicLookAndFeel initComponentDefaults (Ljavax/swing/UIDefaults;)V 33 <appendix> argL0 ; # javax/swing/plaf/basic/BasicLookAndFeel$$Lambda+0x0000022a35150430
instanceKlass kotlin/collections/builders/ListBuilder$Itr
instanceKlass kotlin/jvm/internal/markers/KMutableListIterator
instanceKlass kotlin/jvm/internal/markers/KMutableIterator
instanceKlass  @bci javax/swing/plaf/basic/BasicLookAndFeel initComponentDefaults (Ljavax/swing/UIDefaults;)V 26 <appendix> argL0 ; # javax/swing/plaf/basic/BasicLookAndFeel$$Lambda+0x0000022a351501e0
instanceKlass  @bci javax/swing/plaf/basic/BasicLookAndFeel initComponentDefaults (Ljavax/swing/UIDefaults;)V 19 <appendix> argL0 ; # javax/swing/plaf/basic/BasicLookAndFeel$$Lambda+0x0000022a3514ff90
instanceKlass com/jetbrains/rhizomedb/Op
instanceKlass javax/swing/UIDefaults$LazyValue
instanceKlass kotlin/random/XorWowRandom$Companion
instanceKlass  @bci javax/swing/UIDefaults <clinit> ()V 10 <appendix> argL0 ; # javax/swing/UIDefaults$$Lambda+0x0000022a3514fb10
instanceKlass kotlin/random/RandomKt
instanceKlass  @cpi com/intellij/platform/ide/bootstrap/DirectoryLock 1019 form vmentry <vmtarget> ; # java/lang/invoke/LambdaForm$DMH+0x0000022a35184800
instanceKlass com/jetbrains/rhizomedb/impl/SeedKt
instanceKlass sun/swing/SwingAccessor$UIDefaultsAccessor
instanceKlass kotlin/TuplesKt
instanceKlass kotlin/collections/builders/ListBuilder$Companion
instanceKlass javax/swing/plaf/metal/DefaultMetalTheme$FontDelegate
instanceKlass java/awt/Color
instanceKlass java/awt/Paint
instanceKlass javax/swing/plaf/UIResource
instanceKlass javax/swing/plaf/metal/MetalTheme
instanceKlass kotlin/math/MathKt__MathHKt
instanceKlass kotlin/jvm/internal/markers/KMutableList
instanceKlass kotlin/jvm/internal/markers/KMutableCollection
instanceKlass kotlin/jvm/internal/markers/KMutableIterable
instanceKlass  @bci com/intellij/openapi/util/registry/Registry <init> ()V 53 <appendix> member <vmtarget> ; # com/intellij/openapi/util/registry/Registry$$Lambda+0x0000022a35186930
instanceKlass com/intellij/openapi/util/registry/RegistryValue
instanceKlass com/jetbrains/rhizomedb/IndexQuery
instanceKlass com/jetbrains/rhizomedb/impl/EntitiesImplKt
instanceKlass java/util/concurrent/CompletableFuture$AsynchronousCompletionTask
instanceKlass java/util/concurrent/CompletableFuture$AltResult
instanceKlass java/util/concurrent/CompletableFuture
instanceKlass java/util/concurrent/CompletionStage
instanceKlass com/intellij/openapi/util/registry/Registry$Companion$EMPTY_VALUE_LISTENER$1
instanceKlass com/intellij/openapi/util/registry/RegistryValueListener
instanceKlass com/jetbrains/rhizomedb/EntityKt
instanceKlass com/intellij/openapi/util/registry/Registry$Companion
instanceKlass com/intellij/openapi/util/registry/Registry
instanceKlass  @bci com/intellij/util/concurrency/SynchronizedClearableLazy getValue ()Ljava/lang/Object; 30 <appendix> member <vmtarget> ; # com/intellij/util/concurrency/SynchronizedClearableLazy$$Lambda+0x0000022a35182a70
instanceKlass jdk/internal/math/MathUtils
instanceKlass jdk/internal/math/FloatToDecimal
instanceKlass  @bci com/intellij/ui/scale/JBUIScale computeSystemScaleFactor (Ljava/util/function/Supplier;)F 124 <appendix> form vmentry <vmtarget> ; # java/lang/invoke/LambdaForm$MH+0x0000022a35184400
# instanceKlass java/lang/invoke/LambdaForm$MH+0x0000022a35184000
instanceKlass sun/awt/image/SurfaceManager$ProxiedGraphicsConfig
instanceKlass sun/awt/image/SurfaceManager$ProxyCache
instanceKlass com/jetbrains/rhizomedb/Attribute$Companion
instanceKlass com/jetbrains/rhizomedb/Attribute
instanceKlass com/jetbrains/rhizomedb/Schema$WhenMappings
instanceKlass com/jetbrains/rhizomedb/Schema$Companion
instanceKlass com/jetbrains/rhizomedb/Schema
instanceKlass kotlin/InitializedLazyImpl
instanceKlass kotlinx/serialization/descriptors/SerialKind
instanceKlass kotlinx/serialization/internal/PrimitiveSerialDescriptor
instanceKlass kotlinx/serialization/internal/StringSerializer
instanceKlass kotlinx/serialization/builtins/BuiltinSerializersKt
instanceKlass com/intellij/ui/scale/JBUIScaleKt
instanceKlass kotlin/jvm/internal/StringCompanionObject
instanceKlass fleet/fastutil/ints/IntArrayList$Companion
# instanceKlass java/lang/invoke/LambdaForm$MH+0x0000022a35139800
# instanceKlass java/lang/invoke/LambdaForm$MH+0x0000022a35139400
# instanceKlass java/lang/invoke/LambdaForm$BMH+0x0000022a35139000
# instanceKlass java/lang/invoke/LambdaForm$DMH+0x0000022a35138c00
instanceKlass java/awt/GraphicsConfiguration
instanceKlass java/awt/Graphics
instanceKlass fleet/fastutil/ints/IntArrayList
instanceKlass fleet/fastutil/ints/MutableIntList
instanceKlass java/awt/image/WritableRenderedImage
instanceKlass java/awt/image/RenderedImage
instanceKlass kotlin/collections/IntIterator
instanceKlass java/awt/GraphicsDevice
instanceKlass com/intellij/ui/JreHiDpiUtil
instanceKlass  @bci com/intellij/platform/ide/bootstrap/UiKt initLafAndScale (ZLkotlinx/coroutines/Job;Lkotlin/coroutines/Continuation;)Ljava/lang/Object; 440 <appendix> member <vmtarget> ; # com/intellij/platform/ide/bootstrap/UiKt$$Lambda+0x0000022a3513a250
instanceKlass sun/invoke/util/VerifyAccess$1
instanceKlass  @bci com/intellij/ui/scale/JBUIScale <clinit> ()V 87 <appendix> argL0 ; # com/intellij/ui/scale/JBUIScale$$Lambda+0x0000022a3513a000
instanceKlass  @bci com/intellij/ui/scale/JBUIScale <clinit> ()V 72 <appendix> argL0 ; # com/intellij/ui/scale/JBUIScale$$Lambda+0x0000022a3513fd90
instanceKlass  @bci com/intellij/ui/scale/JBUIScale <clinit> ()V 38 <appendix> argL0 ; # com/intellij/ui/scale/JBUIScale$$Lambda+0x0000022a3513fb40
instanceKlass  @bci com/intellij/ui/scale/JBUIScale <clinit> ()V 23 <appendix> argL0 ; # com/intellij/ui/scale/JBUIScale$$Lambda+0x0000022a3513f8f0
instanceKlass  @cpi com/intellij/ui/scale/JBUIScale 709 form vmentry <vmtarget> ; # java/lang/invoke/LambdaForm$DMH+0x0000022a35138800
instanceKlass kotlin/internal/ProgressionUtilKt
instanceKlass kotlin/ranges/IntRange$Companion
# instanceKlass java/lang/invoke/LambdaForm$DMH+0x0000022a35138400
instanceKlass kotlin/ranges/IntProgression$Companion
instanceKlass kotlin/ranges/IntProgression
instanceKlass com/intellij/util/ObjectUtils$Sentinel
instanceKlass kotlin/ranges/OpenEndRange
instanceKlass kotlin/ranges/ClosedRange
instanceKlass com/intellij/util/ObjectUtils
instanceKlass fleet/fastutil/ints/IntList$Companion
instanceKlass com/intellij/util/concurrency/SynchronizedClearableLazy$Companion
instanceKlass fleet/fastutil/ints/IntList
instanceKlass com/jetbrains/rhizomedb/APIKt
instanceKlass com/intellij/util/concurrency/SynchronizedClearableLazy
instanceKlass com/intellij/ui/scale/JBUIScale
instanceKlass com/intellij/ide/ui/laf/LookAndFeelThemeAdapter$Companion
instanceKlass kotlin/concurrent/atomics/AtomicsKt__Atomics_commonKt
instanceKlass  @bci fleet/multiplatform/shims/MultiplatformConcurrentHashMap computeIfAbsent (Ljava/lang/Object;Lkotlin/jvm/functions/Function1;)Ljava/lang/Object; 12 <appendix> member <vmtarget> ; # fleet/multiplatform/shims/MultiplatformConcurrentHashMap$$Lambda+0x0000022a3513c560
instanceKlass javax/swing/LookAndFeel
instanceKlass fleet/multiplatform/shims/MultiplatformConcurrentHashMap
instanceKlass com/intellij/ide/ui/laf/LookAndFeelThemeAdapterKt
instanceKlass com/intellij/ide/SequencedEventNestedFieldHolder
instanceKlass com/intellij/openapi/application/ApplicationManager
instanceKlass  @bci com/intellij/diagnostic/PerformanceWatcher <clinit> ()V 12 <appendix> argL0 ; # com/intellij/diagnostic/PerformanceWatcher$$Lambda+0x0000022a35132968
instanceKlass com/intellij/diagnostic/PerformanceWatcher$Companion
instanceKlass com/intellij/diagnostic/PerformanceWatcher
instanceKlass  @bci jdk/internal/reflect/MethodHandleObjectFieldAccessorImpl set (Ljava/lang/Object;Ljava/lang/Object;)V 41 <adapter> ; # java/lang/invoke/LambdaForm$MH+0x0000022a35138000
instanceKlass com/intellij/util/concurrency/ContextRunnable
instanceKlass com/intellij/util/concurrency/ChildContext
instanceKlass com/intellij/openapi/application/AccessToken
instanceKlass  @bci com/intellij/util/concurrency/Propagation gatherAppliedChildContext (Lkotlin/coroutines/CoroutineContext;ZLcom/intellij/util/concurrency/BlockingJob;)Lkotlin/Pair; 17 <adapter> ; # java/lang/invoke/LambdaForm$MH+0x0000022a35131c00
# instanceKlass java/lang/invoke/LambdaForm$DMH+0x0000022a35131800
instanceKlass  @bci com/intellij/util/concurrency/Propagation gatherAppliedChildContext (Lkotlin/coroutines/CoroutineContext;ZLcom/intellij/util/concurrency/BlockingJob;)Lkotlin/Pair; 17 <appendix> form vmentry <vmtarget> ; # java/lang/invoke/LambdaForm$DMH+0x0000022a35131400
instanceKlass fleet/multiplatform/shims/ConcurrentHashMap
instanceKlass fleet/multiplatform/shims/ConcurrentHashMap_jvmKt
instanceKlass fleet/multiplatform/shims/ConcurrentHashMapKt
instanceKlass com/jetbrains/rhizomedb/impl/EidGen$Companion
instanceKlass com/jetbrains/rhizomedb/impl/EidGen
instanceKlass  @bci com/intellij/util/concurrency/Propagation gatherAppliedChildContext (Lkotlin/coroutines/CoroutineContext;ZLcom/intellij/util/concurrency/BlockingJob;)Lkotlin/Pair; 17 <appendix> member <vmtarget> ; # com/intellij/util/concurrency/Propagation$$Lambda+0x0000022a35135dd8
instanceKlass  @bci java/util/Comparator comparing (Ljava/util/function/Function;)Ljava/util/Comparator; 6 <appendix> member <vmtarget> ; # java/util/Comparator$$Lambda+0x0000022a35148d28
instanceKlass  @cpi com/intellij/util/concurrency/Propagation 250 form vmentry <vmtarget> ; # java/lang/invoke/LambdaForm$DMH+0x0000022a35131000
instanceKlass  @bci java/lang/invoke/BootstrapMethodInvoker invoke (Ljava/lang/Class;Ljava/lang/invoke/MethodHandle;Ljava/lang/String;Ljava/lang/Object;Ljava/lang/Object;Ljava/lang/Class;)Ljava/lang/Object; 462 <adapter> ; # java/lang/invoke/LambdaForm$MH+0x0000022a35130c00
instanceKlass com/intellij/util/concurrency/BlockingJob$Companion
instanceKlass com/intellij/concurrency/IntelliJContextElement
instanceKlass kotlinx/coroutines/internal/intellij/IntellijCoroutines
instanceKlass  @bci sun/font/SunFontManager fontVersionComparator (Ljava/lang/String;Ljava/lang/String;)I 14 <appendix> argL0 ; # sun/font/SunFontManager$$Lambda+0x0000022a35148ab8
instanceKlass com/intellij/util/IntelliJCoroutinesFacade
instanceKlass com/intellij/util/concurrency/Holder
instanceKlass  @bci com/intellij/concurrency/client/ClientIdPropagation <clinit> ()V 49 <appendix> argL0 ; # com/intellij/concurrency/client/ClientIdPropagation$$Lambda+0x0000022a351346f0
instanceKlass java/io/RandomAccessFile$1
instanceKlass  @bci com/intellij/concurrency/client/ClientIdPropagation <clinit> ()V 34 <appendix> argL0 ; # com/intellij/concurrency/client/ClientIdPropagation$$Lambda+0x0000022a351344a0
instanceKlass  @bci com/intellij/concurrency/client/ClientIdPropagation <clinit> ()V 19 <appendix> argL0 ; # com/intellij/concurrency/client/ClientIdPropagation$$Lambda+0x0000022a35134250
instanceKlass sun/nio/cs/ArrayDecoder
instanceKlass  @bci com/intellij/concurrency/client/ClientIdPropagation <clinit> ()V 4 <appendix> argL0 ; # com/intellij/concurrency/client/ClientIdPropagation$$Lambda+0x0000022a35134000
instanceKlass java/util/stream/ReduceOps$Box
instanceKlass  @bci java/util/stream/Collectors joining (Ljava/lang/CharSequence;Ljava/lang/CharSequence;Ljava/lang/CharSequence;)Ljava/util/stream/Collector; 22 <appendix> argL0 ; # java/util/stream/Collectors$$Lambda+0x80000006b
instanceKlass com/intellij/concurrency/client/ClientIdPropagation
instanceKlass com/jetbrains/rhizomedb/EntityAttribute
instanceKlass com/jetbrains/rhizomedb/Presentable
instanceKlass  @bci java/util/stream/Collectors joining (Ljava/lang/CharSequence;Ljava/lang/CharSequence;Ljava/lang/CharSequence;)Ljava/util/stream/Collector; 17 <appendix> argL0 ; # java/util/stream/Collectors$$Lambda+0x800000069
instanceKlass java/util/concurrent/FutureTask
instanceKlass java/util/concurrent/RunnableFuture
instanceKlass com/intellij/concurrency/ContextAwareCallable
instanceKlass java/util/concurrent/Callable
instanceKlass  @bci java/util/stream/Collectors joining (Ljava/lang/CharSequence;Ljava/lang/CharSequence;Ljava/lang/CharSequence;)Ljava/util/stream/Collector; 12 <appendix> argL0 ; # java/util/stream/Collectors$$Lambda+0x800000066
instanceKlass  @bci java/util/stream/Collectors joining (Ljava/lang/CharSequence;Ljava/lang/CharSequence;Ljava/lang/CharSequence;)Ljava/util/stream/Collector; 7 <appendix> member <vmtarget> ; # java/util/stream/Collectors$$Lambda+0x80000006e
instanceKlass com/intellij/util/concurrency/Propagation
instanceKlass  @bci kotlinx/coroutines/flow/internal/SafeCollector_commonKt checkContext (Lkotlinx/coroutines/flow/internal/SafeCollector;Lkotlin/coroutines/CoroutineContext;)V 6 <bsm> form vmentry <vmtarget> ; # java/lang/invoke/LambdaForm$DMH+0x0000022a35130800
instanceKlass java/util/StringJoiner
instanceKlass  @bci sun/font/TrueTypeFont parseVersion (Ljava/lang/String;)Ljava/lang/String; 55 <appendix> argL0 ; # sun/font/TrueTypeFont$$Lambda+0x0000022a351485b8
instanceKlass  @bci sun/font/TrueTypeFont parseVersion (Ljava/lang/String;)Ljava/lang/String; 45 <appendix> argL0 ; # sun/font/TrueTypeFont$$Lambda+0x0000022a35148348
instanceKlass  @bci com/intellij/concurrency/ThreadContext <clinit> ()V 28 <appendix> argL0 ; # com/intellij/concurrency/ThreadContext$$Lambda+0x0000022a3512e938
instanceKlass com/intellij/concurrency/InstalledThreadContext
instanceKlass  @bci sun/font/TrueTypeFont parseVersion (Ljava/lang/String;)Ljava/lang/String; 35 <appendix> argL0 ; # sun/font/TrueTypeFont$$Lambda+0x0000022a351480c8
instanceKlass com/intellij/concurrency/ThreadContext
instanceKlass  @bci java/util/regex/CharPredicates ctype (I)Ljava/util/regex/Pattern$CharPredicate; 1 <appendix> member <vmtarget> ; # java/util/regex/CharPredicates$$Lambda+0x0000022a35147e08
# instanceKlass java/lang/invoke/LambdaForm$MH+0x0000022a35130400
# instanceKlass java/lang/invoke/LambdaForm$MH+0x0000022a35130000
instanceKlass javax/swing/RepaintManager$ProcessingRunnable
instanceKlass com/intellij/openapi/application/impl/InvocationUtil
instanceKlass com/intellij/util/containers/LockFreeCopyOnWriteArrayList$COWIterator
instanceKlass javax/swing/SwingUtilities
instanceKlass javax/swing/SwingConstants
instanceKlass  @bci com/intellij/platform/ide/bootstrap/UiThreadPriority adjust ()V 5 <appendix> member <vmtarget> ; # com/intellij/platform/ide/bootstrap/UiThreadPriority$$Lambda+0x0000022a3512dad0
instanceKlass com/intellij/platform/ide/bootstrap/UiThreadPriority
instanceKlass com/intellij/openapi/application/RuntimeFlagsKt
instanceKlass sun/font/TrueTypeFont$DirectoryEntry
instanceKlass kotlin/collections/EmptyIterator
instanceKlass com/intellij/openapi/application/impl/AWTExceptionHandler
instanceKlass  @bci com/intellij/ide/IdeEventQueue <init> ()V 499 <appendix> argL0 ; # com/intellij/ide/IdeEventQueue$$Lambda+0x0000022a3512c780
instanceKlass com/intellij/ide/EditingCanceller
instanceKlass com/intellij/ide/IdeEventQueue$WindowsUpMaximizer
instanceKlass  @bci sun/nio/fs/ExtendedOptions$InternalOption registerInternal (Ljava/lang/Object;Ljava/lang/Object;)V 16 <appendix> member <vmtarget> ; # sun/nio/fs/ExtendedOptions$InternalOption$$Lambda+0x0000022a35146e58
instanceKlass  @bci com/intellij/util/containers/LockFreeCopyOnWriteArrayList add (Ljava/lang/Object;)Z 2 <appendix> member <vmtarget> ; # com/intellij/util/containers/LockFreeCopyOnWriteArrayList$$Lambda+0x0000022a3512c028
instanceKlass sun/nio/fs/ExtendedOptions$Wrapper
instanceKlass sun/nio/fs/ExtendedOptions$InternalOption
instanceKlass sun/nio/fs/ExtendedOptions
instanceKlass java/util/function/UnaryOperator
instanceKlass java/io/IoOverNioOsSpecific
instanceKlass com/intellij/openapi/extensions/ExtensionPointName$Companion
instanceKlass com/intellij/openapi/extensions/BaseExtensionPointName
instanceKlass sun/font/TrueTypeFont$1
instanceKlass sun/font/TrueTypeFont$TTDisposerRecord
instanceKlass com/intellij/ide/IdeEventQueueKt
instanceKlass com/intellij/ide/WindowsAltSuppressor
instanceKlass com/intellij/ide/IdeEventQueue$NonLockedEventDispatcher
instanceKlass java/beans/VetoableChangeListener
instanceKlass java/beans/VetoableChangeSupport
instanceKlass javax/swing/LayoutComparator
instanceKlass java/util/stream/ReduceOps$2ReducingSink
instanceKlass java/util/stream/ReduceOps$AccumulatingSink
instanceKlass java/util/stream/ReduceOps$ReduceOp
instanceKlass java/util/stream/ReduceOps
instanceKlass javax/swing/CompareTabOrderComparator
instanceKlass  @bci java/util/function/BinaryOperator maxBy (Ljava/util/Comparator;)Ljava/util/function/BinaryOperator; 6 <appendix> member <vmtarget> ; # java/util/function/BinaryOperator$$Lambda+0x0000022a35142f68
instanceKlass  @bci sun/awt/Win32FontManager registerJREFonts ()V 107 <appendix> argL0 ; # sun/awt/Win32FontManager$$Lambda+0x0000022a35142ca0
instanceKlass sun/awt/KeyboardFocusManagerPeerImpl
instanceKlass java/awt/peer/KeyboardFocusManagerPeer
instanceKlass javax/swing/KeyStroke$1
instanceKlass sun/swing/SwingAccessor$KeyStrokeAccessor
instanceKlass com/jetbrains/rhizomedb/AttributesKt
instanceKlass  @bci sun/awt/Win32FontManager registerJREFonts ()V 97 <appendix> member <vmtarget> ; # sun/awt/Win32FontManager$$Lambda+0x0000022a35141c00
instanceKlass sun/swing/SwingAccessor
instanceKlass java/util/stream/Streams$2
instanceKlass java/util/stream/Streams$ConcatSpliterator
instanceKlass java/awt/AWTKeyStroke
instanceKlass java/util/Spliterators$ArraySpliterator
instanceKlass kotlin/collections/EmptyList
instanceKlass com/jetbrains/rhizomedb/Attributes
instanceKlass java/awt/FocusTraversalPolicy
instanceKlass java/awt/DefaultKeyboardFocusManager$2
instanceKlass java/awt/DefaultKeyboardFocusManager$1
instanceKlass sun/awt/AWTAccessor$DefaultKeyboardFocusManagerAccessor
instanceKlass java/awt/KeyboardFocusManager$1
instanceKlass sun/awt/AWTAccessor$KeyboardFocusManagerAccessor
instanceKlass java/awt/KeyboardFocusManager
instanceKlass java/awt/KeyEventPostProcessor
instanceKlass java/awt/KeyEventDispatcher
instanceKlass com/intellij/ide/IdeKeyboardFocusManagerKt
instanceKlass  @bci com/intellij/util/ui/EDT <clinit> ()V 0 <appendix> argL0 ; # com/intellij/util/ui/EDT$$Lambda+0x0000022a351296d0
instanceKlass com/intellij/util/ui/EDT
instanceKlass  @bci com/intellij/openapi/application/impl/NonBlockingFlushQueue <init> (Lcom/intellij/openapi/application/ThreadingSupport;)V 101 <appendix> member <vmtarget> ; # com/intellij/openapi/application/impl/NonBlockingFlushQueue$$Lambda+0x0000022a35128d90
instanceKlass com/intellij/openapi/util/Ref
instanceKlass com/intellij/openapi/application/impl/NonBlockingFlushQueue$Companion
instanceKlass com/intellij/openapi/application/impl/NonBlockingFlushQueue
instanceKlass  @bci com/intellij/openapi/application/impl/FlushQueue <init> ()V 30 <appendix> member <vmtarget> ; # com/intellij/openapi/application/impl/FlushQueue$$Lambda+0x0000022a35128470
instanceKlass com/intellij/concurrency/ContextAwareRunnable
instanceKlass com/intellij/openapi/application/impl/BulkArrayQueue
instanceKlass  @bci java/util/stream/Collectors castingIdentity ()Ljava/util/function/Function; 0 <appendix> argL0 ; # java/util/stream/Collectors$$Lambda+0x80000006a
instanceKlass java/util/stream/Collectors
instanceKlass java/util/stream/Collector
instanceKlass  @bci it/unimi/dsi/fastutil/objects/ObjectArrayList <clinit> ()V 26 <appendix> argL0 ; # it/unimi/dsi/fastutil/objects/ObjectArrayList$$Lambda+0x0000022a35127bb8
instanceKlass java/util/function/BinaryOperator
instanceKlass  @bci it/unimi/dsi/fastutil/objects/ObjectArrayList <clinit> ()V 21 <appendix> argL0 ; # it/unimi/dsi/fastutil/objects/ObjectArrayList$$Lambda+0x0000022a35127958
instanceKlass  @bci it/unimi/dsi/fastutil/objects/ObjectArrayList <clinit> ()V 16 <appendix> argL0 ; # it/unimi/dsi/fastutil/objects/ObjectArrayList$$Lambda+0x0000022a35127708
instanceKlass it/unimi/dsi/fastutil/objects/ObjectListIterator
instanceKlass it/unimi/dsi/fastutil/objects/ObjectBidirectionalIterator
instanceKlass it/unimi/dsi/fastutil/BidirectionalIterator
instanceKlass it/unimi/dsi/fastutil/objects/ObjectSpliterator
instanceKlass it/unimi/dsi/fastutil/objects/ObjectIterator
instanceKlass it/unimi/dsi/fastutil/objects/ObjectList
instanceKlass it/unimi/dsi/fastutil/Stack
instanceKlass com/intellij/openapi/diagnostic/ThrottledLogger
instanceKlass com/intellij/openapi/application/impl/FlushQueue
instanceKlass com/intellij/util/EventDispatcher
instanceKlass com/intellij/openapi/application/ModalityStateListener
instanceKlass com/jetbrains/rhizomedb/Entity
instanceKlass com/intellij/openapi/application/ModalityState
instanceKlass kotlinx/coroutines/flow/internal/AbstractSharedFlowKt
instanceKlass kotlinx/coroutines/flow/SubscribedFlowCollector
instanceKlass kotlinx/coroutines/flow/internal/AbstractSharedFlowSlot
instanceKlass kotlinx/coroutines/flow/internal/ChannelFlowTransformLatest$flowCollect$3$1
instanceKlass kotlinx/coroutines/flow/internal/SendingCollector
instanceKlass kotlinx/coroutines/channels/BufferedChannel$BufferedChannelIterator
instanceKlass kotlinx/coroutines/channels/ChannelIterator
instanceKlass kotlinx/coroutines/flow/ThrowingCollector
instanceKlass kotlinx/coroutines/flow/FlowKt__EmittersKt
instanceKlass kotlinx/coroutines/flow/FlowKt__ChannelsKt
instanceKlass kotlin/coroutines/ContinuationKt
instanceKlass kotlinx/coroutines/channels/ProducerScope
instanceKlass javax/swing/RootPaneContainer
instanceKlass javax/swing/WindowConstants
instanceKlass kotlinx/coroutines/channels/BufferedChannelKt
instanceKlass com/intellij/openapi/application/impl/LaterInvocator
instanceKlass com/intellij/openapi/application/ThreadingRuntimeFlagsKt
instanceKlass  @bci com/intellij/ide/IdeEventQueue <init> ()V 293 <appendix> argL0 ; # com/intellij/ide/IdeEventQueue$$Lambda+0x0000022a3511d460
instanceKlass com/intellij/ide/HoverService
instanceKlass com/intellij/openapi/util/EmptyRunnable
instanceKlass kotlinx/coroutines/channels/BufferedChannel
instanceKlass javax/swing/TransferHandler$HasGetTransferHandler
instanceKlass kotlinx/coroutines/channels/Channel
instanceKlass kotlinx/coroutines/channels/ReceiveChannel
instanceKlass kotlinx/coroutines/channels/SendChannel
instanceKlass com/intellij/ide/IdePopupManager
instanceKlass com/intellij/ide/IdeEventQueue$EventDispatcher
instanceKlass kotlinx/coroutines/channels/ChannelKt
instanceKlass kotlinx/coroutines/channels/ProduceKt
instanceKlass kotlinx/coroutines/flow/internal/NopCollector
instanceKlass kotlinx/coroutines/flow/internal/FusibleFlow$DefaultImpls
instanceKlass kotlinx/coroutines/flow/FlowKt__ContextKt
instanceKlass kotlinx/coroutines/flow/internal/ChannelFlow
instanceKlass javax/accessibility/Accessible
instanceKlass kotlinx/coroutines/flow/FlowKt__MergeKt
instanceKlass kotlinx/coroutines/flow/FlowKt__CollectKt
instanceKlass kotlinx/coroutines/flow/FlowKt
instanceKlass com/intellij/openapi/actionSystem/Shortcut
instanceKlass com/intellij/openapi/keymap/impl/IdeMouseEventDispatcher
instanceKlass kotlinx/coroutines/flow/internal/AbstractSharedFlow
instanceKlass kotlinx/coroutines/flow/internal/FusibleFlow
instanceKlass kotlinx/coroutines/flow/CancellableFlow
instanceKlass kotlinx/coroutines/flow/MutableSharedFlow
instanceKlass kotlinx/coroutines/flow/FlowCollector
instanceKlass kotlinx/coroutines/flow/SharedFlow
instanceKlass kotlinx/coroutines/flow/Flow
instanceKlass kotlinx/coroutines/flow/SharedFlowKt
instanceKlass com/intellij/openapi/keymap/impl/KeyProcessorContext
instanceKlass com/intellij/openapi/actionSystem/AnActionEventVisitor
instanceKlass com/intellij/openapi/keymap/impl/keyGestures/KeyboardGestureProcessor$1
instanceKlass com/intellij/util/SystemProperties
instanceKlass javax/swing/Timer$DoPostEvent
instanceKlass javax/swing/Timer
instanceKlass com/intellij/util/ui/TimerUtil
instanceKlass  @bci com/intellij/openapi/keymap/impl/keyGestures/KeyboardGestureProcessor <init> (Lcom/intellij/openapi/keymap/impl/IdeKeyEventDispatcher;)V 101 <appendix> argL0 ; # com/intellij/openapi/keymap/impl/keyGestures/KeyboardGestureProcessor$$Lambda+0x0000022a351159d8
instanceKlass com/intellij/openapi/actionSystem/AnActionEvent
instanceKlass com/intellij/ui/PlaceProvider
instanceKlass com/intellij/openapi/keymap/impl/keyGestures/StateContext
instanceKlass com/intellij/openapi/keymap/impl/ActionProcessor
instanceKlass java/awt/event/ActionListener
instanceKlass com/intellij/openapi/keymap/impl/keyGestures/KeyGestureState
instanceKlass com/intellij/openapi/keymap/impl/keyGestures/KeyboardGestureProcessor
instanceKlass  @bci com/intellij/util/containers/ConcurrentRefHashMap <clinit> ()V 13 <appendix> argL0 ; # com/intellij/util/containers/ConcurrentRefHashMap$$Lambda+0x0000022a35112fb0
instanceKlass com/intellij/util/containers/ConcurrentRefHashMap$KeyReference
instanceKlass it/unimi/dsi/fastutil/ints/Int2ObjectMap$FastEntrySet
instanceKlass it/unimi/dsi/fastutil/ints/IntSet
instanceKlass it/unimi/dsi/fastutil/ints/IntCollection
instanceKlass it/unimi/dsi/fastutil/ints/IntIterable
instanceKlass it/unimi/dsi/fastutil/ints/Int2ObjectMap$Entry
instanceKlass it/unimi/dsi/fastutil/ints/AbstractInt2ObjectFunction
instanceKlass it/unimi/dsi/fastutil/ints/Int2ObjectMap
instanceKlass it/unimi/dsi/fastutil/ints/Int2ObjectFunction
instanceKlass com/intellij/util/containers/IntKeyWeakValueHashMap
instanceKlass com/intellij/openapi/util/Key
instanceKlass com/intellij/openapi/actionSystem/impl/PresentationFactory
instanceKlass com/intellij/openapi/keymap/impl/IdeKeyEventDispatcher$Companion
instanceKlass com/intellij/openapi/keymap/impl/IdeKeyEventDispatcher
instanceKlass  @bci com/intellij/platform/locking/impl/NestedLocksThreadingSupport <init> ()V 252 <appendix> argL0 ; # com/intellij/platform/locking/impl/NestedLocksThreadingSupport$$Lambda+0x0000022a3510dbe0
instanceKlass  @bci com/intellij/platform/locking/impl/NestedLocksThreadingSupport <init> ()V 234 <appendix> argL0 ; # com/intellij/platform/locking/impl/NestedLocksThreadingSupport$$Lambda+0x0000022a3510d990
instanceKlass kotlinx/collections/immutable/implementations/immutableMap/TrieNode$ModificationResult
instanceKlass kotlinx/collections/immutable/implementations/immutableMap/TrieNodeKt
instanceKlass com/jetbrains/rhizomedb/MutableNoveltyKey
instanceKlass com/jetbrains/rhizomedb/ChangeScopeKey
instanceKlass fleet/util/openmap/Key
instanceKlass com/intellij/platform/locking/impl/PermitWaitingInterceptor
instanceKlass  @bci com/intellij/platform/locking/impl/NestedLocksThreadingSupport <init> ()V 216 <appendix> argL0 ; # com/intellij/platform/locking/impl/NestedLocksThreadingSupport$$Lambda+0x0000022a3510c9e0
instanceKlass  @bci com/intellij/platform/locking/impl/NestedLocksThreadingSupport <init> ()V 204 <appendix> argL0 ; # com/intellij/platform/locking/impl/NestedLocksThreadingSupport$$Lambda+0x0000022a3510c790
instanceKlass  @bci com/intellij/platform/locking/impl/NestedLocksThreadingSupport <init> ()V 186 <appendix> argL0 ; # com/intellij/platform/locking/impl/NestedLocksThreadingSupport$$Lambda+0x0000022a3510c540
instanceKlass  @bci com/intellij/platform/locking/impl/NestedLocksThreadingSupport <init> ()V 174 <appendix> argL0 ; # com/intellij/platform/locking/impl/NestedLocksThreadingSupport$$Lambda+0x0000022a3510c2f0
instanceKlass  @bci com/intellij/platform/locking/impl/NestedLocksThreadingSupport <init> ()V 162 <appendix> argL0 ; # com/intellij/platform/locking/impl/NestedLocksThreadingSupport$$Lambda+0x0000022a3510c0a0
instanceKlass  @bci com/intellij/platform/locking/impl/NestedLocksThreadingSupport <init> ()V 43 <appendix> argL0 ; # com/intellij/platform/locking/impl/NestedLocksThreadingSupport$$Lambda+0x0000022a3510be50
instanceKlass com/jetbrains/rhizomedb/ChangeScope$Companion$fromContext$1
instanceKlass com/intellij/core/rwmutex/cqs/CancellableQueueSynchronizerKt
instanceKlass kotlinx/coroutines/internal/ConcurrentLinkedListNode
instanceKlass com/intellij/core/rwmutex/cqs/CancellableQueueSynchronizer
instanceKlass com/jetbrains/rhizomedb/ChangeScope$Companion
instanceKlass com/intellij/core/rwmutex/ReadWriteMutexWithWriteIntentImpl
instanceKlass com/intellij/core/rwmutex/ReadWriteMutexWithWriteIntent
instanceKlass com/jetbrains/rhizomedb/ChangeScope
instanceKlass  @bci com/intellij/core/rwmutex/RWMutexIdeaImpl <init> ()V 1 <appendix> argL0 ; # com/intellij/core/rwmutex/RWMutexIdeaImpl$$Lambda+0x0000022a351096c0
instanceKlass com/intellij/core/rwmutex/ReadPermitImpl
instanceKlass com/jetbrains/rhizomedb/ChangeScopeKt
instanceKlass com/intellij/core/rwmutex/ReadPermit
instanceKlass com/intellij/core/rwmutex/RWMutexIdeaImpl
instanceKlass com/intellij/core/rwmutex/RWMutexIdea
instanceKlass com/intellij/core/rwmutex/RWMutexIdeaKt
instanceKlass com/intellij/core/rwmutex/WriteIntentPermit
instanceKlass com/jetbrains/rhizomedb/DbContext$Companion
instanceKlass com/intellij/platform/locking/impl/ParallelizablePermit
instanceKlass com/intellij/platform/locking/impl/NestedLocksThreadingSupport$ComputationState
instanceKlass com/jetbrains/rhizomedb/DbContextKt
instanceKlass  @bci com/intellij/platform/locking/impl/NestedLocksThreadingSupport <init> ()V 5 <appendix> argL0 ; # com/intellij/platform/locking/impl/NestedLocksThreadingSupport$$Lambda+0x0000022a35106b90
instanceKlass com/intellij/core/rwmutex/Permit
instanceKlass com/intellij/platform/locking/impl/NestedLocksThreadingSupport$Companion
instanceKlass com/jetbrains/rhizomedb/DBUtilKt$processingNovelty$1$1
instanceKlass com/intellij/platform/locking/impl/NestedLocksThreadingSupport
instanceKlass com/jetbrains/rhizomedb/DBUtilKt
instanceKlass com/intellij/openapi/application/ThreadingSupport
instanceKlass kotlin/jvm/internal/CallableReference$NoReceiver
instanceKlass com/intellij/platform/locking/impl/IntelliJLockingUtil
instanceKlass kotlinx/collections/immutable/internal/MutabilityOwnership
instanceKlass com/intellij/util/containers/LockFreeCopyOnWriteArrayList
instanceKlass kotlinx/collections/immutable/PersistentMap$Builder
instanceKlass com/jetbrains/rhizomedb/Novelty$Companion
instanceKlass com/intellij/openapi/util/Condition
instanceKlass com/jetbrains/rhizomedb/Novelty
instanceKlass kotlinx/collections/immutable/ImmutableCollection
instanceKlass com/intellij/util/containers/ConcurrentList
instanceKlass com/intellij/util/containers/IntObjectMap
instanceKlass com/jetbrains/rhizomedb/MutableNovelty
instanceKlass com/intellij/util/containers/ObjectIntMap
instanceKlass fleet/util/openmap/MutableBoundedOpenMapImpl
instanceKlass com/intellij/util/containers/MultiMap
instanceKlass fleet/util/openmap/MutableBoundedOpenMap$Companion
instanceKlass com/intellij/util/containers/ContainerUtil
instanceKlass fleet/util/openmap/MutableBoundedOpenMap
instanceKlass fleet/util/openmap/BoundedOpenMap
instanceKlass fleet/util/openmap/OpenMapView
instanceKlass com/jetbrains/rhizomedb/MutableDb
instanceKlass com/jetbrains/rhizomedb/Mut
instanceKlass com/jetbrains/rhizomedb/ChangeKt
instanceKlass kotlinx/collections/immutable/implementations/immutableMap/TrieNode$Companion
instanceKlass  @bci com/intellij/ide/IdeEventQueue <clinit> ()V 11 <appendix> argL0 ; # com/intellij/ide/IdeEventQueue$$Lambda+0x0000022a350e9000
instanceKlass com/intellij/ide/IdeEventQueue$Companion
instanceKlass kotlinx/collections/immutable/implementations/immutableMap/TrieNode
instanceKlass kotlinx/collections/immutable/implementations/immutableMap/PersistentHashMap$Companion
instanceKlass kotlin/collections/AbstractMap$Companion
instanceKlass kotlin/collections/AbstractMap
instanceKlass kotlinx/collections/immutable/PersistentMap
instanceKlass kotlinx/collections/immutable/ImmutableMap
instanceKlass java/awt/TrayIcon
instanceKlass java/awt/MenuComponent
instanceKlass sun/font/SunFontManager$2
instanceKlass java/awt/EventQueue$4
instanceKlass sun/awt/dnd/SunDragSourceContextPeer
instanceKlass java/awt/dnd/peer/DragSourceContextPeer
instanceKlass  @bci java/io/IoOverNioFileSystem list0 (Ljava/io/File;)[Ljava/lang/String; 163 <appendix> argL0 ; # java/io/IoOverNioFileSystem$$Lambda+0x0000022a350f64d8
instanceKlass java/awt/ModalEventFilter
instanceKlass java/awt/EventDispatchThread$HierarchyEventFilter
instanceKlass java/awt/EventFilter
instanceKlass java/awt/EventDispatchThread$1
instanceKlass java/awt/Conditional
instanceKlass sun/awt/EventQueueItem
instanceKlass kotlinx/collections/immutable/ExtensionsKt
instanceKlass com/jetbrains/rhizomedb/QueryCache$QueryCacheData
instanceKlass com/jetbrains/rhizomedb/QueryCache$Companion
instanceKlass com/jetbrains/rhizomedb/QueryCache
instanceKlass com/jetbrains/rhizomedb/impl/ArrayWithEditor$Companion
instanceKlass com/jetbrains/rhizomedb/impl/ArrayWithEditor
instanceKlass sun/nio/fs/WindowsDirectoryStream$WindowsDirectoryIterator
instanceKlass com/intellij/platform/core/nio/fs/DelegatingFileSystemProvider$WrappingDirectoryStream$1
instanceKlass sun/nio/fs/WindowsDirectoryStream
instanceKlass  @bci com/intellij/platform/core/nio/fs/DelegatingFileSystemProvider craftFilter (Ljava/nio/file/DirectoryStream$Filter;)Ljava/nio/file/DirectoryStream$Filter; 23 <appendix> member <vmtarget> ; # com/intellij/platform/core/nio/fs/DelegatingFileSystemProvider$$Lambda+0x0000022a350f4a88
instanceKlass  @cpi com/intellij/platform/core/nio/fs/DelegatingFileSystemProvider 358 form vmentry <vmtarget> ; # java/lang/invoke/LambdaForm$DMH+0x0000022a350e8400
instanceKlass  @bci com/intellij/platform/core/nio/fs/BasicFileAttributesHolder2$FetchAttributesFilter <clinit> ()V 0 <appendix> argL0 ; # com/intellij/platform/core/nio/fs/BasicFileAttributesHolder2$FetchAttributesFilter$$Lambda+0x0000022a350f4828
instanceKlass com/intellij/platform/core/nio/fs/BasicFileAttributesHolder2
instanceKlass com/intellij/platform/core/nio/fs/BasicFileAttributesHolder2$FetchAttributesFilter
instanceKlass com/intellij/platform/core/nio/fs/DelegatingFileSystemProvider$WrappingDirectoryStream
instanceKlass java/io/IoOverNioFileSystem$AcceptAllFilter
instanceKlass  @bci sun/font/SunFontManager initJREFontMap ()V 11 <appendix> member <vmtarget> ; # sun/font/SunFontManager$$Lambda+0x0000022a350f3c38
instanceKlass  @bci sun/font/SunFontManager JREFontsDirExists (Ljava/lang/String;)Z 1 <appendix> member <vmtarget> ; # sun/font/SunFontManager$$Lambda+0x0000022a350f39e0
instanceKlass sun/awt/Win32FontManager$1
instanceKlass sun/font/GlyphRenderData
instanceKlass sun/font/GlyphList
instanceKlass sun/font/StrikeCache$1
instanceKlass sun/font/StrikeCache
instanceKlass sun/font/FontStrike
instanceKlass sun/font/CharToGlyphMapper
instanceKlass com/jetbrains/rhizomedb/impl/AEVT$Companion
instanceKlass java/awt/geom/Path2D
instanceKlass com/jetbrains/rhizomedb/impl/AEVT
instanceKlass fleet/util/radixTrie/RadixTrieNode$Companion
instanceKlass fleet/util/radixTrie/RadixTrieNode
instanceKlass com/jetbrains/rhizomedb/impl/VAET$Companion
instanceKlass com/jetbrains/rhizomedb/impl/VAET
instanceKlass fleet/fastutil/HashCommon
instanceKlass fleet/fastutil/ints/Int2ObjectOpenHashMap
instanceKlass fleet/fastutil/ints/MutableIntMap
instanceKlass fleet/fastutil/ints/IntMap
instanceKlass fleet/fastutil/Hash
instanceKlass com/jetbrains/rhizomedb/impl/IntMapWithEditor$Companion
instanceKlass com/jetbrains/rhizomedb/impl/IntMapWithEditor
instanceKlass com/jetbrains/rhizomedb/impl/Editor
instanceKlass com/jetbrains/rhizomedb/impl/AVET$Companion
instanceKlass com/jetbrains/rhizomedb/impl/AVET
instanceKlass com/jetbrains/rhizomedb/impl/Index$Partition$Companion
instanceKlass com/jetbrains/rhizomedb/impl/Index$Partition
instanceKlass com/jetbrains/rhizomedb/impl/Index$Companion
instanceKlass com/jetbrains/rhizomedb/impl/Index
instanceKlass java/awt/geom/RectangularShape
instanceKlass java/awt/Shape
instanceKlass kotlin/SynchronizedLazyImpl
instanceKlass sun/font/StrikeMetrics
instanceKlass java/awt/geom/Point2D
instanceKlass com/jetbrains/rhizomedb/DB$Companion
instanceKlass com/jetbrains/rhizomedb/DB
instanceKlass com/jetbrains/rhizomedb/Q
instanceKlass sun/awt/SunHints$Value
instanceKlass kotlin/text/CharsKt__CharJVMKt
instanceKlass java/awt/RenderingHints$Key
instanceKlass sun/awt/SunHints
instanceKlass java/awt/RenderingHints
instanceKlass java/awt/font/FontRenderContext
instanceKlass fleet/util/RandomKt
instanceKlass sun/font/Font2D
instanceKlass kotlin/internal/jdk8/JDK8PlatformImplementations$ReflectSdkVersion
instanceKlass kotlin/internal/PlatformImplementations
instanceKlass kotlin/internal/PlatformImplementationsKt
instanceKlass kotlin/random/Random
instanceKlass fleet/util/Random
instanceKlass fleet/util/UID$Companion
instanceKlass  @bci sun/awt/AWTThreading getInstance (Ljava/lang/Thread;)Lsun/awt/AWTThreading; 23 <appendix> member <vmtarget> ; # sun/awt/AWTThreading$$Lambda+0x0000022a3507c350
instanceKlass fleet/util/UID
instanceKlass  @bci sun/awt/AWTThreading <clinit> ()V 39 <appendix> argL0 ; # sun/awt/AWTThreading$$Lambda+0x0000022a3507c0e0
instanceKlass fleet/multiplatform/shims/ThreadLocalKey
instanceKlass  @bci sun/awt/AWTThreading <clinit> ()V 27 <appendix> argL0 ; # sun/awt/AWTThreading$$Lambda+0x0000022a3507be90
instanceKlass fleet/multiplatform/shims/ThreadLocalElement
instanceKlass  @cpi java/awt/SystemColor 241 form vmentry <vmtarget> ; # java/lang/invoke/LambdaForm$DMH+0x0000022a350e8000
instanceKlass  @bci com/intellij/openapi/util/NotNullLazyValue createConstantValue (Ljava/lang/Object;)Lcom/intellij/openapi/util/NotNullLazyValue; 9 <appendix> member <vmtarget> ; # com/intellij/openapi/util/NotNullLazyValue$$Lambda+0x0000022a350e41c8
instanceKlass fleet/multiplatform/shims/ThreadLocalElementKt
instanceKlass fleet/tracing/runtime/SpanInfo
instanceKlass fleet/tracing/SpanInfoBuilder
instanceKlass sun/awt/AWTThreading
instanceKlass com/intellij/openapi/util/NotNullLazyValue
instanceKlass fleet/tracing/runtime/Span$Noop
instanceKlass fleet/tracing/runtime/CompletableSpan
instanceKlass fleet/tracing/runtime/Span
instanceKlass  @bci fleet/multiplatform/shims/ThreadLocal_jvmKt$threadLocal$1 <init> (Lkotlin/jvm/functions/Function0;)V 6 <appendix> member <vmtarget> ; # fleet/multiplatform/shims/ThreadLocal_jvmKt$threadLocal$1$$Lambda+0x0000022a350e1e58
instanceKlass java/awt/EventQueue$6
instanceKlass java/awt/event/InvocationEvent$1
instanceKlass fleet/multiplatform/shims/ThreadLocal_jvmKt$threadLocal$1
instanceKlass com/intellij/util/ArrayUtilRt
instanceKlass sun/awt/AWTAccessor$InvocationEventAccessor
instanceKlass fleet/multiplatform/shims/ThreadLocal
instanceKlass sun/font/FontManagerNativeLibrary$1
instanceKlass sun/font/FontManagerNativeLibrary
instanceKlass java/awt/ActiveEvent
instanceKlass com/intellij/util/text/CharArrayCharSequence
instanceKlass com/intellij/openapi/util/text/CharSequenceWithStringHash
instanceKlass sun/font/SunFontManager$1
instanceKlass fleet/multiplatform/shims/ThreadLocal_jvmKt
instanceKlass sun/awt/PostEventQueue
instanceKlass com/intellij/util/text/CharSequenceBackedByArray
instanceKlass sun/font/SunFontManager$T1Filter
instanceKlass sun/awt/MostRecentKeyValue
instanceKlass sun/font/SunFontManager$TTFilter
instanceKlass java/io/FilenameFilter
instanceKlass sun/font/Font2DHandle
instanceKlass fleet/multiplatform/shims/ThreadLocalKt
instanceKlass fleet/reporting/shared/runtime/TlKt
instanceKlass java/awt/Queue
instanceKlass sun/awt/AppContext$1
instanceKlass com/intellij/openapi/util/text/Strings
instanceKlass sun/font/SunFontManager
instanceKlass sun/awt/AppContext$2
instanceKlass fleet/reporting/shared/tracing/TracingKt
instanceKlass sun/awt/AppContext$3
instanceKlass sun/awt/AppContext$6
instanceKlass jdk/internal/access/JavaAWTAccess
instanceKlass sun/font/FontManagerForSGE
instanceKlass sun/font/FontManager
instanceKlass sun/awt/AppContext$GetAppContextLock
instanceKlass sun/java2d/FontSupport
instanceKlass sun/awt/AppContext
instanceKlass com/intellij/openapi/util/SystemInfo
instanceKlass fleet/kernel/TransactorKt
instanceKlass com/intellij/ui/AppUIUtilKt$WhenMappings
instanceKlass java/awt/EventQueue$3
instanceKlass java/awt/EventQueue$2
instanceKlass sun/awt/AWTAccessor$EventQueueAccessor
instanceKlass com/intellij/ui/AppUIUtilKt
instanceKlass java/awt/EventQueue$1
instanceKlass java/awt/EventQueue
instanceKlass kotlin/jvm/functions/Function3
instanceKlass sun/font/PlatformFontInfo
instanceKlass sun/font/FontManagerFactory
instanceKlass com/intellij/util/ui/StartupUiUtil
instanceKlass kotlinx/coroutines/CompletedContinuation
instanceKlass  @bci fleet/kernel/rebase/InstructionSet encoder ()Lfleet/kernel/rebase/InstructionEncoder; 1 <appendix> member <vmtarget> ; # fleet/kernel/rebase/InstructionSet$$Lambda+0x0000022a350da000
instanceKlass sun/awt/SunDisplayChanger
instanceKlass sun/java2d/windows/WindowsFlags$1
instanceKlass sun/java2d/windows/WindowsFlags
instanceKlass fleet/kernel/rebase/SharedInstructionData
instanceKlass fleet/kernel/rebase/InstructionEncodingContext
instanceKlass com/jetbrains/rhizomedb/DbContext
instanceKlass java/awt/GraphicsEnvironment$LocalGE
instanceKlass fleet/kernel/rebase/InstructionEncoder
instanceKlass fleet/kernel/rebase/LeaderTransactorMiddleware
instanceKlass fleet/kernel/TransactorMiddleware
instanceKlass com/jetbrains/rhizomedb/CreateEntity
instanceKlass fleet/kernel/rebase/Validate
instanceKlass  @bci sun/awt/windows/WToolkit <init> ()V 142 <appendix> argL0 ; # sun/awt/windows/WToolkit$$Lambda+0x0000022a35074d80
instanceKlass  @bci sun/awt/windows/WToolkit lambda$registerShutdownHook$4 ()Ljava/lang/Void; 8 <appendix> member <vmtarget> ; # sun/awt/windows/WToolkit$$Lambda+0x0000022a35074b28
instanceKlass  @bci sun/awt/windows/WToolkit registerShutdownHook ()V 1 <appendix> member <vmtarget> ; # sun/awt/windows/WToolkit$$Lambda+0x0000022a350748d0
instanceKlass com/jetbrains/rhizomedb/RetractEntityInPartition
instanceKlass com/jetbrains/rhizomedb/RetractAttribute
instanceKlass com/jetbrains/rhizomedb/AtomicComposite
instanceKlass kotlin/jvm/JvmClassMappingKt
instanceKlass com/jetbrains/rhizomedb/Add
instanceKlass kotlin/collections/builders/ListBuilderKt
instanceKlass kotlin/collections/builders/MapBuilder$Companion
instanceKlass kotlin/collections/builders/MapBuilder
instanceKlass kotlin/jvm/internal/markers/KMutableMap
instanceKlass fleet/kernel/rebase/InstructionCodingKt
instanceKlass com/intellij/platform/pasta/common/ChangeDocument$Companion
instanceKlass com/intellij/platform/pasta/common/ChangeDocument
instanceKlass fleet/kernel/rebase/CreateEntityCoder
instanceKlass fleet/kernel/rebase/ValidateCoder
instanceKlass com/jetbrains/rhizomedb/ReifyEntities
instanceKlass  @bci sun/awt/windows/WToolkit run ()V 0 <appendix> argL0 ; # sun/awt/windows/WToolkit$$Lambda+0x0000022a35074680
instanceKlass com/jetbrains/rhizomedb/MapAttribute
instanceKlass  @bci sun/awt/windows/WToolkit <init> ()V 93 <appendix> member <vmtarget> ; # sun/awt/windows/WToolkit$$Lambda+0x0000022a35074428
instanceKlass  @bci sun/awt/windows/WToolkit <init> ()V 68 <appendix> argL0 ; # sun/awt/windows/WToolkit$$Lambda+0x0000022a350741d8
instanceKlass com/jetbrains/rhizomedb/EffectInstruction
instanceKlass fleet/kernel/rebase/LocalInstructionCoder
instanceKlass fleet/kernel/rebase/RetractEntityCoder
instanceKlass fleet/kernel/rebase/RetractAttributeCoder
instanceKlass  @bci kotlinx/serialization/internal/PluginGeneratedSerialDescriptor <init> (Ljava/lang/String;Lkotlinx/serialization/internal/GeneratedSerializer;I)V 145 <appendix> member <vmtarget> ; # kotlinx/serialization/internal/PluginGeneratedSerialDescriptor$$Lambda+0x0000022a350d6f28
instanceKlass java/net/DefaultInterface
instanceKlass java/net/Inet6Address$Inet6AddressHolder
instanceKlass java/net/InetAddress$PlatformResolver
instanceKlass java/net/spi/InetAddressResolver
instanceKlass java/net/spi/InetAddressResolver$LookupPolicy
instanceKlass java/net/Inet4AddressImpl
instanceKlass java/net/Inet6AddressImpl
instanceKlass java/net/InetAddressImpl
instanceKlass java/util/concurrent/ConcurrentSkipListMap$Node
instanceKlass java/util/concurrent/ConcurrentSkipListMap$Index
instanceKlass java/util/concurrent/ConcurrentNavigableMap
instanceKlass java/util/NavigableSet
instanceKlass java/net/InetAddress$InetAddressHolder
instanceKlass java/net/InetAddress$1
instanceKlass jdk/internal/access/JavaNetInetAddressAccess
instanceKlass java/net/InetAddress
instanceKlass java/net/InterfaceAddress
instanceKlass java/net/NetworkInterface
instanceKlass sun/security/provider/ByteArrayAccess$BE
instanceKlass sun/security/provider/ByteArrayAccess
instanceKlass sun/security/provider/SeedGenerator$1
instanceKlass sun/security/util/MessageDigestSpi2
instanceKlass sun/security/jca/GetInstance$Instance
instanceKlass java/security/MessageDigestSpi
instanceKlass sun/security/provider/SeedGenerator
instanceKlass sun/security/provider/AbstractDrbg$SeederHolder
instanceKlass java/security/DrbgParameters$NextBytes
instanceKlass sun/nio/ch/PipeImpl$Initializer$LoopbackConnector
instanceKlass sun/nio/ch/PipeImpl$Initializer
instanceKlass java/nio/channels/Pipe
instanceKlass sun/nio/ch/WEPoll
instanceKlass sun/nio/ch/Util$2
instanceKlass java/nio/channels/Selector
instanceKlass  @bci java/util/regex/Pattern negate (Ljava/util/regex/Pattern$CharPredicate;)Ljava/util/regex/Pattern$CharPredicate; 1 <appendix> member <vmtarget> ; # java/util/regex/Pattern$$Lambda+0x80000005a
instanceKlass com/intellij/openapi/util/text/StringUtil$Splitters
instanceKlass java/util/Collections$UnmodifiableCollection$1
instanceKlass java/lang/StackTraceElement$HashedModules
instanceKlass java/lang/Throwable$PrintStreamOrWriter
instanceKlass java/io/PrintWriter$1
instanceKlass jdk/internal/access/JavaIOPrintWriterAccess
instanceKlass com/intellij/ide/f/j/a3
instanceKlass java/util/concurrent/ForkJoinPool$2
instanceKlass jdk/internal/access/JavaUtilConcurrentFJPAccess
instanceKlass  @bci sun/awt/AWTAutoShutdown activateBlockerThread ()V 1 <appendix> member <vmtarget> ; # sun/awt/AWTAutoShutdown$$Lambda+0x0000022a350722e0
instanceKlass java/util/concurrent/ForkJoinPool$DefaultForkJoinWorkerThreadFactory
instanceKlass java/util/concurrent/ForkJoinTask
instanceKlass java/util/concurrent/ForkJoinPool$WorkQueue
instanceKlass java/util/concurrent/CountDownLatch
instanceKlass sun/awt/AWTAutoShutdown
instanceKlass java/util/concurrent/ConcurrentLinkedDeque$Node
instanceKlass sun/awt/util/ThreadGroupUtils
instanceKlass  @bci sun/java2d/Disposer <clinit> ()V 104 <appendix> argL0 ; # sun/java2d/Disposer$$Lambda+0x0000022a35071588
instanceKlass sun/java2d/Disposer$1
instanceKlass sun/java2d/Disposer
instanceKlass sun/awt/windows/WToolkit$ToolkitDisposer
instanceKlass sun/java2d/DisposerRecord
instanceKlass  @bci sun/awt/Win32GraphicsDevice <init> (I)V 36 <appendix> form vmentry <vmtarget> ; # java/lang/invoke/LambdaForm$MH+0x0000022a350d9000
instanceKlass  @bci sun/awt/Win32GraphicsDevice <init> (I)V 36 <appendix> argL3 form vmentry <vmtarget> ; # java/lang/invoke/LambdaForm$MH+0x0000022a350d8c00
# instanceKlass java/lang/invoke/LambdaForm$MH+0x0000022a350d8800
# instanceKlass java/lang/invoke/LambdaForm$MH+0x0000022a350d8400
# instanceKlass java/lang/invoke/LambdaForm$MH+0x0000022a350d8000
instanceKlass sun/awt/util/PerformanceLogger$TimeData
instanceKlass sun/awt/util/PerformanceLogger
instanceKlass sun/awt/SunToolkit$ModalityListenerList
instanceKlass sun/awt/ModalityListener
instanceKlass java/beans/PropertyChangeListener
instanceKlass java/beans/ChangeListenerMap
instanceKlass java/beans/PropertyChangeSupport
instanceKlass  @bci kotlinx/serialization/internal/PluginGeneratedSerialDescriptor <init> (Ljava/lang/String;Lkotlinx/serialization/internal/GeneratedSerializer;I)V 129 <appendix> member <vmtarget> ; # kotlinx/serialization/internal/PluginGeneratedSerialDescriptor$$Lambda+0x0000022a350d67e0
instanceKlass  @bci kotlinx/serialization/internal/PluginGeneratedSerialDescriptor <init> (Ljava/lang/String;Lkotlinx/serialization/internal/GeneratedSerializer;I)V 113 <appendix> member <vmtarget> ; # kotlinx/serialization/internal/PluginGeneratedSerialDescriptor$$Lambda+0x0000022a350d6360
instanceKlass javax/swing/event/EventListenerList
instanceKlass sun/awt/windows/WDesktopPeer
instanceKlass java/awt/peer/DesktopPeer
instanceKlass kotlin/collections/EmptyMap
instanceKlass java/awt/Component$DummyRequestFocusController
instanceKlass sun/awt/RequestFocusController
instanceKlass java/awt/Component$1
instanceKlass sun/awt/AWTAccessor$ComponentAccessor
instanceKlass kotlinx/serialization/internal/PluginGeneratedSerialDescriptor
instanceKlass kotlinx/serialization/internal/CachedNames
instanceKlass kotlinx/serialization/descriptors/SerialDescriptor
instanceKlass java/awt/font/JavaAWTFontAccessImpl
instanceKlass jdk/internal/access/JavaAWTFontAccess
instanceKlass fleet/kernel/rebase/SharedRemove$$serializer
instanceKlass kotlinx/serialization/internal/GeneratedSerializer
instanceKlass java/text/AttributedCharacterIterator$Attribute
instanceKlass kotlin/jvm/internal/Lambda
instanceKlass fleet/kernel/rebase/SharedRemove$Companion
instanceKlass sun/font/AttributeValues
instanceKlass fleet/kernel/rebase/SharedRemove
instanceKlass kotlin/reflect/jvm/internal/KClassImpl$$Lambda$0
instanceKlass kotlin/_Assertions
instanceKlass kotlin/reflect/jvm/internal/impl/name/ClassId$Companion
instanceKlass kotlin/reflect/jvm/internal/impl/name/ClassId
instanceKlass kotlin/collections/ArraysUtilJVM
instanceKlass java/lang/Override
instanceKlass java/lang/annotation/Documented
instanceKlass java/lang/Deprecated
instanceKlass java/lang/annotation/Retention
instanceKlass java/lang/annotation/Target
instanceKlass java/awt/geom/AffineTransform
instanceKlass kotlin/reflect/jvm/internal/impl/resolve/jvm/JvmClassName
instanceKlass kotlin/reflect/jvm/internal/impl/name/Name
instanceKlass sun/font/FontAccess
instanceKlass kotlin/reflect/jvm/internal/impl/name/FqNameUnsafe$Companion
instanceKlass kotlin/reflect/jvm/internal/impl/name/FqNameUnsafe
instanceKlass kotlin/reflect/jvm/internal/impl/name/FqName$Companion
instanceKlass java/awt/Font
instanceKlass kotlin/reflect/jvm/internal/impl/load/java/JvmAnnotationNames
instanceKlass kotlin/reflect/jvm/internal/impl/name/FqName
instanceKlass kotlin/reflect/jvm/internal/impl/SpecialJvmAnnotations
instanceKlass kotlin/reflect/jvm/internal/KClassImpl$Companion
instanceKlass kotlin/text/Regex$Companion
instanceKlass kotlin/text/Regex
instanceKlass kotlin/jvm/internal/DefaultConstructorMarker
instanceKlass kotlin/reflect/jvm/internal/KDeclarationContainerImpl$Companion
instanceKlass sun/awt/windows/WObjectPeer
instanceKlass java/awt/dnd/peer/DropTargetPeer
instanceKlass java/awt/peer/ComponentPeer
instanceKlass kotlin/reflect/jvm/internal/KTypeParameterOwnerImpl
instanceKlass java/awt/event/InputEvent$1
instanceKlass sun/awt/AWTAccessor$InputEventAccessor
instanceKlass kotlin/reflect/jvm/internal/KClassifierImpl
instanceKlass kotlin/reflect/jvm/internal/CachesKt$$Lambda$4
instanceKlass java/awt/event/NativeLibLoader$1
instanceKlass java/awt/event/NativeLibLoader
instanceKlass kotlin/reflect/jvm/internal/CachesKt$$Lambda$3
instanceKlass kotlin/reflect/jvm/internal/CachesKt$$Lambda$2
instanceKlass java/awt/AWTEvent$1
instanceKlass sun/awt/AWTAccessor$AWTEventAccessor
instanceKlass java/util/EventObject
instanceKlass kotlin/reflect/jvm/internal/CachesKt$$Lambda$1
instanceKlass java/awt/Component$AWTTreeLock
instanceKlass kotlin/reflect/jvm/internal/CacheByClass
instanceKlass kotlin/reflect/jvm/internal/CacheByClassKt
instanceKlass kotlin/reflect/jvm/internal/CachesKt$$Lambda$0
instanceKlass kotlin/reflect/jvm/internal/CachesKt
instanceKlass java/awt/Component
instanceKlass kotlin/reflect/jvm/internal/KDeclarationContainerImpl
instanceKlass kotlin/jvm/internal/ClassBasedDeclarationContainer
instanceKlass java/awt/MenuContainer
instanceKlass java/awt/image/ImageObserver
instanceKlass com/intellij/platform/core/nio/fs/CorePath
# instanceKlass java/lang/invoke/LambdaForm$MH+0x0000022a350c8c00
instanceKlass sun/awt/DisplayChangedListener
instanceKlass kotlin/jvm/internal/CallableReference
# instanceKlass java/lang/invoke/LambdaForm$MH+0x0000022a350c8800
instanceKlass sun/awt/image/SurfaceManager
instanceKlass kotlin/reflect/KFunction
instanceKlass sun/awt/image/SurfaceManager$ImageAccessor
instanceKlass kotlin/reflect/KMutableProperty1
instanceKlass  @cpi it/unimi/dsi/fastutil/objects/ObjectArrayList 161 form vmentry <vmtarget> ; # java/lang/invoke/LambdaForm$DMH+0x0000022a350c8400
instanceKlass java/awt/ImageCapabilities
instanceKlass kotlin/reflect/KMutableProperty2
instanceKlass kotlin/reflect/KMutableProperty0
instanceKlass kotlin/reflect/KMutableProperty
instanceKlass java/awt/Image
instanceKlass kotlin/reflect/KTypeParameter
instanceKlass sun/java2d/DestSurfaceProvider
instanceKlass kotlin/reflect/KProperty0
instanceKlass kotlin/reflect/KProperty1
instanceKlass kotlin/reflect/KProperty2
instanceKlass kotlin/reflect/KProperty
instanceKlass kotlin/reflect/KCallable
instanceKlass sun/java2d/loops/RenderCache
instanceKlass kotlin/reflect/KType
instanceKlass kotlin/jvm/internal/ReflectionFactory
instanceKlass sun/java2d/pipe/DrawImage
instanceKlass sun/java2d/pipe/GeneralCompositePipe
instanceKlass kotlin/jvm/internal/Reflection
instanceKlass sun/java2d/pipe/SpanShapeRenderer
instanceKlass com/jetbrains/rhizomedb/Remove
instanceKlass com/jetbrains/rhizomedb/Instruction
instanceKlass sun/java2d/pipe/AlphaPaintPipe
instanceKlass fleet/kernel/rebase/RemoveCoder
instanceKlass sun/java2d/pipe/AAShapePipe
instanceKlass java/lang/ProcessHandleImpl$Info
instanceKlass java/lang/ProcessHandle$Info
instanceKlass fleet/kernel/rebase/CompositeCoder
instanceKlass sun/java2d/pipe/RegionIterator
instanceKlass sun/java2d/pipe/Region
instanceKlass sun/java2d/pipe/SpanClipRenderer
instanceKlass fleet/kernel/rebase/AddCoder
instanceKlass sun/java2d/pipe/PixelToShapeConverter
instanceKlass sun/java2d/pipe/AlphaColorPipe
instanceKlass sun/java2d/pipe/CompositePipe
instanceKlass com/intellij/openapi/util/io/NioFiles$1
instanceKlass java/util/Formatter$Flags
instanceKlass java/util/Formattable
instanceKlass java/util/Formatter$FormatSpecifier
instanceKlass java/util/Formatter$Conversion
instanceKlass com/intellij/openapi/util/io/NioFiles
instanceKlass java/util/Formatter$FixedString
instanceKlass java/util/Formatter$FormatString
instanceKlass  @bci java/util/regex/Pattern union (Ljava/util/regex/Pattern$CharPredicate;Ljava/util/regex/Pattern$CharPredicate;Z)Ljava/util/regex/Pattern$CharPredicate; 6 <appendix> member <vmtarget> ; # java/util/regex/Pattern$$Lambda+0x80000005b
instanceKlass  @bci java/util/regex/Pattern Range (II)Ljava/util/regex/Pattern$CharPredicate; 23 <appendix> member <vmtarget> ; # java/util/regex/Pattern$$Lambda+0x800000057
instanceKlass java/time/zone/ZoneOffsetTransitionRule
instanceKlass java/time/zone/ZoneRules
instanceKlass java/util/regex/Pattern$BitClass
instanceKlass java/util/Formatter
instanceKlass java/awt/geom/Dimension2D
instanceKlass  @bci sun/jvmstat/perfdata/monitor/AbstractPerfDataBuffer createPerfDataBuffer (Ljava/nio/ByteBuffer;I)V 14 <appendix> form vmentry <vmtarget> ; # java/lang/invoke/LambdaForm$MH+0x0000022a350c8000
instanceKlass  @bci sun/jvmstat/perfdata/monitor/AbstractPerfDataBuffer createPerfDataBuffer (Ljava/nio/ByteBuffer;I)V 14 <appendix> argL3 form vmentry <vmtarget> ; # java/lang/invoke/LambdaForm$MH+0x0000022a350c7c00
instanceKlass fleet/kernel/rebase/InstructionCoder
# instanceKlass java/lang/invoke/LambdaForm$MH+0x0000022a350c7800
instanceKlass fleet/kernel/rebase/InstructionSet
# instanceKlass java/lang/invoke/LambdaForm$MH+0x0000022a350c7400
instanceKlass com/intellij/platform/ide/bootstrap/kernel/KernelKt
# instanceKlass java/lang/invoke/LambdaForm$MH+0x0000022a350c7000
# instanceKlass java/lang/invoke/LambdaForm$MH+0x0000022a350c6c00
instanceKlass  @bci sun/jvmstat/perfdata/monitor/AbstractPerfDataBuffer createPerfDataBuffer (Ljava/nio/ByteBuffer;I)V 14 <appendix> argL1 form vmentry <vmtarget> ; # java/lang/invoke/LambdaForm$MH+0x0000022a350c6800
# instanceKlass java/lang/invoke/LambdaForm$MH+0x0000022a350c6400
# instanceKlass java/lang/invoke/LambdaForm$MH+0x0000022a350c6000
# instanceKlass java/lang/invoke/LambdaForm$MH+0x0000022a350c5c00
instanceKlass sun/awt/OSInfo$1
instanceKlass sun/awt/OSInfo$WindowsVersion
instanceKlass sun/awt/OSInfo
instanceKlass sun/font/FontUtilities$1
instanceKlass sun/font/FontUtilities
instanceKlass sun/java2d/pipe/GlyphListPipe
instanceKlass sun/java2d/pipe/OutlineTextRenderer
instanceKlass sun/java2d/ReentrantContextProvider
instanceKlass sun/java2d/marlin/FloatMath
instanceKlass sun/java2d/marlin/MarlinProperties
instanceKlass jdk/internal/util/ByteArray
instanceKlass sun/java2d/marlin/MarlinConst
instanceKlass sun/util/calendar/ZoneInfoFile$1
instanceKlass sun/util/calendar/ZoneInfoFile
instanceKlass sun/java2d/pipe/RenderingEngine
instanceKlass java/util/TimeZone
instanceKlass java/time/Clock
instanceKlass java/time/InstantSource
instanceKlass java/time/Instant
instanceKlass sun/java2d/pipe/LoopPipe
instanceKlass sun/java2d/pipe/LoopBasedPipe
instanceKlass sun/java2d/pipe/ParallelogramPipe
instanceKlass java/util/logging/LogRecord
instanceKlass  @bci com/intellij/platform/ide/bootstrap/DirectoryLock <init> (Ljava/nio/file/Path;Ljava/nio/file/Path;Ljava/util/function/Function;)V 113 <adapter> ; # java/lang/invoke/LambdaForm$MH+0x0000022a350c5800
# instanceKlass java/lang/invoke/LambdaForm$DMH+0x0000022a350c5400
instanceKlass  @bci com/intellij/platform/ide/bootstrap/DirectoryLock <init> (Ljava/nio/file/Path;Ljava/nio/file/Path;Ljava/util/function/Function;)V 113 <appendix> form vmentry <vmtarget> ; # java/lang/invoke/LambdaForm$MH+0x0000022a350c5000
instanceKlass sun/java2d/pipe/NullPipe
instanceKlass sun/java2d/pipe/DrawImagePipe
instanceKlass sun/java2d/pipe/TextPipe
instanceKlass sun/java2d/pipe/ShapeDrawPipe
instanceKlass sun/java2d/pipe/PixelFillPipe
instanceKlass sun/java2d/pipe/PixelDrawPipe
instanceKlass sun/java2d/StateTrackableDelegate$2
# instanceKlass java/lang/invoke/LambdaForm$MH+0x0000022a350c4c00
instanceKlass sun/java2d/StateTrackableDelegate
instanceKlass sun/java2d/cmm/ProfileDeferralInfo
instanceKlass  @bci com/intellij/platform/ide/bootstrap/DirectoryLock <init> (Ljava/nio/file/Path;Ljava/nio/file/Path;Ljava/util/function/Function;)V 113 <appendix> form names 9 function resolvedHandle form vmentry <vmtarget> ; # java/lang/invoke/LambdaForm$DMH+0x0000022a350c4800
instanceKlass java/awt/color/ICC_Profile$BuiltInProfile
instanceKlass  @bci java/awt/color/ICC_Profile <clinit> ()V 0 <appendix> argL0 ; # java/awt/color/ICC_Profile$$Lambda+0x0000022a3505b480
instanceKlass  @bci com/intellij/platform/ide/bootstrap/DirectoryLock <init> (Ljava/nio/file/Path;Ljava/nio/file/Path;Ljava/util/function/Function;)V 113 <appendix> argL3 form vmentry <vmtarget> ; # java/lang/invoke/LambdaForm$MH+0x0000022a350c4400
instanceKlass sun/java2d/cmm/Profile
instanceKlass sun/awt/AWTAccessor$ICC_ProfileAccessor
instanceKlass java/awt/color/ICC_Profile
# instanceKlass java/lang/invoke/LambdaForm$MH+0x0000022a350c4000
instanceKlass  @bci com/intellij/platform/ide/bootstrap/DirectoryLock <init> (Ljava/nio/file/Path;Ljava/nio/file/Path;Ljava/util/function/Function;)V 113 <appendix> argL3 form names 7 function resolvedHandle form vmentry <vmtarget> ; # java/lang/invoke/LambdaForm$DMH+0x0000022a350c3c00
instanceKlass java/awt/color/ColorSpace$BuiltInSpace
instanceKlass java/awt/color/ColorSpace
instanceKlass  @bci com/intellij/platform/ide/bootstrap/DirectoryLock <init> (Ljava/nio/file/Path;Ljava/nio/file/Path;Ljava/util/function/Function;)V 113 <appendix> argL3 argL2 form vmentry <vmtarget> ; # java/lang/invoke/LambdaForm$MH+0x0000022a350c3800
instanceKlass java/awt/image/ColorModel$1RGBdefault
# instanceKlass java/lang/invoke/LambdaForm$MH+0x0000022a350c3400
# instanceKlass java/lang/invoke/LambdaForm$MH+0x0000022a350c3000
instanceKlass java/awt/image/ColorModel$1
instanceKlass java/awt/image/ColorModel
# instanceKlass java/lang/invoke/LambdaForm$MH+0x0000022a350c2c00
# instanceKlass java/lang/invoke/LambdaForm$MH+0x0000022a350c2800
instanceKlass  @bci com/intellij/platform/ide/bootstrap/DirectoryLock <init> (Ljava/nio/file/Path;Ljava/nio/file/Path;Ljava/util/function/Function;)V 113 <appendix> form names 13 function resolvedHandle form vmentry <vmtarget> ; # java/lang/invoke/LambdaForm$DMH+0x0000022a350c2400
instanceKlass  @bci com/intellij/platform/ide/bootstrap/DirectoryLock <init> (Ljava/nio/file/Path;Ljava/nio/file/Path;Ljava/util/function/Function;)V 113 <appendix> argL1 form vmentry <vmtarget> ; # java/lang/invoke/LambdaForm$MH+0x0000022a350c2000
instanceKlass  @bci com/intellij/platform/ide/bootstrap/DirectoryLock <init> (Ljava/nio/file/Path;Ljava/nio/file/Path;Ljava/util/function/Function;)V 113 <appendix> argL1 form names 8 function resolvedHandle form vmentry <vmtarget> ; # java/lang/invoke/LambdaForm$DMH+0x0000022a350c1c00
instanceKlass sun/awt/image/PixelConverter
instanceKlass  @bci com/intellij/platform/ide/bootstrap/DirectoryLock <init> (Ljava/nio/file/Path;Ljava/nio/file/Path;Ljava/util/function/Function;)V 113 <appendix> argL1 argL1 form vmentry <vmtarget> ; # java/lang/invoke/LambdaForm$MH+0x0000022a350c1800
instanceKlass sun/java2d/loops/SurfaceType
instanceKlass  @bci com/intellij/platform/ide/bootstrap/DirectoryLock lambda$lockOrActivate$1 (Ljava/lang/ProcessHandle;)Ljava/lang/String; 34 <appendix> argL1 argL0 argL0 form vmentry <vmtarget> ; # java/lang/invoke/LambdaForm$MH+0x0000022a350c1400
# instanceKlass java/lang/invoke/LambdaForm$MH+0x0000022a350c1000
instanceKlass sun/java2d/SurfaceData
instanceKlass sun/java2d/Surface
instanceKlass sun/java2d/StateTrackable
instanceKlass sun/java2d/DisposerTarget
instanceKlass java/awt/Transparency
instanceKlass  @bci sun/jvmstat/perfdata/monitor/AbstractPerfDataBuffer createPerfDataBuffer (Ljava/nio/ByteBuffer;I)V 14 <appendix> argL1 argL0 form vmentry <vmtarget> ; # java/lang/invoke/LambdaForm$MH+0x0000022a350c0c00
# instanceKlass java/lang/invoke/LambdaForm$MH+0x0000022a350c0800
instanceKlass sun/awt/windows/WToolkit$1
# instanceKlass java/lang/invoke/LambdaForm$MH+0x0000022a350c0400
# instanceKlass java/lang/invoke/LambdaForm$MH+0x0000022a350c0000
instanceKlass java/io/FilePermission$1
instanceKlass jdk/internal/access/JavaIOFilePermissionAccess
# instanceKlass java/lang/invoke/LambdaForm$MH+0x0000022a350bbc00
instanceKlass jdk/internal/logger/LoggerFinderLoader
instanceKlass  @bci java/lang/System$LoggerFinder accessProvider ()Ljava/lang/System$LoggerFinder; 8 <appendix> argL0 ; # java/lang/System$LoggerFinder$$Lambda+0x800000021
instanceKlass jdk/internal/logger/LazyLoggers$LazyLoggerFactories
instanceKlass jdk/internal/logger/LazyLoggers$1
instanceKlass jdk/internal/logger/LazyLoggers
instanceKlass sun/awt/WeakIdentityHashMap
instanceKlass sun/awt/KeyboardFocusManagerPeerProvider
instanceKlass sun/awt/InputMethodSupport
instanceKlass sun/awt/ComponentFactory
instanceKlass com/intellij/platform/ide/bootstrap/EndUserAgreementStatus$Accepted
instanceKlass com/intellij/platform/ide/bootstrap/EndUserAgreementStatus
instanceKlass sun/awt/PlatformGraphicsInfo
instanceKlass java/util/prefs/AbstractPreferences$1
instanceKlass java/util/StringTokenizer
instanceKlass java/util/prefs/NodeChangeListener
instanceKlass java/util/prefs/PreferenceChangeListener
instanceKlass java/util/EventListener
instanceKlass  @bci sun/security/provider/AbstractDrbg <clinit> ()V 12 <appendix> argL0 ; # sun/security/provider/AbstractDrbg$$Lambda+0x80000009c
instanceKlass sun/security/provider/EntropySource
instanceKlass sun/security/provider/AbstractDrbg
instanceKlass  @bci java/awt/GraphicsEnvironment getHeadlessProperty ()Z 6 <appendix> argL0 ; # java/awt/GraphicsEnvironment$$Lambda+0x0000022a350527f0
instanceKlass java/security/DrbgParameters$Instantiation
instanceKlass java/security/DrbgParameters
instanceKlass sun/security/provider/MoreDrbgParameters
instanceKlass java/awt/GraphicsEnvironment
instanceKlass  @bci sun/security/provider/DRBG <init> (Ljava/security/SecureRandomParameters;)V 26 <appendix> argL0 ; # sun/security/provider/DRBG$$Lambda+0x80000009e
instanceKlass java/awt/Insets
instanceKlass  @bci java/util/prefs/WindowsPreferences loadPrefsLib ()V 0 <appendix> argL0 ; # java/util/prefs/WindowsPreferences$$Lambda+0x0000022a35051ea0
instanceKlass jdk/internal/event/Event
instanceKlass java/util/AbstractList$Itr
instanceKlass  @bci javax/swing/UIManager makeSwingPropertiesFilename ()Ljava/lang/String; 20 <appendix> form vmentry <vmtarget> ; # java/lang/invoke/LambdaForm$MH+0x0000022a350bb800
instanceKlass  @bci sun/security/provider/certpath/ldap/JdkLDAP <init> ()V 15 <appendix> member <vmtarget> ; # sun/security/provider/certpath/ldap/JdkLDAP$$Lambda+0x0000022a35050480
# instanceKlass java/lang/invoke/LambdaForm$MH+0x0000022a350bb400
instanceKlass java/util/prefs/WindowsPreferencesFactory
instanceKlass com/sun/security/sasl/Provider$1
instanceKlass java/util/prefs/Preferences$3
instanceKlass java/util/prefs/PreferencesFactory
instanceKlass  @bci javax/swing/UIManager makeSwingPropertiesFilename ()Ljava/lang/String; 20 <appendix> argL3 form vmentry <vmtarget> ; # java/lang/invoke/LambdaForm$MH+0x0000022a350bb000
instanceKlass java/util/prefs/Preferences$2
instanceKlass com/sun/security/sasl/gsskerb/JdkSASL$1
instanceKlass java/util/prefs/Preferences$1
instanceKlass java/util/prefs/Preferences
instanceKlass com/intellij/ide/Prefs
instanceKlass  @bci com/intellij/platform/ide/bootstrap/StartupErrorReporter showError (Ljava/lang/String;Ljava/lang/String;Ljava/lang/Throwable;)V 10 <appendix> form vmentry <vmtarget> ; # java/lang/invoke/LambdaForm$MH+0x0000022a350bac00
instanceKlass sun/security/smartcardio/SunPCSC$1
# instanceKlass java/lang/invoke/LambdaForm$MH+0x0000022a350ba800
# instanceKlass java/lang/invoke/LambdaForm$MH+0x0000022a350ba400
# instanceKlass java/lang/invoke/LambdaForm$MH+0x0000022a350ba000
instanceKlass  @bci com/intellij/platform/ide/bootstrap/StartupErrorReporter showError (Ljava/lang/String;Ljava/lang/String;Ljava/lang/Throwable;)V 10 <appendix> argL3 form vmentry <vmtarget> ; # java/lang/invoke/LambdaForm$MH+0x0000022a350b9c00
# instanceKlass java/lang/invoke/LambdaForm$MH+0x0000022a350b9800
# instanceKlass java/lang/invoke/LambdaForm$MH+0x0000022a350b9400
# instanceKlass java/lang/invoke/LambdaForm$MH+0x0000022a350b9000
# instanceKlass java/lang/invoke/LambdaForm$MH+0x0000022a350b8c00
instanceKlass  @bci javax/swing/UIManager makeSwingPropertiesFilename ()Ljava/lang/String; 20 <appendix> argL1 form vmentry <vmtarget> ; # java/lang/invoke/LambdaForm$MH+0x0000022a350b8800
# instanceKlass java/lang/invoke/LambdaForm$MH+0x0000022a350b8400
# instanceKlass java/lang/invoke/LambdaForm$MH+0x0000022a350b8000
instanceKlass  @bci sun/security/pkcs11/SunPKCS11 register (Lsun/security/pkcs11/SunPKCS11$Descriptor;)V 27 <appendix> argL0 ; # sun/security/pkcs11/SunPKCS11$$Lambda+0x0000022a350b4eb0
# instanceKlass java/lang/invoke/LambdaForm$MH+0x0000022a350b7c00
instanceKlass sun/security/pkcs11/SunPKCS11$Descriptor
# instanceKlass java/lang/invoke/LambdaForm$MH+0x0000022a350b7800
instanceKlass javax/security/auth/callback/CallbackHandler
instanceKlass javax/security/auth/Subject
instanceKlass com/intellij/openapi/util/io/FileUtil$2
instanceKlass  @bci com/sun/java/swing/plaf/windows/XPStyle$Skin <init> (Ljava/awt/Component;Lcom/sun/java/swing/plaf/windows/TMSchema$Part;Lcom/sun/java/swing/plaf/windows/TMSchema$State;)V 38 <appendix> form vmentry <vmtarget> ; # java/lang/invoke/LambdaForm$MH+0x0000022a350b7400
instanceKlass gnu/trove/TObjectCanonicalHashingStrategy
instanceKlass gnu/trove/TObjectHashingStrategy
instanceKlass gnu/trove/Equality
instanceKlass java/util/TreeMap$PrivateEntryIterator
instanceKlass java/lang/invoke/LambdaFormEditor$1
instanceKlass com/intellij/openapi/util/io/FileUtil$1
# instanceKlass java/lang/invoke/LambdaForm$MH+0x0000022a350b7000
instanceKlass  @bci com/sun/java/swing/plaf/windows/XPStyle$Skin <init> (Ljava/awt/Component;Lcom/sun/java/swing/plaf/windows/TMSchema$Part;Lcom/sun/java/swing/plaf/windows/TMSchema$State;)V 38 <appendix> argL3 form vmentry <vmtarget> ; # java/lang/invoke/LambdaForm$MH+0x0000022a350b6c00
instanceKlass com/intellij/openapi/util/ObjectNode$1
instanceKlass com/intellij/openapi/util/Disposer$2
instanceKlass com/intellij/openapi/util/ObjectNode$NodeChildren
instanceKlass  @bci com/intellij/platform/ide/bootstrap/StartupErrorReporter jreDetails ()Ljava/lang/String; 52 <appendix> argL3 argL2 form vmentry <vmtarget> ; # java/lang/invoke/LambdaForm$MH+0x0000022a350b6800
instanceKlass com/intellij/openapi/util/ObjectNode
# instanceKlass java/lang/invoke/LambdaForm$MH+0x0000022a350b6400
# instanceKlass java/lang/invoke/LambdaForm$MH+0x0000022a350b6000
instanceKlass it/unimi/dsi/fastutil/objects/Object2ObjectMap$FastEntrySet
instanceKlass  @bci com/sun/java/swing/plaf/windows/XPStyle$Skin <init> (Ljava/awt/Component;Lcom/sun/java/swing/plaf/windows/TMSchema$Part;Lcom/sun/java/swing/plaf/windows/TMSchema$State;)V 55 <appendix> argL2 form vmentry <vmtarget> ; # java/lang/invoke/LambdaForm$MH+0x0000022a350adc00
instanceKlass sun/security/mscapi/SunMSCAPI$2
instanceKlass it/unimi/dsi/fastutil/objects/AbstractObject2ObjectFunction
instanceKlass it/unimi/dsi/fastutil/objects/Object2ObjectMap
# instanceKlass java/lang/invoke/LambdaForm$MH+0x0000022a350ad800
instanceKlass it/unimi/dsi/fastutil/objects/Object2ObjectFunction
instanceKlass  @bci com/sun/java/swing/plaf/windows/XPStyle$Skin <init> (Ljava/awt/Component;Lcom/sun/java/swing/plaf/windows/TMSchema$Part;Lcom/sun/java/swing/plaf/windows/TMSchema$State;)V 38 <appendix> argL1 form vmentry <vmtarget> ; # java/lang/invoke/LambdaForm$MH+0x0000022a350ad400
instanceKlass com/intellij/openapi/util/io/FileUtilRt$SymlinkResolver
# instanceKlass java/lang/invoke/LambdaForm$MH+0x0000022a350ad000
instanceKlass com/intellij/util/containers/RefHashMap$Key
instanceKlass  @bci com/sun/java/swing/plaf/windows/XPStyle$Skin <init> (Ljava/awt/Component;Lcom/sun/java/swing/plaf/windows/TMSchema$Part;Lcom/sun/java/swing/plaf/windows/TMSchema$State;)V 38 <appendix> argL1 argL0 form vmentry <vmtarget> ; # java/lang/invoke/LambdaForm$MH+0x0000022a350acc00
instanceKlass java/util/concurrent/Future
instanceKlass com/intellij/util/containers/IdentityHashingStrategy
instanceKlass it/unimi/dsi/fastutil/HashCommon
# instanceKlass java/lang/invoke/LambdaForm$MH+0x0000022a350ac800
# instanceKlass java/lang/invoke/LambdaForm$MH+0x0000022a350ac400
instanceKlass it/unimi/dsi/fastutil/objects/Reference2ObjectMap$FastEntrySet
instanceKlass com/intellij/openapi/util/io/FileUtil
instanceKlass java/lang/Long$LongCache
# instanceKlass java/lang/invoke/LambdaForm$MH+0x0000022a350ac000
instanceKlass it/unimi/dsi/fastutil/objects/ReferenceSet
instanceKlass it/unimi/dsi/fastutil/objects/ReferenceCollection
instanceKlass it/unimi/dsi/fastutil/objects/AbstractReference2ObjectFunction
instanceKlass java/awt/Toolkit$1
instanceKlass it/unimi/dsi/fastutil/objects/Reference2ObjectMap
instanceKlass it/unimi/dsi/fastutil/objects/Reference2ObjectFunction
instanceKlass it/unimi/dsi/fastutil/Function
instanceKlass com/intellij/openapi/util/ObjectTree
instanceKlass com/intellij/platform/ide/bootstrap/ConfigKt
instanceKlass com/intellij/openapi/util/CheckedDisposable
instanceKlass com/intellij/openapi/Disposable
instanceKlass com/intellij/openapi/util/Disposer
instanceKlass kotlin/collections/CollectionsKt__CollectionsJVMKt
instanceKlass kotlin/collections/MapsKt__MapWithDefaultKt
instanceKlass com/intellij/openapi/util/io/FileUtilRt$RepeatableIOOperation
instanceKlass java/nio/file/FileVisitor
instanceKlass com/intellij/openapi/util/io/FileUtilRt
instanceKlass com/intellij/util/PathUtilRt
instanceKlass com/intellij/openapi/diagnostic/ControlFlowException
instanceKlass com/intellij/l10n/LocalizationUtil
instanceKlass java/lang/StringUTF16$LinesSpliterator
instanceKlass com/intellij/util/ResourceUtil
instanceKlass com/intellij/ide/gdpr/EndUserAgreement$Document
instanceKlass com/intellij/util/PlatformUtils
instanceKlass com/intellij/ide/gdpr/Version
instanceKlass com/intellij/ide/gdpr/EndUserAgreement
instanceKlass com/intellij/platform/ide/bootstrap/EuaKt
instanceKlass java/util/concurrent/locks/StampedLock
instanceKlass com/intellij/util/lang/ZipEntryResolverPool
instanceKlass kotlinx/coroutines/DisposeOnCancel
instanceKlass kotlinx/coroutines/CancelHandler
instanceKlass kotlinx/coroutines/CancellableContinuationKt
instanceKlass kotlinx/coroutines/Active
instanceKlass sun/security/mscapi/SunMSCAPI$1
instanceKlass  @bci sun/security/jgss/SunProvider <init> ()V 15 <appendix> member <vmtarget> ; # sun/security/jgss/SunProvider$$Lambda+0x0000022a350a2260
instanceKlass  @bci sun/security/ssl/SunJSSE registerAlgorithms ()V 1 <appendix> member <vmtarget> ; # sun/security/ssl/SunJSSE$$Lambda+0x8000000a0
instanceKlass java/util/Collections$UnmodifiableCollection
instanceKlass java/security/spec/ECFieldF2m
instanceKlass sun/security/util/ObjectIdentifier
instanceKlass sun/security/util/ByteArrayTagOrder
instanceKlass sun/security/util/ByteArrayLexOrder
instanceKlass sun/security/util/DerEncoder
instanceKlass java/security/spec/ECParameterSpec
instanceKlass java/security/spec/ECPoint
instanceKlass java/security/spec/EllipticCurve
instanceKlass java/security/spec/ECFieldFp
instanceKlass java/security/spec/ECField
instanceKlass sun/security/util/CurveDB
instanceKlass sun/security/ec/SunEC$1
instanceKlass org/jcp/xml/dsig/internal/dom/XMLDSigRI$2
instanceKlass org/jcp/xml/dsig/internal/dom/XMLDSigRI$1
instanceKlass jdk/internal/foreign/MemorySessionImpl
instanceKlass java/lang/foreign/MemorySegment$Scope
instanceKlass java/util/zip/Inflater$InflaterZStreamRef
instanceKlass java/util/zip/Inflater
instanceKlass jdk/internal/jimage/decompressor/ZipDecompressor
instanceKlass jdk/internal/jimage/decompressor/ResourceDecompressor
instanceKlass jdk/internal/jimage/decompressor/ResourceDecompressorFactory
instanceKlass jdk/internal/jimage/decompressor/ResourceDecompressorRepository
instanceKlass jdk/internal/jimage/decompressor/CompressedResourceHeader
instanceKlass  @bci jdk/internal/jimage/BasicImageReader getResourceBuffer (Ljdk/internal/jimage/ImageLocation;)Ljava/nio/ByteBuffer; 168 <appendix> member <vmtarget> ; # jdk/internal/jimage/BasicImageReader$$Lambda+0x0000022a3504ddf8
instanceKlass jdk/internal/jimage/decompressor/ResourceDecompressor$StringsProvider
instanceKlass java/util/TimSort
instanceKlass java/util/AbstractMap$SimpleEntry
instanceKlass jdk/internal/jimage/ImageBufferCache$2
instanceKlass jdk/internal/jimage/ImageBufferCache
instanceKlass jdk/internal/module/ModulePatcher$PatchedModuleReader
instanceKlass sun/security/jca/ProviderConfig$ProviderLoader
instanceKlass sun/security/jca/ProviderConfig$3
instanceKlass sun/security/rsa/SunRsaSignEntries
instanceKlass java/util/LinkedHashMap$LinkedHashIterator
instanceKlass java/util/ComparableTimSort
instanceKlass java/util/Arrays$LegacyMergeSort
instanceKlass com/intellij/util/ObjectUtilsRt
instanceKlass com/intellij/util/containers/CanonicalHashingStrategy
instanceKlass com/intellij/util/containers/HashingStrategy
instanceKlass  @bci com/intellij/util/containers/ConcurrentWeakKeySoftValueHashMap <clinit> ()V 0 <appendix> argL0 ; # com/intellij/util/containers/ConcurrentWeakKeySoftValueHashMap$$Lambda+0x0000022a3509e3f8
instanceKlass com/intellij/util/containers/ConcurrentWeakKeySoftValueHashMap$ValueReference
instanceKlass com/intellij/util/containers/ConcurrentWeakKeySoftValueHashMap$KeyReference
instanceKlass com/intellij/util/containers/ConcurrentWeakKeySoftValueHashMap
instanceKlass com/intellij/util/containers/ReferenceQueueable
instanceKlass it/unimi/dsi/fastutil/objects/ObjectSortedSet
instanceKlass java/util/SortedSet
instanceKlass it/unimi/dsi/fastutil/objects/ObjectBidirectionalIterable
instanceKlass it/unimi/dsi/fastutil/objects/ObjectSet
instanceKlass it/unimi/dsi/fastutil/objects/ObjectCollection
instanceKlass it/unimi/dsi/fastutil/objects/ObjectIterable
instanceKlass it/unimi/dsi/fastutil/Hash
instanceKlass it/unimi/dsi/fastutil/Hash$Strategy
instanceKlass com/intellij/util/containers/CollectionFactory
instanceKlass com/intellij/util/containers/Interner
instanceKlass com/intellij/openapi/extensions/PluginId$Companion
instanceKlass com/intellij/openapi/extensions/PluginId
instanceKlass java/time/LocalTime
instanceKlass kotlin/reflect/KClass
instanceKlass kotlin/reflect/KClassifier
instanceKlass kotlin/reflect/KAnnotatedElement
instanceKlass kotlin/reflect/KDeclarationContainer
instanceKlass java/time/temporal/ValueRange
instanceKlass com/intellij/ui/icons/CoreIconManager
instanceKlass com/intellij/ui/CoreAwareIconManager
instanceKlass java/time/Duration
instanceKlass java/time/temporal/TemporalAmount
instanceKlass java/time/temporal/TemporalUnit
instanceKlass java/time/temporal/TemporalField
instanceKlass java/time/LocalDate
instanceKlass java/time/chrono/ChronoLocalDate
instanceKlass java/time/LocalDateTime
instanceKlass java/time/chrono/ChronoLocalDateTime
instanceKlass java/time/ZonedDateTime
instanceKlass java/time/chrono/ChronoZonedDateTime
instanceKlass java/time/temporal/Temporal
instanceKlass java/util/concurrent/atomic/AtomicBoolean
instanceKlass com/intellij/ui/IconManager$Companion
instanceKlass  @bci java/time/ZoneOffset ofTotalSeconds (I)Ljava/time/ZoneOffset; 37 <appendix> argL0 ; # java/time/ZoneOffset$$Lambda+0x800000036
instanceKlass com/intellij/ui/IconManager
instanceKlass java/util/Arrays$ArrayItr
instanceKlass com/fasterxml/aalto/util/DataUtil
instanceKlass  @bci com/intellij/util/xml/dom/XmlElement <clinit> ()V 39 <appendix> argL0 ; # com/intellij/util/xml/dom/XmlElement$$Lambda+0x0000022a35096ec0
instanceKlass  @bci com/intellij/util/xml/dom/XmlElement <clinit> ()V 25 <appendix> argL0 ; # com/intellij/util/xml/dom/XmlElement$$Lambda+0x0000022a35096c70
instanceKlass kotlinx/serialization/KSerializer
instanceKlass kotlinx/serialization/DeserializationStrategy
instanceKlass kotlinx/serialization/SerializationStrategy
instanceKlass com/intellij/util/xml/dom/XmlElement$Companion
instanceKlass com/intellij/util/xml/dom/XmlElement
instanceKlass com/fasterxml/aalto/in/ByteBasedPNameTable$Bucket
instanceKlass com/intellij/util/xml/dom/XmlElementBuilder
instanceKlass com/intellij/util/xml/dom/NoOpXmlInterner
instanceKlass com/intellij/util/xml/dom/XmlInterner
instanceKlass com/fasterxml/aalto/in/NsDeclaration
instanceKlass com/fasterxml/aalto/util/UriCanonicalizer$CanonicalKey
instanceKlass com/fasterxml/aalto/in/ElementScope
instanceKlass java/awt/Toolkit$2
instanceKlass  @bci jdk/internal/module/SystemModuleFinders$SystemModuleReader open (Ljava/lang/String;)Ljava/util/Optional; 6 <appendix> member <vmtarget> ; # jdk/internal/module/SystemModuleFinders$SystemModuleReader$$Lambda+0x800000097
instanceKlass jdk/internal/module/Checks
instanceKlass com/fasterxml/aalto/in/ByteBasedPNameFactory
instanceKlass  @bci java/util/ResourceBundle$ResourceBundleProviderHelper loadPropertyResourceBundle (Ljava/lang/Module;Ljava/lang/Module;Ljava/lang/String;Ljava/util/Locale;)Ljava/util/ResourceBundle; 14 <appendix> member <vmtarget> ; # java/util/ResourceBundle$ResourceBundleProviderHelper$$Lambda+0x0000022a3504bb10
instanceKlass com/fasterxml/aalto/util/BufferRecycler
instanceKlass  @bci java/util/ResourceBundle$ResourceBundleProviderHelper newResourceBundle (Ljava/lang/Class;)Ljava/util/ResourceBundle; 22 <appendix> member <vmtarget> ; # java/util/ResourceBundle$ResourceBundleProviderHelper$$Lambda+0x80000003c
instanceKlass  @bci java/util/ResourceBundle$ResourceBundleProviderHelper loadResourceBundle (Ljava/lang/Module;Ljava/lang/Module;Ljava/lang/String;Ljava/util/Locale;)Ljava/util/ResourceBundle; 13 <appendix> member <vmtarget> ; # java/util/ResourceBundle$ResourceBundleProviderHelper$$Lambda+0x0000022a3504b3a8
instanceKlass java/util/ResourceBundle$ResourceBundleProviderHelper
instanceKlass java/util/ResourceBundle$3
instanceKlass kotlinx/coroutines/NotCompleted
instanceKlass java/util/ResourceBundle$CacheKeyReference
instanceKlass java/util/ResourceBundle$CacheKey
instanceKlass  @bci java/util/ResourceBundle getLoader (Ljava/lang/Module;)Ljava/lang/ClassLoader; 6 <appendix> member <vmtarget> ; # java/util/ResourceBundle$$Lambda+0x0000022a3504b150
instanceKlass com/fasterxml/aalto/util/NameTable
instanceKlass java/util/ResourceBundle$Control
instanceKlass java/util/ResourceBundle$1
instanceKlass jdk/internal/access/JavaUtilResourceBundleAccess
instanceKlass java/util/ResourceBundle
instanceKlass java/awt/Toolkit$4
instanceKlass sun/awt/AWTAccessor
instanceKlass com/fasterxml/aalto/util/XmlCharTypes
instanceKlass java/awt/Toolkit$3
instanceKlass sun/awt/AWTAccessor$ToolkitAccessor
instanceKlass kotlinx/coroutines/Waiter
instanceKlass java/awt/Toolkit
instanceKlass kotlinx/coroutines/CancellableContinuation
instanceKlass com/fasterxml/aalto/in/AttributeCollector
instanceKlass com/fasterxml/aalto/util/TextBuilder
instanceKlass com/fasterxml/aalto/in/FixedNsContext
instanceKlass com/fasterxml/aalto/in/NsBinding
instanceKlass kotlinx/coroutines/JobSupport$Finishing
instanceKlass com/intellij/openapi/util/SystemInfoRt
instanceKlass java/util/logging/LogManager$CloseOnReset
instanceKlass java/util/logging/StreamHandler$1
instanceKlass java/util/logging/Handler$1
instanceKlass java/util/logging/ErrorManager
instanceKlass jdk/internal/logger/SimpleConsoleLogger$Formatting
instanceKlass sun/util/logging/PlatformLogger
instanceKlass sun/util/logging/PlatformLogger$ConfigurableBridge$LoggerConfiguration
instanceKlass  @bci java/util/logging/SimpleFormatter <init> ()V 5 <appendix> argL0 ; # java/util/logging/SimpleFormatter$$Lambda+0x0000022a35049d80
instanceKlass com/fasterxml/aalto/in/PName
instanceKlass  @bci com/intellij/platform/ide/bootstrap/StartupUtil startApplication (Lkotlinx/coroutines/CoroutineScope;Ljava/util/List;Lkotlinx/coroutines/Deferred;Ljava/nio/file/Path;Lkotlinx/coroutines/Deferred;Lkotlinx/coroutines/Deferred;Lkotlinx/coroutines/CoroutineScope;Ljava/lang/Thread;)V 464 <appendix> member <vmtarget> ; # com/intellij/platform/ide/bootstrap/StartupUtil$$Lambda+0x0000022a3508e710
instanceKlass java/lang/Class$1
instanceKlass jdk/internal/logger/DefaultLoggerFinder$1
instanceKlass java/util/logging/Logger$SystemLoggerHelper$1
instanceKlass java/util/logging/Logger$SystemLoggerHelper
instanceKlass org/codehaus/stax2/XMLStreamLocation2
instanceKlass java/util/logging/LogManager$4
instanceKlass sun/security/util/SecurityProviderConstants
instanceKlass jdk/internal/logger/BootstrapLogger$BootstrapExecutors
instanceKlass jdk/internal/logger/BootstrapLogger$RedirectedLoggers
instanceKlass java/security/Provider$UString
instanceKlass java/util/ServiceLoader$ProviderImpl
instanceKlass java/util/ServiceLoader$Provider
instanceKlass java/security/Provider$Service
instanceKlass sun/security/provider/NativePRNG$NonBlocking
instanceKlass sun/security/provider/NativePRNG$Blocking
instanceKlass java/util/ServiceLoader$1
instanceKlass sun/security/provider/NativePRNG
instanceKlass sun/security/provider/SunEntries$1
instanceKlass java/util/concurrent/CopyOnWriteArrayList$COWIterator
instanceKlass sun/security/provider/SunEntries
instanceKlass jdk/internal/logger/BootstrapLogger$DetectBackend$1
instanceKlass jdk/internal/logger/BootstrapLogger$DetectBackend
instanceKlass jdk/internal/logger/BootstrapLogger
instanceKlass sun/util/logging/PlatformLogger$ConfigurableBridge
instanceKlass sun/util/logging/PlatformLogger$Bridge
instanceKlass java/lang/System$Logger
instanceKlass sun/security/util/SecurityConstants
instanceKlass org/codehaus/stax2/typed/TypedArrayDecoder
instanceKlass java/util/stream/Streams
instanceKlass java/util/stream/Stream$Builder
instanceKlass java/util/stream/Streams$AbstractStreamBuilderImpl
instanceKlass java/util/stream/Sink$ChainedReference
instanceKlass sun/security/jca/ProviderList$2
instanceKlass  @bci java/util/stream/FindOps$FindSink$OfRef <clinit> ()V 43 <appendix> argL0 ; # java/util/stream/FindOps$FindSink$OfRef$$Lambda+0x800000074
instanceKlass javax/security/auth/login/Configuration$Parameters
instanceKlass java/security/Policy$Parameters
instanceKlass  @bci java/util/stream/FindOps$FindSink$OfRef <clinit> ()V 38 <appendix> argL0 ; # java/util/stream/FindOps$FindSink$OfRef$$Lambda+0x800000076
instanceKlass  @bci java/util/stream/FindOps$FindSink$OfRef <clinit> ()V 16 <appendix> argL0 ; # java/util/stream/FindOps$FindSink$OfRef$$Lambda+0x800000075
instanceKlass java/security/cert/CertStoreParameters
instanceKlass java/security/SecureRandomParameters
instanceKlass  @bci java/util/stream/FindOps$FindSink$OfRef <clinit> ()V 11 <appendix> argL0 ; # java/util/stream/FindOps$FindSink$OfRef$$Lambda+0x800000077
instanceKlass java/security/Provider$EngineDescription
instanceKlass java/security/Provider$ServiceKey
instanceKlass sun/security/jca/ProviderConfig
instanceKlass sun/security/jca/ProviderList
instanceKlass sun/security/jca/Providers
instanceKlass sun/security/jca/GetInstance
instanceKlass java/security/SecureRandomSpi
instanceKlass java/util/stream/FindOps$FindOp
instanceKlass java/util/stream/TerminalOp
instanceKlass java/util/stream/FindOps$FindSink
instanceKlass java/util/stream/TerminalSink
instanceKlass java/util/stream/Sink
instanceKlass java/util/stream/FindOps
instanceKlass org/codehaus/stax2/typed/TypedValueDecoder
instanceKlass  @bci java/util/logging/Level$KnownLevel findByName (Ljava/lang/String;Ljava/util/function/Function;)Ljava/util/Optional; 29 <appendix> argL0 ; # java/util/logging/Level$KnownLevel$$Lambda+0x80000004a
instanceKlass java/util/ArrayList$ArrayListSpliterator
instanceKlass com/fasterxml/aalto/stax/StreamReaderImpl
instanceKlass  @bci java/util/logging/Level findLevel (Ljava/lang/String;)Ljava/util/logging/Level; 13 <appendix> argL0 ; # java/util/logging/Level$$Lambda+0x80000003e
instanceKlass org/codehaus/stax2/LocationInfo
instanceKlass java/util/Hashtable$Enumerator
instanceKlass org/codehaus/stax2/DTDInfo
instanceKlass java/util/Collections$SynchronizedCollection
instanceKlass java/util/Properties$EntrySet
instanceKlass org/codehaus/stax2/AttributeInfo
instanceKlass org/codehaus/stax2/XMLStreamReader2
instanceKlass org/codehaus/stax2/validation/Validatable
instanceKlass org/codehaus/stax2/typed/TypedXMLStreamReader
instanceKlass javax/xml/stream/XMLStreamReader
instanceKlass sun/net/NetProperties$1
instanceKlass sun/net/NetProperties
instanceKlass  @bci sun/nio/ch/UnixDomainSocketsUtil getTempDir ()Ljava/lang/String; 0 <appendix> argL0 ; # sun/nio/ch/UnixDomainSocketsUtil$$Lambda+0x80000009b
instanceKlass sun/nio/ch/UnixDomainSocketsUtil
instanceKlass sun/nio/ch/UnixDomainSockets
instanceKlass java/util/Collections$3
instanceKlass  @bci sun/nio/ch/DefaultSelectorProvider <clinit> ()V 0 <appendix> argL0 ; # sun/nio/ch/DefaultSelectorProvider$$Lambda+0x80000009a
instanceKlass javax/xml/stream/Location
instanceKlass java/util/logging/LogManager$LoggerContext$1
instanceKlass java/util/logging/LogManager$VisitedLoggers
instanceKlass java/util/function/Predicate
instanceKlass sun/nio/ch/DefaultSelectorProvider
instanceKlass com/intellij/util/lang/ClassPath$ResourceEnumeration
instanceKlass java/lang/CompoundEnumeration
instanceKlass java/util/Collections$EmptyEnumeration
instanceKlass jdk/internal/loader/BuiltinClassLoader$1
instanceKlass jdk/internal/loader/URLClassPath$1
instanceKlass java/io/ExternalChannelHolder
instanceKlass kotlinx/coroutines/CompletableDeferred
instanceKlass java/util/ServiceLoader$3
instanceKlass java/util/ServiceLoader$2
instanceKlass java/util/ServiceLoader$LazyClassPathLookupIterator
instanceKlass java/util/Spliterators$1Adapter
instanceKlass java/util/function/Consumer
instanceKlass kotlinx/coroutines/CompletableDeferredKt
instanceKlass java/util/logging/LogManager$2
instanceKlass java/util/EnumMap$1
instanceKlass java/util/stream/StreamOpFlag$MaskBuilder
instanceKlass java/lang/System$LoggerFinder
instanceKlass java/util/stream/PipelineHelper
instanceKlass java/util/stream/StreamSupport
instanceKlass java/util/Spliterator$OfDouble
instanceKlass java/security/Security$1
instanceKlass jdk/internal/access/JavaSecurityPropertiesAccess
instanceKlass java/util/Spliterator$OfLong
instanceKlass java/util/Spliterator$OfInt
instanceKlass java/util/Spliterator$OfPrimitive
instanceKlass java/util/Spliterator
instanceKlass java/util/Spliterators$EmptySpliterator
instanceKlass java/util/Spliterators
instanceKlass java/util/stream/Stream
instanceKlass java/util/stream/BaseStream
instanceKlass java/util/concurrent/ConcurrentHashMap$MapEntry
instanceKlass java/util/ServiceLoader$ModuleServicesLookupIterator
instanceKlass java/util/ServiceLoader
instanceKlass com/intellij/platform/ide/bootstrap/SplashManagerKt
instanceKlass  @bci java/nio/channels/spi/SelectorProvider$Holder provider ()Ljava/nio/channels/spi/SelectorProvider; 0 <appendix> argL0 ; # java/nio/channels/spi/SelectorProvider$Holder$$Lambda+0x800000030
instanceKlass java/io/FileInputStream$1
instanceKlass java/nio/channels/spi/SelectorProvider$Holder
instanceKlass java/nio/channels/spi/SelectorProvider
instanceKlass java/nio/channels/AsynchronousFileChannel
instanceKlass java/nio/channels/AsynchronousChannel
instanceKlass com/fasterxml/aalto/in/XmlScanner
instanceKlass java/nio/file/FileStore
instanceKlass java/nio/file/DirectoryStream
instanceKlass java/nio/file/DirectoryStream$Filter
instanceKlass javax/xml/namespace/NamespaceContext
instanceKlass jdk/internal/vm/ThreadContainers
instanceKlass javax/xml/stream/XMLStreamConstants
instanceKlass jdk/internal/vm/StackableScope
instanceKlass java/util/concurrent/LinkedTransferQueue$DualNode
instanceKlass java/util/concurrent/TransferQueue
instanceKlass java/util/concurrent/BlockingQueue
instanceKlass com/fasterxml/aalto/in/InputBootstrapper
instanceKlass java/util/concurrent/ThreadPoolExecutor$AbortPolicy
instanceKlass java/util/concurrent/RejectedExecutionHandler
instanceKlass com/fasterxml/aalto/util/XmlConsts
instanceKlass java/util/concurrent/AbstractExecutorService
instanceKlass java/util/concurrent/ExecutorService
instanceKlass java/util/concurrent/Executors
instanceKlass  @bci java/lang/ProcessHandleImpl lambda$static$1 ()Ljava/util/concurrent/Executor; 45 <appendix> member <vmtarget> ; # java/lang/ProcessHandleImpl$$Lambda+0x800000014
instanceKlass com/fasterxml/aalto/util/UriCanonicalizer
instanceKlass jdk/internal/util/random/RandomSupport
instanceKlass com/fasterxml/aalto/in/ReaderConfig$EncodingContext
instanceKlass java/util/Random
instanceKlass java/util/random/RandomGenerator
instanceKlass  @bci java/lang/ProcessHandleImpl <clinit> ()V 32 <appendix> argL0 ; # java/lang/ProcessHandleImpl$$Lambda+0x800000015
instanceKlass java/lang/ProcessHandleImpl
instanceKlass java/lang/ProcessHandle
instanceKlass  @bci com/intellij/platform/ide/bootstrap/StartupUtil lockSystemDirs (Ljava/util/List;)V 10 <appendix> argL0 ; # com/intellij/platform/ide/bootstrap/StartupUtil$$Lambda+0x0000022a350840f8
instanceKlass com/fasterxml/aalto/impl/CommonConfig
instanceKlass com/intellij/util/xml/dom/StaxFactory
instanceKlass java/util/logging/Formatter
instanceKlass com/intellij/util/xml/dom/XmlDomReader
instanceKlass com/intellij/openapi/application/ApplicationNamesInfo
instanceKlass  @bci java/security/Security <clinit> ()V 9 <appendix> argL0 ; # java/security/Security$$Lambda+0x800000034
instanceKlass java/security/Security
instanceKlass sun/security/util/SecurityProperties
instanceKlass  @bci com/intellij/platform/ide/bootstrap/StartupUtil$startApplication$2 invokeSuspend (Ljava/lang/Object;)Ljava/lang/Object; 35 <appendix> argL0 ; # com/intellij/platform/ide/bootstrap/StartupUtil$startApplication$2$$Lambda+0x0000022a350821d0
instanceKlass sun/security/util/FilePermCompat
instanceKlass java/util/logging/LogManager$LoggingProviderAccess
instanceKlass sun/util/logging/internal/LoggingProviderImpl$LogManagerAccess
instanceKlass java/lang/Shutdown$Lock
instanceKlass java/lang/Shutdown
instanceKlass java/lang/ApplicationShutdownHooks$1
instanceKlass java/lang/ApplicationShutdownHooks
instanceKlass java/util/Collections$SynchronizedMap
instanceKlass java/util/logging/LogManager$LogNode
instanceKlass java/util/logging/LogManager$LoggerContext
instanceKlass java/util/function/BiConsumer
instanceKlass java/util/logging/LogManager$1
instanceKlass java/util/logging/LogManager
instanceKlass java/util/logging/Logger$ConfigurationData
instanceKlass java/util/logging/Logger$LoggerBundle
instanceKlass  @bci java/util/logging/Level$KnownLevel add (Ljava/util/logging/Level;)V 49 <appendix> argL0 ; # java/util/logging/Level$KnownLevel$$Lambda+0x800000049
instanceKlass  @bci java/util/logging/Level$KnownLevel add (Ljava/util/logging/Level;)V 19 <appendix> argL0 ; # java/util/logging/Level$KnownLevel$$Lambda+0x800000048
instanceKlass java/util/logging/Handler
instanceKlass java/util/logging/Logger
instanceKlass java/util/logging/Level
instanceKlass  @bci com/intellij/openapi/diagnostic/Logger <clinit> ()V 11 <appendix> argL0 ; # com/intellij/openapi/diagnostic/Logger$$Lambda+0x0000022a35081550
instanceKlass com/intellij/openapi/diagnostic/Attachment
instanceKlass com/intellij/platform/ide/bootstrap/UiKt
instanceKlass com/intellij/openapi/diagnostic/Logger$DefaultFactory
instanceKlass com/intellij/openapi/diagnostic/Logger$Factory
instanceKlass com/intellij/openapi/diagnostic/Logger
instanceKlass java/net/SocketAddress
instanceKlass com/intellij/openapi/application/ex/ApplicationInfoEx$UpdateUrls
instanceKlass java/net/ProtocolFamily
instanceKlass java/time/temporal/TemporalAdjuster
instanceKlass java/time/temporal/TemporalAccessor
instanceKlass com/intellij/platform/ide/bootstrap/DirectoryLock
instanceKlass java/time/ZoneId
instanceKlass java/util/Calendar
instanceKlass com/intellij/openapi/application/ApplicationInfo
instanceKlass java/util/Collections$1
instanceKlass kotlin/collections/SetsKt__SetsJVMKt
instanceKlass kotlinx/coroutines/CoroutineScopeKt
instanceKlass com/intellij/util/containers/VarHandleWrapper
instanceKlass com/intellij/util/containers/VarHandleWrapper$VarHandleWrapperFactory
instanceKlass com/intellij/util/containers/Java11Shim$Companion
instanceKlass com/intellij/util/containers/Java11Shim
instanceKlass  @bci com/intellij/platform/ide/bootstrap/StartupUtil <clinit> ()V 4 <appendix> argL0 ; # com/intellij/platform/ide/bootstrap/StartupUtil$$Lambda+0x0000022a3503b740
instanceKlass com/intellij/openapi/diagnostic/ExceptionWithAttachments
instanceKlass com/intellij/platform/ide/bootstrap/StartupUtil
instanceKlass com/intellij/ide/f/j/aa
instanceKlass com/intellij/ide/f/j/av
instanceKlass java/security/Key
instanceKlass java/security/spec/AlgorithmParameterSpec
instanceKlass java/security/spec/KeySpec
instanceKlass com/intellij/idea/MainImpl
instanceKlass com/intellij/platform/ide/bootstrap/AppStarter
instanceKlass com/intellij/platform/bootstrap/MarketplaceKt
instanceKlass kotlin/coroutines/jvm/internal/Boxing
instanceKlass kotlinx/coroutines/IncompleteStateBox
instanceKlass kotlinx/coroutines/internal/SoftLimitedDispatcher$Worker
instanceKlass com/intellij/openapi/project/impl/DisabledP3Support
instanceKlass com/intellij/openapi/project/impl/P3Support
instanceKlass kotlinx/coroutines/Deferred
instanceKlass kotlinx/coroutines/DefaultExecutorKt
instanceKlass com/intellij/concurrency/IdeaForkJoinWorkerThreadFactory
instanceKlass java/util/concurrent/ForkJoinPool$ForkJoinWorkerThreadFactory
instanceKlass java/util/concurrent/atomic/AtomicReference
instanceKlass com/intellij/openapi/project/impl/P3SupportInstaller
instanceKlass kotlin/coroutines/jvm/internal/CompletedContinuation
instanceKlass kotlinx/coroutines/internal/LimitedDispatcherKt
instanceKlass com/intellij/idea/Main$startApp$2$1$1
instanceKlass com/intellij/diagnostic/CoroutineTracerShim$Companion$coroutineTracer$1
instanceKlass com/intellij/diagnostic/CoroutineTracerShim$Companion
instanceKlass com/intellij/diagnostic/CoroutineTracerShim
instanceKlass kotlinx/coroutines/internal/Removed
instanceKlass kotlinx/coroutines/InactiveNodeList
instanceKlass kotlin/jvm/internal/TypeIntrinsics
instanceKlass kotlinx/coroutines/intrinsics/UndispatchedKt
instanceKlass  @bci com/intellij/platform/diagnostic/telemetry/impl/CoroutineTimeMeasurer updateThreadContext (Lkotlin/coroutines/CoroutineContext;)V 135 <appendix> member <vmtarget> ; # com/intellij/platform/diagnostic/telemetry/impl/CoroutineTimeMeasurer$$Lambda+0x0000022a35036cc8
instanceKlass  @bci javax/swing/plaf/basic/BasicTextUI installDefaults ()V 29 <appendix> form vmentry <vmtarget> ; # java/lang/invoke/LambdaForm$MH+0x0000022a35030800
instanceKlass com/intellij/diagnostic/ActivityImpl
instanceKlass java/util/concurrent/ConcurrentLinkedQueue$Node
instanceKlass com/intellij/diagnostic/StartUpMeasurer
instanceKlass kotlinx/coroutines/UndispatchedMarker
instanceKlass kotlinx/coroutines/CoroutineName$Key
instanceKlass kotlinx/coroutines/internal/LockFreeTaskQueueCore$Placeholder
instanceKlass java/lang/Thread$ThreadNumbering
instanceKlass kotlinx/coroutines/scheduling/WorkQueue
instanceKlass kotlinx/coroutines/scheduling/ParallelismCompensation
instanceKlass kotlinx/coroutines/internal/LockFreeLinkedListNode
instanceKlass kotlinx/coroutines/JobKt__JobKt
instanceKlass kotlinx/coroutines/JobKt
instanceKlass com/intellij/platform/diagnostic/telemetry/impl/CoroutineTimeMeasurer$Companion
instanceKlass com/intellij/platform/diagnostic/telemetry/impl/CoroutineTimeMeasurer
instanceKlass  @bci kotlinx/coroutines/CoroutineContextKt foldCopies (Lkotlin/coroutines/CoroutineContext;Lkotlin/coroutines/CoroutineContext;Z)Lkotlin/coroutines/CoroutineContext; 83 <appendix> argL0 ; # kotlinx/coroutines/CoroutineContextKt$$Lambda+0x0000022a3502ecd8
instanceKlass  @bci sun/awt/windows/ThemeReader getThemeImpl (Ljava/lang/String;I)Ljava/lang/Long; 23 <appendix> form vmentry <vmtarget> ; # java/lang/invoke/LambdaForm$DMH+0x0000022a35030400
instanceKlass  @bci kotlinx/coroutines/CoroutineContextKt foldCopies (Lkotlin/coroutines/CoroutineContext;Lkotlin/coroutines/CoroutineContext;Z)Lkotlin/coroutines/CoroutineContext; 50 <appendix> member <vmtarget> ; # kotlinx/coroutines/CoroutineContextKt$$Lambda+0x0000022a3502ea80
instanceKlass  @cpi kotlinx/coroutines/CoroutineContextKt 131 form vmentry <vmtarget> ; # java/lang/invoke/LambdaForm$DMH+0x0000022a35030000
instanceKlass kotlin/jvm/internal/Ref$ObjectRef
instanceKlass kotlinx/coroutines/BuildersKt__Builders_commonKt
instanceKlass kotlin/coroutines/jvm/internal/SpillingKt
instanceKlass com/intellij/platform/diagnostic/telemetry/impl/CoroutineTimeMeasurerKey
instanceKlass kotlinx/coroutines/ThreadContextElement$DefaultImpls
instanceKlass kotlinx/coroutines/CopyableThreadContextElement$DefaultImpls
instanceKlass com/intellij/platform/diagnostic/telemetry/impl/TracerKt$noActivity$1
instanceKlass com/intellij/diagnostic/Activity
instanceKlass com/intellij/platform/diagnostic/telemetry/impl/DefaultTraceReporter
instanceKlass com/intellij/platform/diagnostic/telemetry/impl/TraceReporter
instanceKlass com/intellij/platform/diagnostic/telemetry/impl/MeasureCoroutineTime
instanceKlass com/intellij/platform/diagnostic/telemetry/impl/TracerKt
instanceKlass kotlinx/coroutines/CoroutineExceptionHandler$Key
instanceKlass kotlinx/coroutines/CoroutineExceptionHandler
instanceKlass kotlin/ResultKt
instanceKlass kotlinx/coroutines/DispatchedTaskKt
instanceKlass kotlinx/coroutines/CompletedExceptionally
instanceKlass  @bci kotlinx/coroutines/internal/intellij/IntellijKt <clinit> ()V 0 <appendix> argL0 ; # kotlinx/coroutines/internal/intellij/IntellijKt$$Lambda+0x0000022a3502b6f0
instanceKlass kotlinx/coroutines/internal/intellij/IntellijKt
instanceKlass kotlinx/coroutines/internal/ThreadContextKt
instanceKlass kotlinx/coroutines/EventLoop_commonKt
instanceKlass kotlinx/coroutines/AbstractTimeSourceKt
instanceKlass kotlin/Result$Failure
instanceKlass kotlinx/coroutines/CompletionStateKt
instanceKlass kotlin/Unit
instanceKlass kotlin/Result$Companion
instanceKlass kotlin/Result
instanceKlass  @bci kotlinx/coroutines/internal/ThreadContext_commonKt <clinit> ()V 28 <appendix> argL0 ; # kotlinx/coroutines/internal/ThreadContext_commonKt$$Lambda+0x0000022a3502a098
instanceKlass kotlinx/coroutines/internal/ThreadState
instanceKlass  @bci kotlinx/coroutines/internal/ThreadContext_commonKt <clinit> ()V 20 <appendix> argL0 ; # kotlinx/coroutines/internal/ThreadContext_commonKt$$Lambda+0x0000022a35029c08
instanceKlass  @bci kotlinx/coroutines/internal/ThreadContext_commonKt <clinit> ()V 12 <appendix> argL0 ; # kotlinx/coroutines/internal/ThreadContext_commonKt$$Lambda+0x0000022a350299b8
instanceKlass kotlinx/coroutines/internal/ThreadContext_commonKt
instanceKlass kotlinx/coroutines/internal/DispatchedContinuationKt
instanceKlass kotlinx/coroutines/scheduling/Task
instanceKlass kotlin/coroutines/jvm/internal/CoroutineDumpState
instanceKlass kotlin/coroutines/jvm/internal/DebugProbesKt
instanceKlass kotlin/coroutines/intrinsics/IntrinsicsKt__IntrinsicsJvmKt
instanceKlass kotlinx/coroutines/intrinsics/CancellableKt
instanceKlass kotlinx/coroutines/CoroutineStart$WhenMappings
instanceKlass kotlin/coroutines/CombinedContext
instanceKlass kotlinx/coroutines/Job$DefaultImpls
instanceKlass  @bci kotlin/coroutines/CoroutineContext$DefaultImpls plus (Lkotlin/coroutines/CoroutineContext;Lkotlin/coroutines/CoroutineContext;)Lkotlin/coroutines/CoroutineContext; 19 <appendix> argL0 ; # kotlin/coroutines/CoroutineContext$DefaultImpls$$Lambda+0x0000022a35021908
instanceKlass kotlin/coroutines/CoroutineContext$DefaultImpls
instanceKlass kotlinx/coroutines/NonDisposableHandle
instanceKlass kotlinx/coroutines/ChildHandle
instanceKlass kotlinx/coroutines/DisposableHandle
instanceKlass kotlinx/coroutines/Job$Key
instanceKlass kotlinx/coroutines/Empty
instanceKlass kotlinx/coroutines/Incomplete
instanceKlass kotlinx/coroutines/JobSupportKt
instanceKlass kotlinx/coroutines/JobSupport
instanceKlass kotlinx/coroutines/ParentJob
instanceKlass kotlinx/coroutines/ChildJob
instanceKlass kotlinx/coroutines/Job
instanceKlass kotlin/coroutines/ContinuationInterceptor$DefaultImpls
instanceKlass java/util/concurrent/atomic/AtomicReferenceArray
instanceKlass kotlinx/coroutines/internal/LockFreeTaskQueueCore$Companion
instanceKlass kotlinx/coroutines/internal/LockFreeTaskQueueCore
instanceKlass kotlinx/coroutines/internal/ResizableAtomicArray
instanceKlass kotlinx/coroutines/internal/LockFreeTaskQueue
instanceKlass java/util/concurrent/atomic/AtomicLongFieldUpdater$CASUpdater$1
instanceKlass java/util/concurrent/atomic/AtomicLongFieldUpdater
instanceKlass kotlinx/coroutines/scheduling/CoroutineScheduler$Companion
instanceKlass kotlinx/coroutines/scheduling/CoroutineScheduler
instanceKlass java/util/concurrent/Executor
instanceKlass kotlinx/coroutines/scheduling/SchedulerTimeSource
instanceKlass kotlin/ranges/RangesKt__RangesKt
instanceKlass kotlinx/coroutines/internal/SystemPropsKt__SystemProps_commonKt
instanceKlass kotlinx/coroutines/scheduling/TasksKt
instanceKlass  @bci kotlinx/coroutines/ExecutorCoroutineDispatcher$Key <init> ()V 7 <appendix> argL0 ; # kotlinx/coroutines/ExecutorCoroutineDispatcher$Key$$Lambda+0x0000022a35025aa8
instanceKlass kotlinx/coroutines/internal/SoftLimitedParallelism
instanceKlass kotlinx/coroutines/Dispatchers
instanceKlass kotlinx/coroutines/internal/SystemPropsKt__SystemPropsKt
instanceKlass kotlinx/coroutines/internal/SystemPropsKt
instanceKlass kotlinx/coroutines/DebugKt
instanceKlass kotlinx/coroutines/CopyableThreadContextElement
instanceKlass kotlinx/coroutines/ThreadContextElement
instanceKlass kotlin/coroutines/CoroutineContext$Element$DefaultImpls
instanceKlass  @bci kotlinx/coroutines/CoroutineContextKt hasCopyableElements (Lkotlin/coroutines/CoroutineContext;)Z 5 <appendix> argL0 ; # kotlinx/coroutines/CoroutineContextKt$$Lambda+0x0000022a3501f6e0
instanceKlass  @cpi kotlinx/coroutines/CoroutineContextKt 90 form vmentry <vmtarget> ; # java/lang/invoke/LambdaForm$DMH+0x0000022a35020000
instanceKlass kotlinx/coroutines/CoroutineContextKt
instanceKlass kotlinx/coroutines/GlobalScope
instanceKlass kotlinx/coroutines/CoroutineScope
instanceKlass java/util/concurrent/atomic/AtomicIntegerFieldUpdater$AtomicIntegerFieldUpdaterImpl$1
instanceKlass java/util/concurrent/atomic/AtomicIntegerFieldUpdater
instanceKlass  @bci kotlinx/coroutines/CoroutineDispatcher$Key <init> ()V 7 <appendix> argL0 ; # kotlinx/coroutines/CoroutineDispatcher$Key$$Lambda+0x0000022a3501edd8
instanceKlass kotlin/jvm/functions/Function1
instanceKlass kotlin/coroutines/AbstractCoroutineContextKey
instanceKlass kotlin/coroutines/AbstractCoroutineContextElement
instanceKlass kotlinx/coroutines/Delay
instanceKlass kotlinx/coroutines/EventLoopKt
instanceKlass kotlinx/coroutines/internal/ThreadLocalKt
instanceKlass kotlinx/coroutines/internal/Symbol
instanceKlass kotlinx/coroutines/ThreadLocalEventLoop
instanceKlass kotlin/coroutines/ContinuationInterceptor$Key
instanceKlass kotlin/coroutines/CoroutineContext$Key
instanceKlass kotlin/coroutines/ContinuationInterceptor
instanceKlass kotlin/coroutines/CoroutineContext$Element
instanceKlass kotlin/coroutines/EmptyCoroutineContext
instanceKlass kotlin/coroutines/CoroutineContext
instanceKlass kotlinx/coroutines/BuildersKt__BuildersKt
instanceKlass kotlinx/coroutines/BuildersKt
instanceKlass kotlin/coroutines/jvm/internal/BaseContinuationImpl
instanceKlass kotlin/coroutines/jvm/internal/CoroutineStackFrame
instanceKlass kotlin/coroutines/Continuation
instanceKlass kotlin/coroutines/jvm/internal/SuspendFunction
instanceKlass kotlin/jvm/internal/FunctionBase
instanceKlass kotlin/jvm/functions/Function2
instanceKlass  @bci java/util/regex/Pattern Single (I)Ljava/util/regex/Pattern$BmpCharPredicate; 1 <appendix> member <vmtarget> ; # java/util/regex/Pattern$$Lambda+0x800000056
instanceKlass com/intellij/openapi/application/PathManager$Lazy
instanceKlass java/util/Properties$LineReader
instanceKlass sun/nio/ch/SelChImpl
instanceKlass java/nio/channels/NetworkChannel
instanceKlass sun/nio/ch/Streams
instanceKlass java/nio/channels/Channels
instanceKlass java/util/Collections$EmptyIterator
instanceKlass sun/nio/fs/WindowsLinkSupport
instanceKlass com/jetbrains/internal/IoToNioErrorMessageHolder
instanceKlass sun/nio/fs/WindowsPath$1
instanceKlass  @bci com/intellij/openapi/application/ArchivedCompilationContextUtil <clinit> ()V 27 <appendix> argL0 ; # com/intellij/openapi/application/ArchivedCompilationContextUtil$$Lambda+0x0000022a35019470
instanceKlass kotlin/UNINITIALIZED_VALUE
instanceKlass sun/reflect/misc/ReflectUtil
instanceKlass java/util/concurrent/atomic/AtomicReferenceFieldUpdater$AtomicReferenceFieldUpdaterImpl$1
instanceKlass java/util/concurrent/atomic/AtomicReferenceFieldUpdater
instanceKlass kotlin/SafePublicationLazyImpl$Companion
instanceKlass kotlin/SafePublicationLazyImpl
instanceKlass kotlin/Lazy
instanceKlass kotlin/LazyKt__LazyJVMKt$WhenMappings
instanceKlass kotlin/LazyKt__LazyJVMKt
instanceKlass  @bci com/intellij/openapi/application/ArchivedCompilationContextUtil <clinit> ()V 13 <appendix> argL0 ; # com/intellij/openapi/application/ArchivedCompilationContextUtil$$Lambda+0x0000022a35016400
instanceKlass kotlin/jvm/functions/Function0
instanceKlass kotlin/Function
instanceKlass kotlin/collections/AbstractList$Companion
instanceKlass kotlin/collections/AbstractCollection
instanceKlass kotlin/enums/EnumEntries
instanceKlass kotlin/jvm/internal/markers/KMappedMarker
instanceKlass kotlin/enums/EnumEntriesKt
instanceKlass com/intellij/openapi/application/ArchivedCompilationContextUtil
instanceKlass sun/nio/fs/WindowsUriSupport
instanceKlass java/net/URLConnection
instanceKlass com/intellij/util/lang/ZipResourceFile$ZipFileResource
instanceKlass com/intellij/util/lang/ImmutableZipFile$MyZipResource
instanceKlass sun/nio/ch/Util$BufferCache
instanceKlass java/util/zip/ZipFile$Source$ChannelFileAccessor
instanceKlass java/nio/file/attribute/PosixFileAttributes
instanceKlass java/nio/file/attribute/DosFileAttributeView
instanceKlass jdk/internal/jimage/ImageLocation
instanceKlass jdk/internal/jimage/decompressor/Decompressor
instanceKlass jdk/internal/jimage/ImageStringsReader
instanceKlass jdk/internal/jimage/ImageStrings
instanceKlass jdk/internal/jimage/ImageHeader
instanceKlass jdk/internal/jimage/NativeImageBuffer$1
instanceKlass jdk/internal/jimage/NativeImageBuffer
instanceKlass jdk/internal/jimage/BasicImageReader$1
instanceKlass jdk/internal/jimage/BasicImageReader
instanceKlass jdk/internal/jimage/ImageReader
instanceKlass jdk/internal/jimage/ImageReaderFactory$1
instanceKlass jdk/internal/jimage/ImageReaderFactory
instanceKlass jdk/internal/module/SystemModuleFinders$SystemImage
instanceKlass jdk/internal/module/SystemModuleFinders$SystemModuleReader
instanceKlass java/lang/module/ModuleReader
instanceKlass jdk/internal/loader/BuiltinClassLoader$5
instanceKlass jdk/internal/loader/BuiltinClassLoader$2
instanceKlass jdk/internal/module/Resources
instanceKlass com/intellij/openapi/application/PathManager$2
instanceKlass java/util/TreeMap$Entry
instanceKlass java/lang/ProcessEnvironment$CheckedEntry
instanceKlass java/lang/ProcessEnvironment$CheckedEntrySet$1
instanceKlass java/util/NavigableMap
instanceKlass java/util/SortedMap
instanceKlass java/lang/ProcessEnvironment$EntryComparator
instanceKlass java/lang/ProcessEnvironment$NameComparator
instanceKlass com/intellij/openapi/util/text/StringUtilRt
# instanceKlass java/lang/invoke/LambdaForm$MH+0x0000022a35016000
instanceKlass java/lang/invoke/MethodHandle$1
instanceKlass  @bci com/intellij/openapi/util/text/StringUtil <clinit> ()V 24 <appendix> argL0 ; # com/intellij/openapi/util/text/StringUtil$$Lambda+0x0000022a350146f8
instanceKlass  @bci com/intellij/openapi/util/text/StringUtil <clinit> ()V 16 <appendix> argL0 ; # com/intellij/openapi/util/text/StringUtil$$Lambda+0x0000022a35014488
instanceKlass com/intellij/openapi/util/text/StringUtil
instanceKlass java/util/regex/Pattern$TreeInfo
instanceKlass  @bci java/util/regex/Pattern DOT ()Ljava/util/regex/Pattern$CharPredicate; 0 <appendix> argL0 ; # java/util/regex/Pattern$$Lambda+0x800000055
instanceKlass com/intellij/openapi/util/Version
instanceKlass jdk/internal/math/FloatingDecimal$ASCIIToBinaryBuffer
instanceKlass jdk/internal/math/FloatingDecimal$PreparedASCIIToBinaryBuffer
instanceKlass jdk/internal/math/FloatingDecimal$ASCIIToBinaryConverter
instanceKlass jdk/internal/math/FloatingDecimal$BinaryToASCIIBuffer
instanceKlass jdk/internal/math/FloatingDecimal$ExceptionalBinaryToASCIIBuffer
instanceKlass jdk/internal/math/FloatingDecimal$BinaryToASCIIConverter
instanceKlass jdk/internal/math/FloatingDecimal
instanceKlass java/util/regex/ASCII
instanceKlass java/util/regex/IntHashSet
instanceKlass java/util/regex/Matcher
instanceKlass java/util/regex/MatchResult
instanceKlass  @bci java/util/regex/CharPredicates ASCII_DIGIT ()Ljava/util/regex/Pattern$BmpCharPredicate; 0 <appendix> argL0 ; # java/util/regex/CharPredicates$$Lambda+0x80000004b
instanceKlass java/util/regex/Pattern$BmpCharPredicate
instanceKlass java/util/regex/Pattern$CharPredicate
instanceKlass java/util/regex/CharPredicates
instanceKlass java/util/regex/Pattern$Node
instanceKlass java/util/regex/Pattern
instanceKlass com/intellij/util/system/OS$VersionHolder
instanceKlass com/intellij/util/system/OS$OsInfo
instanceKlass java/io/Reader
instanceKlass com/intellij/openapi/application/PathManager
instanceKlass com/intellij/platform/core/nio/fs/MultiRoutingFsPath
instanceKlass sun/nio/fs/BasicFileAttributesHolder
instanceKlass java/nio/file/Paths
instanceKlass com/intellij/idea/AppMode
instanceKlass kotlin/Pair
instanceKlass kotlin/text/StringsKt__AppendableKt
instanceKlass kotlin/collections/ArraysKt__ArraysJVMKt
instanceKlass kotlin/jvm/internal/Intrinsics
instanceKlass com/intellij/idea/Main
instanceKlass java/lang/invoke/VarHandle$AccessDescriptor
instanceKlass java/lang/invoke/VarForm
instanceKlass java/lang/invoke/VarHandleGuards
instanceKlass java/lang/invoke/VarHandles
instanceKlass com/intellij/util/lang/ByteArrayAccess
instanceKlass com/intellij/util/lang/Xxh3
instanceKlass java/nio/charset/StandardCharsets
instanceKlass com/intellij/util/lang/StrippedLongToObjectMap
instanceKlass com/intellij/util/lang/ZipResourceFile$1
instanceKlass java/util/jar/Attributes$Name
instanceKlass java/util/AbstractMap$SimpleImmutableEntry
instanceKlass com/intellij/util/lang/JarLoader
instanceKlass com/intellij/util/lang/Hash
instanceKlass com/intellij/util/lang/StrippedLongToLongMap
instanceKlass com/intellij/util/lang/Ikv
# instanceKlass java/lang/invoke/LambdaForm$MH+0x0000022a3500b800
instanceKlass java/lang/ClassValue$Version
instanceKlass java/lang/ClassValue$Identity
instanceKlass java/lang/ClassValue
instanceKlass java/lang/invoke/MethodHandleImpl$ArrayAccessor
instanceKlass java/lang/invoke/MethodHandleImpl$LoopClauses
instanceKlass java/lang/invoke/MethodHandleImpl$CasesHolder
# instanceKlass java/lang/invoke/LambdaForm$MH+0x0000022a3500b400
# instanceKlass java/lang/invoke/LambdaForm$MH+0x0000022a3500b000
# instanceKlass java/lang/invoke/LambdaForm$MH+0x0000022a3500ac00
# instanceKlass java/lang/invoke/LambdaForm$MH+0x0000022a3500a800
# instanceKlass java/lang/invoke/LambdaForm$MH+0x0000022a3500a400
# instanceKlass java/lang/invoke/LambdaForm$MH+0x0000022a3500a000
# instanceKlass java/lang/invoke/LambdaForm$BMH+0x0000022a35009c00
# instanceKlass java/lang/invoke/LambdaForm$DMH+0x0000022a35009800
# instanceKlass java/lang/invoke/LambdaForm$MH+0x0000022a35009400
# instanceKlass java/lang/invoke/LambdaForm$DMH+0x0000022a35009000
# instanceKlass java/lang/invoke/LambdaForm$MH+0x0000022a35008c00
# instanceKlass java/lang/invoke/LambdaForm$DMH+0x0000022a35008800
instanceKlass java/lang/invoke/ClassSpecializer$Factory$1Var
instanceKlass java/lang/invoke/MethodHandles$1
# instanceKlass java/lang/invoke/LambdaForm$DMH+0x0000022a35008400
instanceKlass sun/invoke/util/ValueConversions$1
instanceKlass sun/invoke/util/ValueConversions$WrapperCache
# instanceKlass java/lang/invoke/LambdaForm$DMH+0x0000022a35008000
instanceKlass java/lang/foreign/MemorySegment
instanceKlass sun/nio/ch/Util$4
instanceKlass sun/nio/ch/Util
instanceKlass sun/nio/ch/FileChannelImpl$Unmapper
instanceKlass jdk/internal/access/foreign/UnmapperProxy
instanceKlass  @bci jdk/internal/misc/ExtendedMapMode <clinit> ()V 0 <appendix> argL0 ; # jdk/internal/misc/ExtendedMapMode$$Lambda+0x800000086
instanceKlass jdk/internal/misc/ExtendedMapMode
instanceKlass java/nio/channels/FileChannel$MapMode
instanceKlass sun/nio/ch/IOStatus
instanceKlass sun/nio/ch/NativeThread
instanceKlass java/nio/channels/spi/AbstractInterruptibleChannel$1
instanceKlass sun/nio/ch/Interruptible
instanceKlass sun/nio/ch/FileChannelImpl$Closer
instanceKlass sun/nio/ch/NativeThreadSet
instanceKlass sun/nio/ch/IOUtil
instanceKlass sun/nio/ch/NativeDispatcher
instanceKlass sun/nio/fs/WindowsChannelFactory$2
instanceKlass java/util/RegularEnumSet$EnumSetIterator
instanceKlass sun/nio/fs/WindowsChannelFactory$Flags
instanceKlass sun/nio/fs/WindowsChannelFactory$1
instanceKlass sun/nio/fs/WindowsChannelFactory
instanceKlass sun/nio/fs/WindowsSecurityDescriptor
instanceKlass java/nio/channels/ScatteringByteChannel
instanceKlass java/nio/channels/GatheringByteChannel
instanceKlass java/nio/channels/SeekableByteChannel
instanceKlass java/nio/channels/ByteChannel
instanceKlass java/nio/channels/WritableByteChannel
instanceKlass java/nio/channels/ReadableByteChannel
instanceKlass java/nio/channels/spi/AbstractInterruptibleChannel
instanceKlass java/nio/channels/InterruptibleChannel
instanceKlass java/nio/channels/Channel
instanceKlass java/nio/file/attribute/FileAttribute
instanceKlass java/lang/Class$3
instanceKlass java/lang/PublicMethods$Key
instanceKlass java/lang/PublicMethods$MethodList
instanceKlass com/intellij/util/lang/ZipFile$ZipResource
instanceKlass com/intellij/util/lang/ImmutableZipFile
instanceKlass com/intellij/util/lang/ZipFile
instanceKlass com/intellij/util/lang/Resource
instanceKlass com/intellij/util/lang/ClasspathCache$IndexRegistrar
instanceKlass com/intellij/util/lang/ZipResourceFile
instanceKlass com/intellij/util/lang/Xxh3Impl
instanceKlass com/intellij/util/lang/CharSequenceAccess$BaseCharSequenceAccess
instanceKlass com/intellij/util/lang/Access
instanceKlass com/intellij/util/lang/CharSequenceAccess
instanceKlass  @bci com/intellij/util/lang/ClassLoadingLocks getOrCreateLock (Ljava/lang/String;)Ljava/lang/Object; 14 <appendix> member <vmtarget> ; # com/intellij/util/lang/ClassLoadingLocks$$Lambda+0x0000022a350044c0
instanceKlass java/net/URI$Parser
instanceKlass  @bci com/intellij/platform/core/nio/fs/MultiRoutingFileSystem <clinit> ()V 16 <appendix> argL0 ; # com/intellij/platform/core/nio/fs/MultiRoutingFileSystem$$Lambda+0x0000022a35044d80
instanceKlass  @bci com/intellij/platform/core/nio/fs/MultiRoutingFileSystem <clinit> ()V 8 <appendix> argL0 ; # com/intellij/platform/core/nio/fs/MultiRoutingFileSystem$$Lambda+0x0000022a35044b10
instanceKlass  @bci com/intellij/platform/core/nio/fs/MultiRoutingFileSystem <clinit> ()V 0 <appendix> argL0 ; # com/intellij/platform/core/nio/fs/MultiRoutingFileSystem$$Lambda+0x0000022a350448b0
instanceKlass com/intellij/platform/core/nio/fs/FileSystemTracingListener$NoopFileSystemTracingListener
instanceKlass com/intellij/platform/core/nio/fs/FileSystemTracingListener
instanceKlass com/intellij/platform/core/nio/fs/RoutingAwareFileSystemProvider
instanceKlass java/nio/file/FileSystems$DefaultFileSystemHolder$1
instanceKlass java/nio/file/FileSystems$DefaultFileSystemHolder
instanceKlass java/nio/file/FileSystems
instanceKlass com/intellij/util/lang/ClassLoadingLocks
instanceKlass  @bci com/intellij/util/lang/ClasspathCache <clinit> ()V 8 <appendix> argL0 ; # com/intellij/util/lang/ClasspathCache$$Lambda+0x0000022a35003d50
instanceKlass  @cpi com/intellij/util/lang/ClasspathCache 201 form vmentry <vmtarget> ; # java/lang/invoke/LambdaForm$DMH+0x0000022a35002c00
instanceKlass  @bci com/intellij/util/lang/ClasspathCache <clinit> ()V 0 <appendix> argL0 ; # com/intellij/util/lang/ClasspathCache$$Lambda+0x0000022a35003b00
instanceKlass java/util/function/IntFunction
instanceKlass java/util/function/LongFunction
instanceKlass com/intellij/util/lang/ClasspathCache
instanceKlass com/intellij/util/lang/ClassPath$Measurer
instanceKlass com/intellij/util/lang/Loader
instanceKlass com/intellij/util/lang/ClassPath
instanceKlass java/util/SequencedMap
instanceKlass java/util/SequencedSet
# instanceKlass java/lang/invoke/LambdaForm$MH+0x0000022a35002800
instanceKlass sun/reflect/annotation/AnnotationParser
# instanceKlass java/lang/invoke/LambdaForm$MH+0x0000022a35002400
instanceKlass  @bci fleet/kernel/TransactorKt$withTransactor$2$transactor$1 toString ()Ljava/lang/String; 4 <appendix> form vmentry <vmtarget> ; # java/lang/invoke/LambdaForm$MH+0x0000022a35002000
instanceKlass jdk/internal/reflect/MethodHandleAccessorFactory$LazyStaticHolder
instanceKlass  @bci com/intellij/util/lang/PathClassLoader <clinit> ()V 55 <appendix> member <vmtarget> ; # com/intellij/util/lang/PathClassLoader$$Lambda+0x0000022a35001a78
instanceKlass com/intellij/util/lang/ZipFilePool
instanceKlass jdk/internal/reflect/MethodHandleAccessorFactory
instanceKlass com/intellij/util/lang/UrlClassLoader$Builder
instanceKlass com/intellij/util/lang/ResourceFile
instanceKlass com/intellij/util/lang/UrlClassLoader$CachePool
instanceKlass java/lang/Class$Atomic
instanceKlass java/lang/Class$ReflectionData
instanceKlass com/intellij/util/lang/ClassPath$ClassDataConsumer
instanceKlass sun/security/util/Debug
instanceKlass java/security/SecureClassLoader$DebugHolder
instanceKlass java/security/Permission
instanceKlass java/security/Guard
instanceKlass java/security/PermissionCollection
instanceKlass java/security/SecureClassLoader$1
instanceKlass java/util/zip/Checksum$1
instanceKlass java/util/zip/CRC32
instanceKlass java/util/zip/Checksum
instanceKlass sun/nio/ByteBuffered
instanceKlass java/lang/Package$VersionInfo
instanceKlass java/lang/NamedPackage
instanceKlass jdk/internal/loader/Resource
instanceKlass java/util/zip/ZipEntry
instanceKlass java/util/zip/ZipFile$2
instanceKlass java/nio/Bits$1
instanceKlass jdk/internal/misc/VM$BufferPool
instanceKlass java/nio/Bits
instanceKlass sun/nio/ch/DirectBuffer
instanceKlass jdk/internal/perf/PerfCounter$CoreCounters
instanceKlass jdk/internal/perf/Perf
instanceKlass jdk/internal/perf/Perf$GetPerfAction
instanceKlass jdk/internal/perf/PerfCounter
instanceKlass sun/util/locale/LocaleObjectCache
instanceKlass sun/util/locale/BaseLocale$Key
instanceKlass sun/util/locale/LocaleUtils
instanceKlass sun/util/locale/BaseLocale
instanceKlass java/util/Locale
instanceKlass java/nio/file/attribute/FileTime
instanceKlass java/util/zip/ZipUtils
instanceKlass java/util/zip/ZipFile$Source$End
instanceKlass java/util/zip/ZipFile$Source$RandomAccessFileAccessor
instanceKlass java/util/zip/ZipFile$Source$FileAccessor
instanceKlass java/io/RandomAccessFile$2
instanceKlass jdk/internal/access/JavaIORandomAccessFileAccess
instanceKlass java/io/RandomAccessFile
instanceKlass java/io/DataInput
instanceKlass java/io/DataOutput
instanceKlass sun/nio/fs/WindowsNativeDispatcher$CompletionStatus
instanceKlass sun/nio/fs/WindowsNativeDispatcher$AclInformation
instanceKlass sun/nio/fs/WindowsNativeDispatcher$Account
instanceKlass sun/nio/fs/WindowsNativeDispatcher$DiskFreeSpace
instanceKlass sun/nio/fs/WindowsNativeDispatcher$VolumeInformation
instanceKlass sun/nio/fs/WindowsNativeDispatcher$FirstStream
instanceKlass sun/nio/fs/WindowsNativeDispatcher$FirstFile
instanceKlass java/util/Enumeration
instanceKlass java/util/concurrent/ConcurrentHashMap$Traverser
instanceKlass jdk/internal/loader/NativeLibraries$3
instanceKlass jdk/internal/loader/NativeLibrary
instanceKlass java/util/ArrayDeque$DeqIterator
instanceKlass jdk/internal/loader/NativeLibraries$NativeLibraryContext$1
instanceKlass jdk/internal/loader/NativeLibraries$NativeLibraryContext
instanceKlass jdk/internal/loader/NativeLibraries$2
instanceKlass jdk/internal/loader/NativeLibraries$1
instanceKlass jdk/internal/loader/NativeLibraries$LibraryPaths
instanceKlass sun/nio/fs/WindowsNativeDispatcher
instanceKlass sun/nio/fs/NativeBuffer$Deallocator
instanceKlass sun/nio/fs/NativeBuffer
instanceKlass sun/nio/fs/NativeBuffers
instanceKlass sun/nio/fs/WindowsFileAttributes
instanceKlass java/nio/file/attribute/DosFileAttributes
instanceKlass sun/nio/fs/AbstractBasicFileAttributeView
instanceKlass sun/nio/fs/DynamicFileAttributeView
instanceKlass sun/nio/fs/WindowsFileAttributeViews
instanceKlass sun/nio/fs/Util
instanceKlass java/nio/file/attribute/BasicFileAttributeView
instanceKlass java/nio/file/attribute/FileAttributeView
instanceKlass java/nio/file/attribute/AttributeView
instanceKlass java/nio/file/Files
instanceKlass java/nio/file/CopyOption
instanceKlass java/nio/file/attribute/BasicFileAttributes
instanceKlass sun/nio/fs/WindowsPath
instanceKlass java/nio/file/Path
instanceKlass java/nio/file/Watchable
instanceKlass java/util/zip/ZipFile$Source$Key
instanceKlass sun/nio/fs/WindowsPathParser$Result
instanceKlass sun/nio/fs/WindowsPathParser
instanceKlass java/nio/file/FileSystem
instanceKlass java/nio/file/OpenOption
instanceKlass java/nio/file/spi/FileSystemProvider
instanceKlass sun/nio/fs/DefaultFileSystemProvider
instanceKlass java/util/zip/ZipFile$Source
instanceKlass java/util/zip/ZipCoder
instanceKlass java/util/zip/ZipFile$CleanableResource
instanceKlass java/lang/Runtime$Version
instanceKlass java/util/jar/JavaUtilJarAccessImpl
instanceKlass jdk/internal/access/JavaUtilJarAccess
instanceKlass java/nio/charset/CoderResult
instanceKlass java/lang/StringCoding
instanceKlass java/nio/charset/CharsetDecoder
instanceKlass java/lang/Readable
instanceKlass jdk/internal/loader/FileURLMapper
instanceKlass jdk/internal/loader/URLClassPath$JarLoader$1
instanceKlass java/util/zip/ZipFile$1
instanceKlass jdk/internal/access/JavaUtilZipFileAccess
instanceKlass java/util/zip/ZipFile
instanceKlass java/util/zip/ZipConstants
instanceKlass jdk/internal/loader/URLClassPath$Loader
instanceKlass jdk/internal/loader/URLClassPath$3
instanceKlass java/security/PrivilegedExceptionAction
instanceKlass sun/net/util/URLUtil
instanceKlass com/jetbrains/internal/IoOverNio$ThreadLocalCloseable
instanceKlass java/lang/ThreadLocal$ThreadLocalMap
instanceKlass java/lang/invoke/StringConcatFactory
instanceKlass  @bci java/lang/WeakPairMap computeIfAbsent (Ljava/lang/Object;Ljava/lang/Object;Ljava/util/function/BiFunction;)Ljava/lang/Object; 18 <appendix> member <vmtarget> ; # java/lang/WeakPairMap$$Lambda+0x0000022a35040d70
instanceKlass  @bci java/lang/Module implAddExportsOrOpens (Ljava/lang/String;Ljava/lang/Module;ZZ)V 145 <appendix> argL0 ; # java/lang/Module$$Lambda+0x0000022a35040b10
instanceKlass java/lang/WeakPairMap$Pair$Lookup
instanceKlass java/lang/WeakPairMap$Pair
instanceKlass java/lang/WeakPairMap
instanceKlass java/lang/Module$ReflectionData
instanceKlass  @bci sun/util/cldr/CLDRLocaleProviderAdapter <init> ()V 4 <appendix> form vmentry <vmtarget> ; # java/lang/invoke/LambdaForm$MH+0x0000022a35000400
instanceKlass jdk/internal/org/objectweb/asm/FieldVisitor
instanceKlass java/util/ArrayList$Itr
instanceKlass java/lang/invoke/InvokerBytecodeGenerator$ClassData
instanceKlass jdk/internal/org/objectweb/asm/Frame
instanceKlass java/lang/invoke/LambdaFormBuffer
instanceKlass java/lang/invoke/LambdaFormEditor$TransformKey
instanceKlass java/lang/invoke/LambdaFormEditor
instanceKlass java/lang/invoke/DelegatingMethodHandle$Holder
instanceKlass java/lang/invoke/DirectMethodHandle$2
instanceKlass java/lang/invoke/ClassSpecializer$Factory
instanceKlass java/lang/invoke/ClassSpecializer$SpeciesData
instanceKlass java/lang/invoke/ClassSpecializer$1
instanceKlass java/lang/invoke/ClassSpecializer
instanceKlass sun/invoke/empty/Empty
instanceKlass sun/invoke/util/VerifyType
instanceKlass  @bci jdk/internal/module/ModuleBootstrap decode (Ljava/lang/String;Ljava/lang/String;Z)Ljava/util/Map; 193 <appendix> argL0 ; # jdk/internal/module/ModuleBootstrap$$Lambda+0x0000022a350408a0
instanceKlass java/lang/invoke/MethodHandles$Lookup$ClassDefiner
instanceKlass java/lang/invoke/MethodHandles$Lookup$ClassFile
instanceKlass jdk/internal/org/objectweb/asm/AnnotationVisitor
instanceKlass jdk/internal/org/objectweb/asm/Attribute
instanceKlass jdk/internal/org/objectweb/asm/Handler
instanceKlass jdk/internal/org/objectweb/asm/Label
instanceKlass jdk/internal/org/objectweb/asm/MethodVisitor
instanceKlass java/lang/invoke/LambdaProxyClassArchive
instanceKlass jdk/internal/org/objectweb/asm/ByteVector
instanceKlass jdk/internal/org/objectweb/asm/Symbol
instanceKlass jdk/internal/org/objectweb/asm/SymbolTable
instanceKlass jdk/internal/org/objectweb/asm/ClassVisitor
instanceKlass java/lang/invoke/InfoFromMemberName
instanceKlass java/lang/invoke/MethodHandleInfo
instanceKlass jdk/internal/org/objectweb/asm/ConstantDynamic
instanceKlass sun/invoke/util/BytecodeDescriptor
instanceKlass jdk/internal/org/objectweb/asm/Handle
instanceKlass sun/security/action/GetBooleanAction
instanceKlass jdk/internal/org/objectweb/asm/Type
instanceKlass java/lang/invoke/AbstractValidatingLambdaMetafactory
instanceKlass java/lang/invoke/MethodHandleImpl$1
instanceKlass jdk/internal/access/JavaLangInvokeAccess
instanceKlass java/lang/invoke/Invokers$Holder
instanceKlass java/lang/invoke/BootstrapMethodInvoker
instanceKlass java/lang/invoke/InvokerBytecodeGenerator$1
instanceKlass java/lang/invoke/InvokerBytecodeGenerator
instanceKlass java/lang/invoke/LambdaForm$Holder
instanceKlass java/lang/invoke/LambdaForm$Name
instanceKlass java/lang/reflect/Array
instanceKlass java/lang/invoke/Invokers
instanceKlass java/lang/invoke/MethodHandleImpl
instanceKlass sun/invoke/util/ValueConversions
instanceKlass java/lang/invoke/DirectMethodHandle$Holder
instanceKlass java/lang/invoke/LambdaForm$NamedFunction
instanceKlass sun/invoke/util/Wrapper$Format
instanceKlass java/lang/invoke/MethodTypeForm
instanceKlass java/lang/Void
instanceKlass jdk/internal/util/StrongReferenceKey
instanceKlass jdk/internal/util/ReferenceKey
instanceKlass jdk/internal/util/ReferencedKeyMap
instanceKlass java/lang/invoke/MethodType$1
instanceKlass java/lang/invoke/LambdaMetafactory
instanceKlass java/lang/ModuleLayer$Controller
instanceKlass java/util/concurrent/CopyOnWriteArrayList
instanceKlass jdk/internal/module/ServicesCatalog$ServiceProvider
instanceKlass jdk/internal/loader/AbstractClassLoaderValue$Memoizer
instanceKlass java/util/ImmutableCollections$ListItr
instanceKlass java/util/ListIterator
instanceKlass java/lang/ModuleLayer
instanceKlass jdk/internal/module/ModuleLoaderMap$Modules
instanceKlass jdk/internal/module/ModuleLoaderMap$Mapper
instanceKlass jdk/internal/module/ModuleLoaderMap
instanceKlass java/util/AbstractMap$1$1
instanceKlass java/lang/module/ResolvedModule
instanceKlass java/lang/module/Configuration
instanceKlass jdk/internal/loader/BuiltinClassLoader$LoadedModule
instanceKlass jdk/internal/loader/AbstractClassLoaderValue
instanceKlass jdk/internal/module/ServicesCatalog
instanceKlass java/lang/ClassLoader$ParallelLoaders
instanceKlass java/security/cert/Certificate
instanceKlass java/util/Deque
instanceKlass java/util/Queue
instanceKlass sun/net/util/IPAddressUtil$MASKS
instanceKlass sun/net/util/IPAddressUtil
instanceKlass java/net/URLStreamHandler
instanceKlass java/lang/StringUTF16
instanceKlass sun/net/www/ParseUtil
instanceKlass java/net/URL$3
instanceKlass jdk/internal/access/JavaNetURLAccess
instanceKlass java/net/URL$DefaultFactory
instanceKlass java/net/URLStreamHandlerFactory
instanceKlass jdk/internal/loader/URLClassPath
instanceKlass jdk/internal/loader/ArchivedClassLoaders
instanceKlass java/util/concurrent/ConcurrentHashMap$CollectionView
instanceKlass jdk/internal/loader/ClassLoaderHelper
instanceKlass jdk/internal/loader/NativeLibraries
instanceKlass java/lang/Module$EnableNativeAccess
instanceKlass jdk/internal/loader/BootLoader
instanceKlass java/util/Optional
instanceKlass jdk/internal/module/SystemModuleFinders$SystemModuleFinder
instanceKlass java/lang/module/ModuleFinder
instanceKlass jdk/internal/module/SystemModuleFinders$3
instanceKlass jdk/internal/module/ModuleHashes$HashSupplier
instanceKlass jdk/internal/module/SystemModuleFinders$2
instanceKlass java/util/function/Supplier
instanceKlass java/lang/module/ModuleReference
instanceKlass jdk/internal/module/ModuleResolution
instanceKlass java/util/Collections$UnmodifiableMap
instanceKlass jdk/internal/module/ModuleHashes$Builder
instanceKlass jdk/internal/module/ModuleHashes
instanceKlass jdk/internal/module/ModuleTarget
instanceKlass java/util/ImmutableCollections$Set12$1
instanceKlass java/lang/reflect/AccessFlag$18
instanceKlass java/lang/reflect/AccessFlag$17
instanceKlass java/lang/reflect/AccessFlag$16
instanceKlass java/lang/reflect/AccessFlag$15
instanceKlass java/lang/reflect/AccessFlag$14
instanceKlass java/lang/reflect/AccessFlag$13
instanceKlass java/lang/reflect/AccessFlag$12
instanceKlass java/lang/reflect/AccessFlag$11
instanceKlass java/lang/reflect/AccessFlag$10
instanceKlass java/lang/reflect/AccessFlag$9
instanceKlass java/lang/reflect/AccessFlag$8
instanceKlass java/lang/reflect/AccessFlag$7
instanceKlass java/lang/reflect/AccessFlag$6
instanceKlass java/lang/reflect/AccessFlag$5
instanceKlass java/lang/reflect/AccessFlag$4
instanceKlass java/lang/reflect/AccessFlag$3
instanceKlass java/lang/reflect/AccessFlag$2
instanceKlass java/lang/reflect/AccessFlag$1
instanceKlass java/lang/module/ModuleDescriptor$Version
instanceKlass java/lang/module/ModuleDescriptor$Provides
instanceKlass java/lang/module/ModuleDescriptor$Opens
instanceKlass java/util/ImmutableCollections$SetN$SetNIterator
instanceKlass java/lang/module/ModuleDescriptor$Exports
instanceKlass java/lang/module/ModuleDescriptor$Requires
instanceKlass jdk/internal/module/Builder
instanceKlass jdk/internal/module/SystemModules$default
instanceKlass jdk/internal/module/SystemModules
instanceKlass jdk/internal/module/SystemModulesMap
instanceKlass java/net/URI$1
instanceKlass jdk/internal/access/JavaNetUriAccess
instanceKlass java/net/URI
instanceKlass jdk/internal/module/SystemModuleFinders
instanceKlass jdk/internal/module/ArchivedModuleGraph
instanceKlass jdk/internal/module/ArchivedBootLayer
instanceKlass jdk/internal/module/ModuleBootstrap$Counters
instanceKlass jdk/internal/module/ModulePatcher
instanceKlass java/io/DefaultFileSystem
instanceKlass java/io/FileSystem
instanceKlass java/lang/ThreadLocal
instanceKlass com/jetbrains/internal/IoOverNio
instanceKlass java/io/File
instanceKlass java/lang/module/ModuleDescriptor$1
instanceKlass jdk/internal/access/JavaLangModuleAccess
instanceKlass java/lang/reflect/Modifier
instanceKlass sun/invoke/util/VerifyAccess
instanceKlass java/util/KeyValueHolder
instanceKlass java/util/ImmutableCollections$MapN$MapNIterator
instanceKlass java/lang/StrictMath
instanceKlass java/lang/invoke/MethodHandles$Lookup
instanceKlass java/lang/invoke/MemberName$Factory
instanceKlass java/lang/invoke/MethodHandles
instanceKlass java/lang/module/ModuleDescriptor
instanceKlass jdk/internal/module/ModuleBootstrap
instanceKlass java/lang/Character$CharacterCache
instanceKlass java/util/HexFormat
instanceKlass jdk/internal/util/ClassFileDumper
instanceKlass java/lang/invoke/MethodHandleStatics
instanceKlass jdk/internal/misc/Blocker
instanceKlass java/util/Collections
instanceKlass sun/io/Win32ErrorMode
instanceKlass jdk/internal/misc/OSEnvironment
instanceKlass java/lang/Integer$IntegerCache
instanceKlass jdk/internal/misc/Signal$NativeHandler
instanceKlass java/util/Hashtable$Entry
instanceKlass jdk/internal/misc/Signal
instanceKlass java/lang/Terminator$1
instanceKlass jdk/internal/misc/Signal$Handler
instanceKlass java/lang/Terminator
instanceKlass java/nio/ByteOrder
instanceKlass java/nio/Buffer$2
instanceKlass jdk/internal/access/JavaNioAccess
instanceKlass java/nio/Buffer$1
instanceKlass jdk/internal/misc/ScopedMemoryAccess
instanceKlass java/nio/charset/CodingErrorAction
instanceKlass java/util/concurrent/ForkJoinPool$ManagedBlocker
instanceKlass java/nio/charset/CharsetEncoder
instanceKlass java/util/concurrent/locks/AbstractQueuedSynchronizer$Node
instanceKlass java/io/Writer
instanceKlass java/io/PrintStream$1
instanceKlass jdk/internal/access/JavaIOPrintStreamAccess
instanceKlass jdk/internal/misc/InternalLock
instanceKlass java/io/OutputStream
instanceKlass java/io/Flushable
instanceKlass java/lang/Thread$ThreadIdentifiers
instanceKlass java/security/Principal
instanceKlass java/security/ProtectionDomain$Key
instanceKlass java/security/ProtectionDomain$JavaSecurityAccessImpl
instanceKlass jdk/internal/access/JavaSecurityAccess
instanceKlass sun/security/action/GetPropertyAction
instanceKlass java/util/concurrent/locks/AbstractQueuedSynchronizer$ConditionObject
instanceKlass java/util/concurrent/locks/Condition
instanceKlass jdk/internal/ref/CleanerImpl
instanceKlass java/lang/ref/Cleaner$1
instanceKlass java/lang/ref/Cleaner
instanceKlass jdk/internal/ref/CleanerFactory$1
instanceKlass java/util/concurrent/ThreadFactory
instanceKlass jdk/internal/ref/CleanerFactory
instanceKlass java/lang/ref/Cleaner$Cleanable
instanceKlass java/io/FileDescriptor$1
instanceKlass jdk/internal/access/JavaIOFileDescriptorAccess
instanceKlass java/io/FileDescriptor
instanceKlass jdk/internal/util/StaticProperty
instanceKlass java/util/HashMap$HashIterator
instanceKlass java/util/concurrent/locks/LockSupport
instanceKlass java/util/concurrent/ConcurrentHashMap$Node
instanceKlass java/util/concurrent/ConcurrentHashMap$CounterCell
instanceKlass java/util/concurrent/locks/ReentrantLock
instanceKlass java/util/concurrent/locks/Lock
instanceKlass java/lang/CharacterData
instanceKlass java/util/Arrays
instanceKlass jdk/internal/util/Preconditions$3
instanceKlass jdk/internal/util/Preconditions$2
instanceKlass jdk/internal/util/Preconditions$4
instanceKlass java/util/function/BiFunction
instanceKlass jdk/internal/util/Preconditions$1
instanceKlass java/util/function/Function
instanceKlass jdk/internal/util/Preconditions
instanceKlass java/lang/Runtime
instanceKlass java/lang/VersionProps
instanceKlass java/lang/StringConcatHelper
instanceKlass java/util/HashMap$Node
instanceKlass java/util/Map$Entry
instanceKlass jdk/internal/util/ArraysSupport
instanceKlass sun/nio/cs/HistoricallyNamedCharset
instanceKlass java/nio/charset/spi/CharsetProvider
instanceKlass java/nio/charset/Charset
instanceKlass jdk/internal/util/SystemProps$Raw
instanceKlass jdk/internal/util/SystemProps
instanceKlass java/lang/System$2
instanceKlass jdk/internal/access/JavaLangAccess
instanceKlass java/lang/ref/NativeReferenceQueue$Lock
instanceKlass java/lang/ref/ReferenceQueue
instanceKlass java/lang/ref/Reference$1
instanceKlass jdk/internal/access/JavaLangRefAccess
instanceKlass jdk/internal/reflect/ReflectionFactory
instanceKlass java/lang/Math
instanceKlass java/lang/StringLatin1
instanceKlass jdk/internal/reflect/Reflection
instanceKlass jdk/internal/reflect/ReflectionFactory$GetReflectionFactoryAction
instanceKlass java/security/PrivilegedAction
instanceKlass jdk/internal/access/SharedSecrets
instanceKlass java/lang/reflect/ReflectAccess
instanceKlass jdk/internal/access/JavaLangReflectAccess
instanceKlass java/util/ImmutableCollections
instanceKlass java/util/Objects
instanceKlass java/util/Set
instanceKlass jdk/internal/misc/CDS
instanceKlass java/lang/Module$ArchivedData
instanceKlass jdk/internal/misc/VM
instanceKlass java/lang/String$CaseInsensitiveComparator
instanceKlass java/util/Comparator
instanceKlass java/io/ObjectStreamField
instanceKlass jdk/internal/vm/FillerObject
instanceKlass jdk/internal/vm/vector/VectorSupport$VectorPayload
instanceKlass jdk/internal/vm/vector/VectorSupport
instanceKlass java/lang/reflect/RecordComponent
instanceKlass java/util/Iterator
instanceKlass java/lang/Number
instanceKlass java/lang/Character
instanceKlass java/lang/Boolean
instanceKlass java/util/concurrent/locks/AbstractOwnableSynchronizer
instanceKlass java/lang/LiveStackFrame
instanceKlass java/lang/StackFrameInfo
instanceKlass java/lang/StackWalker$StackFrame
instanceKlass java/lang/StackStreamFactory$AbstractStackWalker
instanceKlass java/lang/StackWalker
instanceKlass java/nio/Buffer
instanceKlass java/lang/StackTraceElement
instanceKlass java/util/RandomAccess
instanceKlass java/util/List
instanceKlass java/util/SequencedCollection
instanceKlass java/util/AbstractCollection
instanceKlass java/util/Collection
instanceKlass java/lang/Iterable
instanceKlass java/util/concurrent/ConcurrentMap
instanceKlass java/util/AbstractMap
instanceKlass java/security/CodeSource
instanceKlass jdk/internal/loader/ClassLoaders
instanceKlass java/util/jar/Manifest
instanceKlass java/lang/Enum
instanceKlass java/net/URL
instanceKlass java/io/InputStream
instanceKlass java/io/Closeable
instanceKlass java/lang/AutoCloseable
instanceKlass jdk/internal/module/Modules
instanceKlass jdk/internal/misc/Unsafe
instanceKlass jdk/internal/misc/UnsafeConstants
instanceKlass java/lang/AbstractStringBuilder
instanceKlass java/lang/Appendable
instanceKlass java/lang/AssertionStatusDirectives
instanceKlass jdk/internal/foreign/abi/ABIDescriptor
instanceKlass jdk/internal/foreign/abi/NativeEntryPoint
instanceKlass java/lang/invoke/CallSite
instanceKlass java/lang/invoke/MethodType
instanceKlass java/lang/invoke/TypeDescriptor$OfMethod
instanceKlass java/lang/invoke/LambdaForm
instanceKlass java/lang/invoke/MethodHandleNatives
instanceKlass java/lang/invoke/ResolvedMethodName
instanceKlass java/lang/invoke/MemberName
instanceKlass java/lang/invoke/VarHandle
instanceKlass java/lang/invoke/MethodHandle
instanceKlass jdk/internal/reflect/CallerSensitive
instanceKlass java/lang/annotation/Annotation
instanceKlass jdk/internal/reflect/FieldAccessor
instanceKlass jdk/internal/reflect/ConstantPool
instanceKlass jdk/internal/reflect/ConstructorAccessor
instanceKlass jdk/internal/reflect/MethodAccessor
instanceKlass jdk/internal/reflect/MagicAccessorImpl
instanceKlass jdk/internal/vm/StackChunk
instanceKlass jdk/internal/vm/Continuation
instanceKlass jdk/internal/vm/ContinuationScope
instanceKlass java/lang/reflect/Parameter
instanceKlass java/lang/reflect/Member
instanceKlass java/lang/reflect/AccessibleObject
instanceKlass java/lang/Module
instanceKlass java/util/Map
instanceKlass java/util/Dictionary
instanceKlass java/lang/ThreadGroup
instanceKlass java/lang/Thread$UncaughtExceptionHandler
instanceKlass java/lang/Thread$Constants
instanceKlass java/lang/Thread$FieldHolder
instanceKlass java/lang/Thread
instanceKlass java/lang/Runnable
instanceKlass java/lang/ref/Reference
instanceKlass java/lang/Record
instanceKlass java/security/AccessController
instanceKlass java/security/AccessControlContext
instanceKlass java/security/ProtectionDomain
instanceKlass java/lang/SecurityManager
instanceKlass java/lang/Throwable
instanceKlass java/lang/System
instanceKlass java/lang/ClassLoader
instanceKlass java/lang/Cloneable
instanceKlass java/lang/Class
instanceKlass java/lang/invoke/TypeDescriptor$OfField
instanceKlass java/lang/invoke/TypeDescriptor
instanceKlass java/lang/reflect/Type
instanceKlass java/lang/reflect/GenericDeclaration
instanceKlass java/lang/reflect/AnnotatedElement
instanceKlass java/lang/String
instanceKlass java/lang/constant/ConstantDesc
instanceKlass java/lang/constant/Constable
instanceKlass java/lang/CharSequence
instanceKlass java/lang/Comparable
instanceKlass java/io/Serializable
ciInstanceKlass java/lang/Object 1 1 124 7 1 10 12 1 1 10 7 12 1 1 1 10 7 12 1 1 1 10 12 1 1 8 1 10 12 1 1 10 7 12 1 1 1 10 12 1 10 12 1 1 10 7 12 1 1 1 10 12 1 10 12 1 100 1 10 7 12 1 1 1 10 12 1 1 10 12 1 100 1 8 1 10 12 1 3 8 1 7 1 5 0 1 1 1 1 1 1 1 1 1 1 1 1 1 1 1 1 100 1 1 1 1 1 1 1 1 1 1 7 1 1 1 1 1 1 1 1 1 1 3 1 1
ciInstanceKlass java/io/Serializable 1 0 7 100 1 100 1 1 1
ciInstanceKlass java/lang/System 1 1 856 10 7 12 1 1 1 9 7 12 1 1 1 10 12 1 10 12 1 1 10 12 1 1 10 12 1 9 12 1 1 10 7 12 1 1 1 11 100 12 1 1 1 10 100 12 1 1 1 10 12 1 1 10 12 1 1 100 1 8 1 10 12 1 10 7 12 1 1 1 10 100 12 1 1 1 18 12 1 1 10 7 12 1 1 1 7 1 10 12 1 1 10 7 12 1 1 1 10 12 1 10 7 12 1 1 1 9 100 12 1 1 1 10 7 12 1 1 1 11 7 12 1 1 1 10 12 1 1 10 7 12 1 1 1 7 1 10 10 12 1 1 8 1 10 12 1 8 1 10 12 1 9 12 1 1 8 1 10 7 12 1 1 1 10 12 1 1 100 1 8 1 10 9 12 1 1 8 1 10 12 1 1 10 100 12 1 1 1 8 1 10 12 1 7 1 10 12 1 8 1 10 12 1 10 12 1 1 100 1 10 12 10 12 1 9 12 1 1 9 12 1 1 10 7 12 1 1 1 10 7 12 1 1 1 10 12 1 1 10 12 1 10 12 1 10 7 12 1 1 1 10 12 1 100 1 100 1 8 1 10 12 1 10 12 1 1 7 1 10 12 1 100 1 8 1 10 10 12 1 100 1 8 1 10 8 1 10 7 12 1 1 8 1 10 12 100 1 8 1 10 10 12 1 1 10 100 12 1 1 1 100 1 18 12 1 100 1 9 100 12 1 1 1 10 12 1 100 1 10 12 1 1 10 12 1 1 10 7 12 1 1 1 10 12 1 1 10 12 1 10 12 1 10 12 1 1 10 12 1 7 1 10 12 1 9 7 12 1 1 1 10 7 12 1 1 1 10 12 1 10 12 1 10 7 12 1 1 1 7 1 8 1 10 9 12 1 9 12 1 10 12 1 10 7 12 1 1 10 12 1 10 12 1 1 8 1 10 12 1 1 8 1 11 12 1 10 12 11 12 1 1 11 7 12 1 1 1 11 7 12 1 1 11 12 1 1 7 1 11 12 1 10 12 1 8 1 10 12 1 1 8 1 8 1 8 1 8 1 11 12 1 10 12 1 10 12 1 10 12 1 8 1 10 12 1 1 8 1 9 12 1 8 1 10 7 12 1 1 8 1 7 1 9 7 12 1 1 1 10 12 1 7 1 9 12 10 9 12 7 1 10 12 9 12 1 1 8 1 10 12 1 1 8 1 10 7 12 1 1 10 12 1 10 12 1 1 11 7 12 1 1 10 12 10 7 12 1 1 1 9 12 1 1 7 1 8 1 10 12 1 1 10 7 12 1 1 1 7 1 10 12 1 1 10 12 1 8 1 8 1 10 8 1 8 1 8 1 8 1 10 10 7 12 1 1 10 12 1 10 12 1 1 10 12 1 1 10 12 1 10 100 12 1 1 1 10 7 1 8 1 10 10 10 12 1 1 10 12 1 1 8 1 10 12 1 8 1 8 1 10 12 1 10 7 12 1 1 1 10 12 1 1 8 1 10 12 1 8 1 10 7 12 1 1 7 1 10 10 12 1 10 12 1 9 12 1 1 3 1 3 1 1 1 1 1 1 1 1 1 1 1 1 100 1 1 100 1 1 1 1 1 1 1 1 1 1 1 100 1 7 1 1 1 1 1 1 1 1 1 1 1 1 1 1 1 1 1 1 1 1 1 1 1 1 1 1 1 1 1 1 1 1 1 1 1 1 1 1 1 1 1 1 1 1 1 1 1 1 1 1 1 1 1 1 1 1 1 1 100 1 1 1 1 1 1 1 1 1 1 1 1 1 1 1 1 1 1 1 1 1 1 1 1 1 1 1 1 1 1 1 1 1 1 1 1 1 1 100 1 1 16 15 10 12 1 1 16 15 10 12 16 1 15 10 100 12 1 1 1 1 1 1 1 1 100 1 100 1 1 1 100 1 100 1 1
staticfield java/lang/System in Ljava/io/InputStream; java/io/BufferedInputStream
staticfield java/lang/System out Ljava/io/PrintStream; java/io/PrintStream
staticfield java/lang/System err Ljava/io/PrintStream; java/io/PrintStream
ciInstanceKlass java/lang/SecurityManager 0 0 576 10 7 12 1 1 1 9 7 12 1 1 1 10 7 12 1 1 1 100 1 8 1 10 12 1 10 12 1 1 10 7 12 1 1 1 10 7 1 10 100 1 10 9 100 12 1 1 1 10 7 12 1 1 1 10 12 1 1 10 7 12 1 1 100 1 8 1 10 9 12 1 1 9 12 1 8 1 9 12 1 7 1 10 8 1 10 12 1 1 10 12 1 10 12 1 1 100 1 10 10 12 1 1 100 1 8 1 10 12 1 8 1 8 1 8 1 8 1 8 1 8 1 10 12 1 8 1 8 1 8 1 8 1 8 1 10 7 12 1 1 1 10 12 1 1 8 1 100 1 8 1 10 8 1 8 1 8 1 8 1 8 1 10 100 12 1 1 8 1 100 1 8 1 8 1 10 8 1 10 12 1 100 1 8 1 10 10 12 1 1 10 12 1 10 12 1 10 12 1 10 100 12 1 1 1 10 12 1 10 100 12 1 1 11 100 12 1 1 1 18 12 1 1 11 100 12 1 1 1 18 12 1 1 11 12 1 1 18 18 11 12 1 18 12 1 11 12 1 1 9 12 1 1 9 12 1 9 12 1 9 12 1 100 1 10 100 12 1 1 10 12 1 10 12 1 18 12 1 18 10 100 12 1 1 1 18 12 1 10 12 1 18 18 8 1 10 12 1 9 12 1 1 11 7 12 1 1 1 8 1 100 1 10 12 1 10 12 1 1 10 12 1 1 9 12 1 1 10 12 1 10 12 1 1 8 1 100 1 10 9 12 1 8 1 10 12 1 8 1 100 1 10 10 100 12 1 1 10 100 1 9 7 12 1 1 1 11 12 1 1 10 12 1 11 12 1 10 12 1 7 1 10 10 12 1 1 10 12 1 1 1 1 1 1 1 1 1 1 1 7 1 1 1 1 1 1 1 1 1 1 1 1 1 1 1 1 1 1 1 1 1 1 1 1 1 1 1 1 1 1 1 1 1 1 1 1 1 1 1 1 1 1 1 1 1 1 1 1 1 1 1 1 1 1 1 1 3 1 1 1 1 1 1 1 1 1 1 100 1 1 1 1 1 1 1 1 1 1 1 1 1 1 1 1 1 1 1 1 1 1 1 1 1 1 1 1 1 1 1 1 1 1 1 1 1 1 16 15 10 7 12 1 1 1 16 1 16 15 10 12 16 1 15 10 12 16 15 11 7 1 16 1 16 1 15 10 12 16 15 10 12 16 15 10 12 1 16 1 15 11 12 1 15 10 12 16 15 10 16 1 15 10 100 12 1 1 1 1 1 1 100 1 100 1 1
ciInstanceKlass java/security/AccessController 1 1 295 10 7 12 1 1 1 10 7 12 1 1 1 10 7 12 1 1 1 10 12 1 1 10 12 1 1 10 7 12 1 1 1 10 12 1 1 10 12 1 10 12 1 1 10 12 1 100 1 8 1 10 12 1 10 12 1 10 12 1 1 10 12 1 7 1 7 1 10 12 1 1 10 12 1 10 12 1 10 12 1 1 10 7 12 1 1 1 10 12 1 1 9 100 12 1 1 1 10 7 12 1 1 1 10 12 1 10 12 1 9 100 12 1 1 1 10 12 1 10 12 1 1 9 12 1 1 10 100 1 10 11 7 12 1 1 1 10 7 12 1 1 11 7 1 7 1 10 12 1 10 12 1 10 12 1 8 1 10 12 1 1 8 1 10 100 12 1 1 1 8 1 7 1 10 10 12 1 1 10 12 1 10 7 12 1 1 1 10 12 1 8 1 10 7 12 1 1 8 1 8 1 10 12 1 8 1 10 12 1 10 12 1 1 10 12 1 1 1 1 1 1 1 1 1 1 1 1 1 1 1 1 1 1 1 1 1 1 1 1 1 1 1 1 100 1 1 1 1 1 1 1 1 1 1 1 1 1 1 1 1 1 1 1 1 1 1 1 1 1 1 1 1 1 1 1 1 1 1 100 1 100 1 1 1 1 1 1 1 1 1 3 1 1 1
staticfield java/security/AccessController $assertionsDisabled Z 1
ciInstanceKlass java/security/ProtectionDomain 1 1 348 10 7 12 1 1 1 9 7 12 1 1 1 7 1 10 9 12 1 1 9 12 1 1 9 12 1 1 10 7 12 1 1 7 1 9 12 1 9 12 1 1 7 1 9 12 1 1 9 12 1 10 100 12 1 1 10 100 12 1 1 1 10 12 1 1 10 12 1 9 12 1 9 100 12 1 1 10 12 1 1 10 100 1 10 12 1 1 8 1 7 1 8 1 10 12 1 10 11 10 7 12 1 1 1 10 12 1 1 8 1 11 8 1 10 12 1 8 1 8 1 10 12 1 1 10 12 1 10 12 1 1 10 12 1 8 1 10 12 1 8 1 8 1 10 7 12 1 1 1 9 100 12 1 1 1 10 12 1 1 9 100 12 1 1 1 10 7 12 1 1 1 100 1 18 12 1 1 10 7 12 1 1 1 10 7 1 10 12 1 10 12 1 1 11 100 12 1 1 11 12 1 100 1 11 7 12 1 1 1 10 12 1 10 11 12 1 1 11 12 1 1 10 12 1 10 7 12 1 1 10 100 12 1 1 11 12 1 10 12 10 12 1 8 1 8 1 10 7 12 1 1 1 7 1 10 10 7 12 1 1 1 1 1 1 1 1 1 1 7 1 1 7 1 1 1 1 1 1 1 1 1 1 1 1 1 1 1 1 1 1 1 1 1 1 1 1 1 1 1 1 1 1 1 1 1 1 1 1 1 1 1 1 1 1 1 1 7 1 1 1 1 1 1 100 1 1 16 15 10 12 16 15 10 100 12 1 1 1 1 1 1 1 100 1 100 1 1
staticfield java/security/ProtectionDomain filePermCompatInPD Z 0
ciInstanceKlass java/security/CodeSource 1 1 398 10 7 12 1 1 1 9 7 12 1 1 1 9 12 1 1 9 12 1 1 9 12 1 1 10 7 12 1 1 1 9 12 1 1 10 100 12 1 1 10 100 10 7 12 1 1 1 10 100 12 1 1 1 10 12 1 1 7 1 10 10 100 12 1 1 1 10 100 12 1 1 1 10 12 1 1 100 1 10 12 1 1 10 12 1 1 10 12 1 1 10 12 1 10 10 10 12 1 1 10 7 12 1 1 1 10 12 1 10 12 1 10 12 1 8 1 10 12 1 10 12 1 10 12 1 1 10 12 1 8 1 10 12 1 1 10 7 1 10 10 12 1 1 8 1 10 12 1 10 12 1 10 12 1 8 1 8 1 9 12 1 1 100 1 8 1 10 12 1 10 12 1 1 8 1 10 12 1 8 1 8 1 8 1 10 100 12 1 1 10 12 1 1 10 12 1 10 12 1 1 10 12 1 1 10 12 1 1 100 1 100 1 10 12 1 10 12 10 12 1 1 10 100 12 1 1 10 12 1 7 1 10 12 10 100 12 1 1 1 10 8 1 10 12 1 10 12 1 10 12 1 1 100 1 10 12 1 1 100 1 7 1 8 1 8 1 10 10 12 1 1 10 100 12 1 1 1 7 1 10 12 10 12 1 1 11 7 12 1 1 10 10 12 1 11 10 12 1 8 1 100 1 10 12 1 10 12 1 1 10 12 1 11 12 1 1 7 1 1 1 1 5 0 1 1 1 1 1 1 1 1 1 1 1 1 1 1 1 1 1 1 1 1 1 1 1 1 1 1 1 1 1 1 1 1 1 1 1 1 1 1 1 1 1 1 1 1 1 1 1 1 1 1 1 1 1 1 1 1 1 1 1 1 1 1 1 1 1 1 100 1 1 1 1 1 1 1
ciInstanceKlass java/lang/Boolean 1 1 152 10 7 12 1 1 1 9 7 12 1 1 1 10 12 1 1 10 12 1 8 1 10 7 12 1 1 9 12 1 1 9 12 1 10 12 1 1 10 12 1 1 10 12 1 1 10 7 12 1 1 1 100 1 100 1 10 12 1 1 9 100 12 1 1 9 12 10 100 12 1 1 1 10 12 1 1 8 1 10 7 12 1 1 1 9 12 1 1 7 1 7 1 7 1 1 1 1 1 1 5 0 1 1 1 1 1 1 1 1 1 1 3 1 1 1 1 1 1 1 1 1 1 1 1 1 1 1 1 1 1 7 1 1 1 1 1 1 1 1 1 1 100 1 1 1 1 1 1 1 1 1
staticfield java/lang/Boolean TRUE Ljava/lang/Boolean; java/lang/Boolean
staticfield java/lang/Boolean FALSE Ljava/lang/Boolean; java/lang/Boolean
staticfield java/lang/Boolean TYPE Ljava/lang/Class; java/lang/Class
ciInstanceKlass java/lang/Comparable 1 0 12 100 1 100 1 1 1 1 1 1 1 1
ciInstanceKlass java/lang/constant/Constable 1 0 11 100 1 100 1 1 1 1 1 1 1
ciInstanceKlass java/util/Map 1 1 263 11 7 12 1 1 1 11 12 1 1 10 100 12 1 1 11 12 1 1 11 7 12 1 1 1 11 100 12 1 1 1 11 12 1 1 7 1 11 12 1 11 12 1 100 1 100 1 10 12 1 1 11 100 12 1 1 1 11 100 12 1 1 1 11 12 1 11 12 1 10 12 1 1 11 12 1 11 100 12 1 9 7 12 1 1 1 100 1 10 12 7 1 7 1 10 12 1 7 1 10 7 1 11 12 1 11 12 1 1 11 12 1 1 7 1 11 12 1 1 1 1 1 1 1 1 1 1 1 1 1 1 1 1 1 1 1 1 1 1 1 1 1 1 1 1 1 1 1 1 1 1 1 1 1 1 1 1 1 1 1 1 1 1 1 1 1 1 1 1 1 1 1 1 1 1 1 1 1 1 1 1 1 1 1 1 1 1 1 1 1 1 1 1 1 1 1 1 1 1 1 1 1 1 1 1 1 1 1 1 1 1 1 1 1 1 1 1 1 1 1 1 1 1 1 1 1 1 1 1 1 1 1 1 1 1 1 1 1 1 1 1 1 1 100 1 1 1 1 1 1 1 1 1 1 1 1 1 1 1 1 1 1
ciInstanceKlass java/lang/Class 1 1 1687 10 7 12 1 1 1 9 7 12 1 1 1 9 12 1 1 10 12 1 1 8 1 10 12 1 8 1 8 1 10 12 1 1 10 7 12 1 1 1 10 12 1 7 1 10 10 12 1 10 12 1 1 10 12 1 1 10 12 1 1 10 100 12 1 1 10 12 1 10 12 1 10 12 1 8 1 10 12 1 8 1 10 12 1 8 1 8 1 10 12 1 1 10 100 12 1 1 1 18 12 1 1 11 100 12 1 1 1 8 1 8 1 8 1 10 100 12 1 1 1 11 12 1 1 8 1 10 12 1 10 11 100 12 1 1 1 11 7 12 1 1 1 11 8 1 18 8 1 10 12 1 10 7 12 1 1 10 12 1 1 10 7 12 1 1 1 10 12 1 1 10 12 1 1 10 7 12 1 1 1 10 12 9 100 12 1 1 1 10 7 12 1 1 1 10 12 1 10 7 12 1 1 1 10 12 1 1 18 12 1 1 10 7 12 1 1 1 10 7 12 1 10 12 1 1 10 7 1 7 1 10 12 1 1 9 12 1 1 100 1 8 1 10 12 1 10 12 1 1 10 12 1 1 10 7 12 1 1 1 7 1 10 12 1 100 1 100 1 10 10 12 1 1 10 12 1 1 100 1 10 7 12 1 1 1 10 12 1 1 10 12 1 1 9 12 1 1 10 12 1 10 12 1 1 9 12 1 1 9 12 1 1 10 12 1 1 10 100 1 10 12 1 10 12 1 10 12 1 1 10 9 12 1 10 12 1 8 1 10 12 1 1 10 12 1 1 10 12 1 10 12 1 1 10 12 1 1 10 12 1 1 9 7 12 1 1 1 10 7 12 1 1 10 12 10 12 1 10 12 1 10 12 1 10 12 1 9 100 12 1 1 1 9 12 1 10 12 1 10 100 12 1 1 1 10 12 1 1 10 100 12 1 1 10 12 1 10 12 1 1 10 100 12 1 1 1 10 12 1 10 12 1 1 10 12 1 10 12 1 10 12 1 1 10 7 1 10 10 10 12 1 1 10 12 1 1 10 12 10 10 12 1 1 7 1 8 1 10 10 12 1 1 10 12 1 100 1 11 12 1 10 100 12 1 1 10 12 1 10 12 1 10 100 12 1 1 10 10 12 1 1 8 1 10 12 1 10 12 1 1 8 1 10 12 1 9 12 1 10 12 1 10 12 1 10 12 1 10 12 7 1 9 12 1 10 12 1 9 12 1 10 12 1 10 12 1 10 12 1 10 10 12 1 10 12 1 10 7 12 1 1 10 12 1 10 12 1 10 12 1 1 10 12 1 10 12 1 10 12 1 100 1 10 12 1 10 12 1 1 10 12 1 1 10 12 1 1 10 12 1 1 10 12 1 1 10 12 1 1 7 1 10 10 12 1 1 10 12 1 1 10 12 1 1 10 10 12 1 10 12 1 1 10 12 1 1 10 12 1 1 10 12 1 1 7 1 10 10 12 11 7 12 1 1 10 12 1 10 12 1 10 7 12 1 1 1 10 12 1 1 10 10 12 1 1 7 1 10 10 12 1 1 10 7 12 1 1 1 100 1 100 1 10 12 1 1 10 12 1 10 10 12 1 1 10 12 1 10 12 1 10 12 1 10 100 12 1 1 1 11 100 12 1 1 10 12 1 10 12 1 9 12 1 10 12 1 1 10 12 1 9 7 12 1 1 1 9 12 1 10 100 12 1 1 1 10 12 1 10 12 1 10 100 12 1 1 1 10 12 1 10 12 10 12 1 1 100 1 10 8 1 10 12 1 11 11 12 1 1 11 7 12 1 1 11 12 1 8 1 10 12 1 10 12 1 1 9 12 1 9 12 1 1 10 7 12 1 1 9 12 1 10 12 1 1 10 10 12 1 10 7 12 1 1 1 10 100 12 1 1 10 100 12 1 1 9 12 1 1 10 12 1 9 12 1 10 12 1 10 12 1 1 9 12 1 1 9 12 1 10 12 1 10 12 1 1 9 12 1 100 1 10 10 12 1 1 7 1 10 12 1 1 100 11 7 1 9 12 1 1 9 12 1 7 1 10 12 1 9 12 1 1 9 12 1 10 12 1 10 12 1 1 9 12 1 100 1 10 10 12 1 1 10 10 12 1 10 12 10 10 12 1 9 12 1 10 12 1 1 10 7 12 1 1 1 10 12 1 1 10 12 1 8 10 100 8 1 18 8 1 8 1 10 12 1 9 12 1 9 12 1 1 10 12 1 7 1 7 1 10 12 1 9 12 1 1 7 1 10 10 12 1 10 7 1 9 12 1 8 1 10 12 1 7 1 10 12 1 10 12 1 1 100 1 7 1 9 12 1 100 1 8 1 10 10 7 12 1 1 1 10 12 11 7 12 1 1 1 10 12 1 10 12 1 1 10 8 1 8 1 10 12 1 1 9 100 12 1 1 11 12 7 1 11 7 12 1 1 9 12 1 10 100 12 1 1 1 10 100 12 1 1 10 12 1 1 9 12 1 9 10 12 1 1 10 12 1 1 10 12 1 1 10 12 1 1 10 12 1 1 11 12 1 100 1 11 12 1 10 100 12 1 1 1 10 12 1 11 12 1 10 100 12 1 1 1 10 12 1 10 100 12 1 1 1 11 12 1 11 12 1 1 10 12 1 10 12 1 1 9 12 1 1 9 100 12 1 1 10 12 1 10 100 12 1 1 1 10 12 1 1 10 12 1 10 12 1 10 12 1 10 7 12 1 1 1 10 12 1 8 1 10 12 1 10 12 1 10 12 1 100 1 10 12 10 100 12 1 1 1 11 100 12 1 1 1 10 12 1 1 10 12 1 18 12 1 1 11 12 1 1 18 11 12 1 18 12 1 11 12 1 10 12 1 1 10 12 1 10 12 1 10 12 1 10 12 1 10 12 10 12 1 8 1 10 12 1 7 1 9 12 1 1 7 1 7 1 7 1 7 1 1 1 3 1 3 1 3 1 1 1 1 1 1 1 5 0 1 1 1 1 1 1 1 1 1 1 1 1 1 1 1 1 1 1 1 1 1 1 1 1 100 1 1 1 1 1 1 1 100 1 1 1 1 1 7 1 1 1 1 1 1 1 1 1 1 1 1 1 1 1 1 1 1 1 1 1 1 1 1 1 1 1 1 1 1 1 1 1 1 1 1 1 1 1 1 1 1 100 1 1 1 1 1 1 1 1 1 1 1 1 1 1 1 1 1 1 1 1 1 1 1 1 1 1 1 1 1 1 1 100 1 1 1 1 1 1 1 1 1 1 1 1 1 1 1 1 1 1 1 1 3 1 1 1 1 1 1 1 1 1 1 1 1 1 1 1 1 1 1 1 1 1 1 1 1 1 1 1 1 1 1 1 1 1 1 1 7 1 7 1 1 1 1 1 1 1 7 1 1 1 1 1 1 1 1 1 1 1 1 1 1 1 1 1 1 1 1 1 1 1 1 1 1 1 1 1 1 1 1 1 1 1 1 1 1 1 1 1 1 1 1 1 1 1 1 1 1 1 1 1 1 1 1 1 1 1 1 1 1 1 1 1 1 1 1 1 1 1 1 1 1 1 1 1 1 1 1 1 1 1 1 1 1 1 1 1 1 1 1 1 1 1 1 1 1 1 1 1 1 1 1 1 1 1 1 1 1 1 1 1 1 1 1 1 1 1 1 1 1 1 1 16 15 10 12 16 15 11 12 16 1 16 15 16 15 10 12 16 16 15 10 12 16 15 16 1 15 10 12 16 15 10 100 12 1 1 1 1 1 1 1 1 1 1 1 1 1 7 1 1 100 1 100 1 1 100 1 100 1 1 100 1 100 1 1
staticfield java/lang/Class EMPTY_CLASS_ARRAY [Ljava/lang/Class; 0 [Ljava/lang/Class;
staticfield java/lang/Class serialPersistentFields [Ljava/io/ObjectStreamField; 0 [Ljava/io/ObjectStreamField;
ciInstanceKlass java/lang/reflect/AnnotatedElement 1 1 164 11 7 12 1 1 1 11 12 1 1 7 1 10 100 12 1 1 1 10 12 1 1 10 12 1 1 10 12 1 10 100 12 1 1 1 11 12 1 1 11 7 12 1 1 10 7 12 1 1 1 10 12 1 10 100 12 1 1 1 18 12 1 1 11 100 12 1 1 18 12 1 18 12 1 1 10 100 12 1 1 1 11 100 12 1 1 1 7 1 10 100 12 1 1 1 1 1 1 1 1 1 1 1 1 1 1 1 1 1 1 1 1 1 1 1 1 1 100 1 1 1 1 1 1 1 1 1 1 1 16 15 16 1 16 1 15 11 12 16 16 1 15 10 100 12 1 1 1 16 1 15 10 100 12 1 1 1 1 100 1 100 1 1
ciInstanceKlass java/lang/invoke/TypeDescriptor 1 0 17 100 1 100 1 1 1 1 1 1 100 1 100 1 1 1 1
ciInstanceKlass java/lang/reflect/GenericDeclaration 1 0 30 7 1 7 1 7 1 1 1 1 1 1 1 1 100 1 8 1 1 12 10 1 1 1 8 1 1 1 8 1
ciInstanceKlass java/lang/reflect/Type 1 1 17 11 100 12 1 1 1 100 1 1 1 1 1 1 1 1 1
ciInstanceKlass java/lang/invoke/TypeDescriptor$OfField 1 0 21 100 1 100 1 100 1 1 1 1 1 1 1 1 1 1 1 1 1 1 1
ciInstanceKlass java/lang/StringBuilder 1 1 422 10 7 12 1 1 1 10 12 1 10 12 1 10 12 1 1 10 7 12 1 1 1 10 7 12 1 1 1 10 12 1 10 12 1 10 12 1 10 12 1 10 12 1 10 12 1 10 12 1 10 12 1 10 12 1 10 12 1 10 12 1 10 12 1 10 12 1 10 12 1 1 10 12 1 10 12 1 1 10 12 1 1 10 12 1 10 12 1 10 12 1 10 12 1 10 12 1 10 12 1 10 12 1 10 12 10 12 1 10 12 1 10 12 1 10 12 1 1 10 12 1 10 12 1 10 12 10 12 1 1 10 12 1 10 12 1 10 12 1 10 100 12 1 1 1 9 12 1 1 10 12 1 10 12 1 1 10 12 1 1 9 12 1 1 10 100 12 1 1 1 10 100 1 10 12 1 1 10 100 12 1 1 10 12 1 10 12 1 1 100 1 100 1 8 1 10 10 12 1 1 10 12 1 10 12 1 10 12 1 1 10 12 1 10 12 1 10 12 1 10 12 1 10 12 1 10 12 10 12 1 10 12 1 10 12 1 10 12 1 10 12 1 10 12 1 10 12 1 10 12 1 10 12 1 1 10 12 1 1 10 12 1 10 12 1 10 12 1 10 12 10 12 10 12 1 10 12 1 10 12 1 10 12 10 12 1 10 12 1 10 12 1 10 12 1 10 12 1 10 12 1 10 12 1 10 12 1 10 12 1 1 10 12 1 10 12 1 1 10 12 1 10 12 1 1 10 12 1 10 12 1 1 10 12 1 10 12 1 10 12 1 10 10 12 1 10 12 1 7 1 7 1 7 1 7 1 1 1 1 5 0 1 1 1 1 1 1 1 1 1 1 1 1 1 1 1 1 1 1 1 1 1 1 1 1 1 1 1 1 1 1 1 1 1 1 1 1 1 1 1 1 1 1 1 1 100 1 1 1 7 1 1 1 1 1 1 1 1 1 1 1
instanceKlass java/lang/StringBuilder
instanceKlass java/lang/StringBuffer
ciInstanceKlass java/lang/AbstractStringBuilder 1 1 599 7 1 10 7 12 1 1 1 9 7 12 1 1 1 9 12 1 9 12 1 1 9 12 1 1 10 100 12 1 1 1 10 12 1 1 7 1 3 3 10 12 1 10 12 1 1 11 7 1 100 1 7 1 10 8 1 10 12 1 10 12 1 10 12 1 1 10 12 1 10 12 1 9 12 1 10 12 1 9 12 1 1 10 12 1 1 10 7 12 1 1 1 10 10 12 1 10 12 1 10 12 1 1 10 12 1 1 10 7 12 1 1 1 10 7 12 1 1 1 7 1 8 1 10 10 12 1 1 100 1 10 12 10 12 1 1 10 10 12 1 1 10 12 1 1 10 12 1 1 10 12 1 1 10 10 7 12 1 1 1 10 12 1 100 1 10 10 7 12 1 1 1 9 12 1 1 9 12 1 10 12 1 1 10 10 12 1 1 10 12 10 12 1 10 12 1 1 10 12 1 1 10 12 1 1 10 12 1 10 12 1 1 10 12 1 1 10 12 1 10 12 1 1 8 1 10 12 1 1 10 12 1 10 12 1 10 12 1 10 12 1 10 12 1 10 12 1 10 7 12 1 1 10 12 1 10 12 1 10 100 12 1 1 1 100 1 100 1 10 12 1 10 100 12 1 1 10 12 1 10 12 1 10 12 1 10 12 1 1 10 12 1 10 12 1 1 10 12 1 1 10 10 7 12 1 1 1 10 12 1 10 12 1 10 12 1 1 10 12 1 10 12 1 10 12 1 10 12 1 10 12 1 10 12 1 10 12 1 10 12 1 1 10 12 1 10 12 1 10 12 10 12 1 1 18 12 1 1 100 1 10 100 12 1 1 1 18 10 12 1 1 10 12 1 10 12 1 1 11 12 1 1 10 12 1 10 12 10 10 10 12 1 10 5 0 10 10 12 1 1 100 1 8 1 10 10 12 1 1 10 100 12 1 1 1 10 12 1 10 12 1 1 100 1 10 12 100 1 10 100 1 10 7 1 1 1 1 1 1 1 1 1 1 1 100 1 1 1 1 1 1 1 1 1 1 1 1 1 1 1 1 1 1 1 1 1 1 1 1 1 1 1 1 1 1 1 1 1 1 1 1 1 1 1 1 1 1 1 1 1 1 1 1 1 1 1 1 1 1 1 1 1 1 1 1 1 1 1 1 1 1 1 1 1 1 1 1 1 1 1 1 1 1 1 1 1 1 1 1 1 1 1 1 1 1 1 1 1 1 1 1 1 1 1 1 100 1 1 1 1 1 1 1 1 1 1 1 1 1 1 1 1 1 100 1 1 1 1 1 1 7 1 1 16 1 15 10 12 16 15 10 12 15 10 100 12 1 1 1 1 1 1 1 100 1 100 1 1
staticfield java/lang/AbstractStringBuilder EMPTYVALUE [B 0
ciInstanceKlass java/lang/Appendable 1 0 14 100 1 100 1 1 1 1 100 1 1 1 1 1
ciInstanceKlass java/lang/CharSequence 1 1 131 11 7 12 1 1 1 18 12 1 1 100 1 10 100 12 1 1 1 18 10 100 12 1 1 1 11 12 1 1 11 7 1 11 12 1 1 10 100 12 1 1 1 11 12 1 1 100 1 10 12 1 1 10 100 12 1 1 1 100 1 10 10 12 1 1 7 1 1 1 1 1 1 1 1 1 1 1 1 1 1 1 1 1 1 1 1 1 1 1 1 1 1 1 1 1 1 1 1 1 16 1 15 11 12 16 15 11 12 15 10 100 12 1 1 1 1 1 100 1 100 1 1 100 1 1 100 1 100 1 1
ciInstanceKlass java/lang/AutoCloseable 1 0 12 100 1 100 1 1 1 1 100 1 1 1
ciInstanceKlass java/io/Closeable 1 0 14 100 1 100 1 100 1 1 1 1 100 1 1 1
instanceKlass com/sun/tools/attach/AgentInitializationException
instanceKlass com/sun/tools/attach/AgentLoadException
instanceKlass sun/jvmstat/perfdata/monitor/SyntaxException
instanceKlass sun/jvmstat/monitor/MonitorException
instanceKlass com/sun/tools/attach/AttachNotSupportedException
instanceKlass kotlin/reflect/full/IllegalPropertyDelegateAccessException
instanceKlass kotlin/reflect/full/IllegalCallableAccessException
instanceKlass java/awt/FontFormatException
instanceKlass java/awt/AWTException
instanceKlass java/security/PrivilegedActionException
instanceKlass sun/security/pkcs11/wrapper/PKCS11Exception
instanceKlass java/lang/CloneNotSupportedException
instanceKlass java/lang/InterruptedException
instanceKlass java/security/GeneralSecurityException
instanceKlass javax/xml/stream/XMLStreamException
instanceKlass com/intellij/platform/ide/bootstrap/DirectoryLock$CannotActivateException
instanceKlass kotlinx/coroutines/DispatchException
instanceKlass sun/nio/fs/WindowsException
instanceKlass java/net/URISyntaxException
instanceKlass java/io/IOException
instanceKlass java/lang/ReflectiveOperationException
instanceKlass java/lang/RuntimeException
ciInstanceKlass java/lang/Exception 1 1 54 10 7 12 1 1 1 10 12 1 10 12 1 10 12 1 10 12 1 100 1 1 1 1 5 0 1 1 1 1 1 1 1 1 1 1 1 1 1 1 1 100 1 100 1 100 1 100 1 1 1 1 1 1
instanceKlass java/lang/Exception
instanceKlass java/lang/Error
ciInstanceKlass java/lang/Throwable 1 1 428 10 7 12 1 1 1 9 7 12 1 1 1 9 12 1 1 9 12 1 9 12 1 1 9 12 1 10 12 1 1 9 12 1 1 10 12 1 1 10 12 1 100 1 7 1 10 8 1 10 12 1 1 8 1 10 7 12 1 1 10 10 12 1 100 1 8 1 10 10 12 1 1 10 7 12 1 1 10 12 1 8 1 9 7 12 1 1 1 10 12 1 1 100 1 10 12 10 12 1 10 7 12 1 1 1 7 1 10 12 10 12 1 10 12 1 7 1 10 10 7 12 1 1 1 11 7 12 1 1 1 10 12 1 1 10 12 1 1 8 1 10 12 1 10 12 1 1 8 1 8 1 10 12 1 1 10 12 1 8 1 8 1 9 12 1 1 10 12 1 1 100 1 10 11 12 1 8 1 8 1 10 7 12 1 1 8 1 10 12 1 8 1 7 1 10 12 1 9 12 1 1 10 12 1 10 100 12 1 9 12 1 1 10 12 1 1 100 1 8 1 10 12 1 10 100 12 1 1 10 12 1 1 7 1 10 100 12 1 1 1 10 12 1 11 7 12 1 1 1 11 7 12 1 1 11 12 1 8 1 10 12 1 1 8 1 10 10 9 100 12 1 1 1 8 1 10 12 1 1 11 10 100 1 8 1 10 11 12 1 1 8 1 9 12 1 10 100 12 1 1 11 9 12 1 1 11 12 1 1 7 9 12 1 1 11 100 12 1 1 7 1 10 12 1 10 12 1 1 7 1 1 1 1 5 0 1 1 1 1 1 1 1 1 1 1 1 1 1 1 1 1 1 1 1 1 1 1 1 1 1 1 1 1 1 1 1 1 1 1 1 1 1 1 1 1 1 1 1 1 1 1 1 1 1 1 1 1 1 1 1 1 1 100 1 7 1 1 1 1 1 1 1 1 1 1 1 1 1 1 1 1 1 1 1 1 1 1 1 1 1 1 1 100 1 100 1 1
staticfield java/lang/Throwable UNASSIGNED_STACK [Ljava/lang/StackTraceElement; 0 [Ljava/lang/StackTraceElement;
staticfield java/lang/Throwable SUPPRESSED_SENTINEL Ljava/util/List; java/util/Collections$EmptyList
staticfield java/lang/Throwable EMPTY_THROWABLE_ARRAY [Ljava/lang/Throwable; 0 [Ljava/lang/Throwable;
staticfield java/lang/Throwable $assertionsDisabled Z 1
instanceKlass java/security/Provider
instanceKlass com/intellij/openapi/application/PathManager$1
ciInstanceKlass java/util/Properties 1 1 690 10 7 12 1 1 1 100 1 10 7 12 1 1 7 1 10 12 1 9 12 1 1 9 12 1 1 9 12 1 1 10 7 12 1 1 1 10 12 1 1 8 1 10 7 12 1 1 1 7 1 10 12 1 10 12 1 1 8 1 10 12 1 7 1 10 12 10 12 1 1 9 12 1 1 10 12 1 1 7 1 10 12 1 10 12 1 10 12 1 1 100 1 8 1 10 12 1 10 12 1 10 12 1 1 10 12 1 7 1 3 10 10 100 12 1 1 1 10 12 1 10 12 1 1 8 1 10 12 1 10 12 1 1 8 1 10 100 12 1 1 10 12 1 1 10 12 1 10 12 1 1 100 1 10 12 1 10 12 1 1 100 1 9 100 12 1 1 1 10 12 1 10 12 1 1 10 12 1 1 10 12 1 1 100 1 9 12 1 1 7 1 7 1 10 12 1 7 1 11 7 12 1 1 1 11 12 1 1 11 7 12 1 1 1 11 7 12 1 1 1 11 12 1 1 11 12 1 11 12 1 10 12 1 1 8 1 10 12 1 10 100 12 1 1 10 12 1 100 1 10 10 12 1 10 12 1 100 1 10 10 12 1 1 10 7 12 1 1 9 100 12 1 1 10 12 1 1 10 100 12 1 1 1 100 1 100 1 100 1 10 8 1 8 1 10 12 1 10 12 1 10 12 1 1 10 10 12 1 1 10 12 1 1 7 1 10 10 12 1 11 7 12 1 1 10 7 12 1 1 1 8 1 10 100 12 1 1 11 11 7 1 8 1 10 100 1 11 10 12 1 10 10 12 1 10 12 1 1 10 12 1 1 10 12 1 1 10 12 1 10 12 1 10 10 12 1 10 12 1 10 12 1 10 10 12 1 1 10 12 1 1 10 10 12 1 10 12 1 10 12 1 10 12 1 10 12 1 1 10 12 1 1 10 12 1 10 12 1 10 12 1 1 10 12 10 12 1 1 10 12 1 1 10 12 1 10 12 1 1 10 12 1 1 10 12 10 11 12 1 4 11 10 12 1 1 10 100 12 1 1 11 12 1 10 12 1 1 10 100 12 1 1 10 12 1 100 1 8 1 10 12 1 10 10 100 12 1 1 1 100 1 6 0 10 12 1 1 11 100 12 1 1 1 10 12 1 10 12 1 1 1 1 1 5 0 1 1 1 1 1 1 1 1 1 1 1 1 1 1 1 1 1 1 1 1 1 1 1 1 1 1 1 1 1 1 1 1 1 1 1 1 1 1 1 100 1 1 1 1 1 1 1 1 1 1 1 1 1 1 1 1 1 1 1 1 100 1 1 1 1 1 1 1 1 1 1 1 1 7 1 7 1 1 1 1 1 100 1 1 1 1 1 1 1 1 1 1 1 1 1 1 1 1 1 1 1 1 1 1 1 1 1 1 1 1 1 1 1 1 1 1 1 1 1 1 1 1 1 1 1 1 1 1 1 1 1 1 1 1 1 1 1 1 1 1 1 1 1 1 1 1 1 1 1 1 1 1 1 1 1 1 1 1 1 7 1 1 1 1 1 1 1 1 1 1 1 100 1 1
staticfield java/util/Properties UNSAFE Ljdk/internal/misc/Unsafe; jdk/internal/misc/Unsafe
instanceKlass java/util/Hashtable
ciInstanceKlass java/util/Dictionary 1 1 36 10 7 12 1 1 1 100 1 1 1 1 1 1 1 1 1 1 1 1 1 1 1 1 1 1 1 1 1 1 1 1 1 1 1 1
instanceKlass javax/swing/UIDefaults
instanceKlass java/util/Properties
ciInstanceKlass java/util/Hashtable 1 1 516 7 1 10 7 12 1 1 1 9 7 12 1 1 1 100 1 7 1 10 8 1 10 12 1 1 10 12 1 10 12 1 1 10 12 1 10 7 12 1 1 1 8 1 10 12 1 9 12 1 1 7 1 9 12 1 1 4 10 7 12 1 1 1 9 12 1 4 10 12 1 11 7 12 1 1 1 10 12 1 1 10 12 1 1 9 12 1 10 12 1 1 100 1 10 9 12 1 1 10 7 12 1 1 1 9 12 1 1 10 12 1 10 12 1 3 9 12 1 9 12 1 3 10 12 1 10 12 1 10 12 1 1 11 12 1 1 11 100 12 1 1 1 11 7 12 1 1 1 11 12 1 100 1 11 12 1 11 12 1 10 12 1 1 10 12 1 1 10 12 1 9 12 1 1 9 12 9 12 1 1 10 100 1 7 1 10 12 1 10 8 1 10 10 12 1 8 1 10 8 1 10 100 12 1 1 1 7 1 10 12 1 10 12 1 100 1 10 12 1 10 12 1 1 100 1 10 100 1 10 10 12 1 1 11 12 1 1 11 12 1 7 1 10 10 10 100 12 1 1 11 100 12 1 1 1 100 1 10 11 100 12 1 1 11 100 12 1 10 12 1 10 12 1 1 10 100 12 1 1 10 12 1 1 10 12 1 1 10 12 1 1 10 100 12 1 1 1 8 10 100 12 1 1 100 1 8 1 10 4 4 10 12 1 1 10 12 1 8 1 4 10 12 10 100 12 1 1 1 100 1 11 100 12 1 1 1 10 100 12 1 1 1 10 12 1 10 12 1 1 10 7 1 7 1 1 1 1 1 1 5 0 1 1 1 1 1 3 1 3 1 3 1 1 1 1 1 1 1 1 1 1 1 1 1 1 1 1 1 1 1 1 1 1 1 1 1 100 1 1 1 1 1 1 1 1 1 1 1 1 1 1 1 1 1 1 1 1 1 1 1 1 1 1 1 1 1 7 1 1 1 1 1 1 1 1 1 1 1 1 1 1 7 1 1 1 1 1 1 1 1 1 1 1 1 1 1 1 1 1 1 1 1 1 1 1 1 1 1 1 1 1 1 1 1 1 1 1 1 1 1 1 1 1 1 1 1 100 1 1 1 7 1 1 1 1 1 7 1 1 1 1 1 1 1 1 1 1 1 1 1 1 1 1 1 1
ciInstanceKlass java/lang/String 1 1 1443 10 7 12 1 1 1 8 1 9 7 12 1 1 1 9 12 1 1 9 12 1 1 9 12 1 1 10 12 1 10 12 1 1 10 12 1 1 9 12 1 10 7 12 1 1 1 10 7 1 10 7 12 1 1 1 10 12 1 1 10 12 1 1 10 12 1 10 12 1 1 10 12 1 10 7 12 1 1 1 7 1 9 7 12 1 1 1 10 7 12 1 1 1 10 7 12 1 1 1 10 12 1 1 10 12 1 1 10 12 1 1 10 12 1 1 9 7 12 1 1 10 12 9 7 12 1 1 10 12 1 1 3 10 12 1 1 7 1 11 12 1 1 11 12 1 11 12 1 1 10 7 12 1 1 1 10 12 1 1 9 7 12 1 1 1 10 12 1 1 10 12 1 11 12 1 1 10 12 1 1 10 12 10 12 1 1 10 7 12 1 1 1 10 12 1 1 10 12 1 1 100 1 7 1 10 12 1 10 12 1 10 12 1 1 100 1 10 12 1 1 100 1 10 12 1 1 10 12 1 1 10 12 1 10 10 12 1 100 1 100 1 100 1 10 12 1 10 12 1 1 10 12 1 1 10 12 1 10 12 1 1 10 12 1 1 10 100 12 1 1 100 1 11 10 7 12 1 1 11 12 1 11 12 1 10 12 1 1 10 12 1 10 12 10 12 1 1 10 10 7 12 1 1 1 10 7 12 1 1 10 12 1 1 10 7 12 1 1 10 12 1 10 12 1 1 10 12 1 1 10 12 1 10 12 1 10 12 1 1 100 1 10 12 1 1 10 12 10 12 1 10 12 1 1 10 12 1 1 10 7 12 1 1 1 10 12 1 10 12 1 1 10 12 1 10 12 1 3 3 10 12 1 1 10 12 1 10 12 1 1 10 12 1 1 10 12 1 1 10 12 1 10 12 1 1 10 12 1 1 10 12 1 10 12 1 10 12 1 10 12 1 1 10 12 1 10 12 1 10 12 1 10 12 1 10 12 1 10 12 1 10 7 1 10 8 1 10 12 1 1 10 12 1 8 1 10 12 1 1 10 12 10 12 1 8 1 10 10 12 1 1 10 12 1 1 10 12 1 1 10 7 1 10 10 12 1 10 12 1 10 12 1 10 10 12 1 10 12 1 10 12 1 10 12 1 10 12 1 10 12 1 10 12 1 1 10 12 1 1 10 12 1 1 10 10 12 1 1 10 10 12 1 100 1 10 10 12 1 1 10 12 1 1 10 7 1 10 12 1 10 12 1 10 7 12 1 1 1 10 12 1 10 12 1 1 10 12 1 11 7 1 11 12 10 12 1 10 12 1 1 10 12 1 1 10 10 12 1 10 12 1 9 12 1 1 11 100 12 1 1 1 10 12 10 10 12 1 10 12 1 1 10 10 12 1 10 12 1 10 12 1 1 10 12 1 1 10 10 12 1 1 10 12 1 10 10 12 1 10 12 10 10 12 10 10 12 1 10 12 1 10 10 12 10 7 12 1 1 1 10 12 10 10 12 10 12 1 10 12 10 12 10 10 12 1 10 12 1 1 10 12 1 1 10 10 12 1 10 7 12 1 1 1 10 12 1 1 10 10 7 12 1 1 1 11 10 12 1 10 12 1 1 10 12 1 1 10 7 12 1 1 1 10 12 1 10 12 1 10 12 1 10 12 1 10 12 1 10 12 1 100 1 7 1 8 1 10 10 10 12 1 10 12 1 1 8 1 10 12 1 3 3 10 12 1 10 12 1 1 10 12 7 1 10 10 12 1 1 10 12 1 10 12 1 10 12 1 1 10 12 1 1 11 7 12 1 1 1 7 1 10 12 1 10 12 1 1 8 1 10 12 1 1 10 12 1 11 7 12 1 1 1 11 7 12 1 1 11 12 1 10 12 1 10 12 1 1 10 10 7 12 1 1 1 10 12 1 10 12 1 10 10 12 10 12 1 1 10 10 12 1 10 10 12 1 10 10 12 1 10 10 12 1 10 12 1 1 10 10 12 1 8 1 10 12 1 1 18 12 1 1 11 100 12 1 1 1 7 1 3 18 12 1 18 12 1 8 1 10 100 12 1 1 1 11 12 1 1 10 12 10 10 12 1 10 11 12 1 1 10 12 1 1 11 12 1 18 3 11 10 12 1 11 11 10 12 1 10 12 1 1 8 1 10 12 1 10 12 1 10 12 1 1 10 10 12 1 11 100 12 1 100 1 100 1 10 12 100 1 10 10 100 12 1 1 1 100 1 10 7 1 10 10 12 1 10 10 12 1 8 1 10 10 12 1 8 1 8 1 10 12 1 10 12 1 10 10 12 10 7 12 1 1 10 7 12 1 1 10 7 12 1 1 8 1 10 12 1 10 12 1 10 9 12 1 10 12 9 7 12 1 1 1 10 12 1 10 12 1 10 12 1 10 12 1 10 12 1 8 1 10 100 12 1 1 1 10 12 10 12 1 1 10 12 10 10 12 10 12 7 1 9 12 1 1 7 1 10 7 1 7 1 7 1 7 1 1 1 1 1 1 5 0 1 1 1 1 1 3 1 3 1 1 1 1 1 1 1 1 1 1 1 1 1 1 1 100 1 1 1 1 1 1 1 1 1 1 1 1 1 1 1 1 1 1 1 1 1 1 1 1 1 1 1 1 1 1 1 100 1 1 1 1 1 1 1 1 1 1 7 1 1 1 1 1 1 1 1 1 1 1 1 1 1 1 1 1 1 1 1 1 1 1 1 1 1 1 1 1 1 1 1 1 1 1 1 1 1 1 1 1 1 1 1 1 1 1 1 1 1 1 1 1 1 1 1 1 1 1 1 1 1 1 1 1 1 1 1 1 1 1 1 1 1 1 1 1 1 1 1 1 1 1 1 1 1 1 1 1 1 1 1 1 1 1 1 1 1 1 1 1 1 1 1 1 1 1 1 1 1 1 1 1 1 1 1 1 1 1 1 1 1 1 1 1 1 1 1 1 1 1 1 1 1 1 1 1 1 1 1 1 1 1 1 1 1 1 1 1 1 1 1 1 1 1 1 1 1 1 1 1 1 1 1 1 1 1 1 1 1 1 1 1 1 1 100 1 1 1 1 1 1 1 1 1 1 1 1 1 1 1 1 1 1 1 1 1 1 1 100 1 1 1 1 1 1 1 1 1 1 1 1 1 1 1 7 1 1 1 1 1 1 1 1 1 1 1 1 1 1 1 16 15 10 12 16 15 10 12 15 10 12 15 10 12 15 10 100 12 1 1 1 1 1 1 1 100 1 100 1 1 1
staticfield java/lang/String COMPACT_STRINGS Z 1
staticfield java/lang/String serialPersistentFields [Ljava/io/ObjectStreamField; 0 [Ljava/io/ObjectStreamField;
staticfield java/lang/String CASE_INSENSITIVE_ORDER Ljava/util/Comparator; java/lang/String$CaseInsensitiveComparator
ciMethod java/lang/String length ()I 590 0 85737 0 -1
ciMethod java/lang/String charAt (I)C 556 0 236763 0 -1
ciInstanceKlass java/lang/constant/ConstantDesc 1 0 37 100 1 100 1 1 1 1 100 1 1 1 1 100 1 100 1 100 1 100 1 100 1 100 1 100 1 100 1 100 1 1 100 1 100 1 1
ciInstanceKlass java/lang/InternalError 1 1 34 10 7 12 1 1 1 10 12 1 10 12 1 10 12 1 100 1 1 1 1 5 0 1 1 1 1 1 1 1 1 1 1 1
instanceKlass java/awt/AWTError
instanceKlass kotlin/jvm/KotlinReflectionNotSupportedError
instanceKlass kotlin/reflect/jvm/internal/KotlinReflectionInternalError
instanceKlass kotlin/NotImplementedError
instanceKlass java/lang/AssertionError
instanceKlass java/lang/VirtualMachineError
instanceKlass java/lang/LinkageError
ciInstanceKlass java/lang/Error 1 1 40 10 7 12 1 1 1 10 12 1 10 12 1 10 12 1 10 12 1 100 1 1 1 1 5 0 1 1 1 1 1 1 1 1 1 1 1 1 1 1
instanceKlass java/lang/StackOverflowError
instanceKlass java/lang/OutOfMemoryError
instanceKlass java/lang/InternalError
ciInstanceKlass java/lang/VirtualMachineError 1 1 34 10 7 12 1 1 1 10 12 1 10 12 1 10 12 1 100 1 1 1 1 5 0 1 1 1 1 1 1 1 1 1 1 1
ciInstanceKlass java/util/Collection 1 1 115 11 7 12 1 1 1 7 1 11 7 12 1 1 1 10 100 12 1 1 1 11 12 1 1 11 100 12 1 1 1 11 12 1 1 11 100 12 1 1 1 11 12 1 1 10 100 12 1 1 1 11 12 1 10 7 12 1 1 1 100 1 100 1 1 1 1 1 1 1 1 1 1 1 1 1 1 1 1 1 1 1 1 1 1 1 1 1 1 1 1 1 1 1 1 1 1 1 1 1 1 1 1 1 1 1 1 1 1 1 1 1 1 1 1
ciInstanceKlass java/util/Iterator 1 1 53 100 1 8 1 10 12 1 1 10 100 12 1 1 1 11 7 12 1 1 1 11 12 1 1 11 100 12 1 1 1 7 1 1 1 1 1 1 1 1 1 1 1 1 1 1 1 1 1 1 1 1 1
instanceKlass sun/tools/attach/HotSpotVirtualMachine$SocketInputStream
instanceKlass com/fasterxml/aalto/in/MergedStream
instanceKlass sun/nio/ch/ChannelInputStream
instanceKlass com/intellij/util/lang/DirectByteBufferBackedInputStream
instanceKlass java/util/zip/ZipFile$ZipFileInputStream
instanceKlass java/io/FilterInputStream
instanceKlass java/io/FileInputStream
instanceKlass java/io/ByteArrayInputStream
ciInstanceKlass java/io/InputStream 1 1 195 7 1 10 7 12 1 1 1 100 1 10 10 7 12 1 1 1 10 7 12 1 1 1 10 12 1 100 1 3 10 12 1 1 100 1 8 1 10 12 1 10 7 12 1 1 1 3 7 1 8 1 10 10 7 12 1 1 1 7 1 10 11 7 12 1 1 1 10 12 1 1 11 12 1 1 11 7 12 1 1 1 11 12 1 1 7 1 10 7 12 1 1 1 5 0 10 12 1 10 12 1 1 100 1 10 8 1 10 8 1 8 1 10 12 1 1 10 100 12 1 1 1 7 1 5 0 10 12 1 100 1 7 1 1 1 1 3 1 3 1 1 1 1 1 1 1 1 1 1 1 1 1 1 1 1 1 1 1 1 1 1 1 1 1 1 1 1 1 1 1 1 1 1 1 1 1 1 1 1 1 1 1 1 1 1 1 1 1 1 1 1 1 1 1
ciInstanceKlass jdk/internal/misc/Unsafe 1 1 1287 10 7 12 1 1 1 9 7 12 1 1 1 9 12 1 1 10 12 1 1 10 7 12 1 1 1 10 12 1 1 10 12 1 1 10 12 1 1 10 12 1 1 10 12 1 1 10 12 1 1 10 12 1 1 10 12 1 1 10 12 1 1 10 12 1 1 10 12 1 1 10 12 1 1 10 12 1 1 10 12 1 10 12 1 100 1 10 10 12 1 1 10 12 1 1 5 0 10 12 1 1 10 12 1 1 10 7 12 1 1 1 10 12 1 1 10 12 1 10 12 1 10 12 1 1 10 12 1 1 10 12 1 10 12 1 7 1 7 1 10 8 1 10 12 1 1 10 12 1 8 1 10 12 1 1 10 12 1 10 12 1 10 12 1 1 10 12 1 10 12 1 1 10 12 1 1 10 12 1 10 12 1 10 12 1 10 12 1 1 10 12 1 10 12 1 10 12 1 1 10 12 1 5 0 5 0 5 0 10 12 1 10 12 1 10 12 1 10 12 1 10 12 1 10 12 1 10 12 1 10 12 1 10 12 1 1 10 12 1 10 12 1 7 1 8 1 10 100 1 10 10 12 1 1 10 12 1 1 10 12 1 10 12 1 1 10 12 1 1 10 12 1 10 12 1 1 10 12 1 9 7 12 1 1 9 12 1 100 1 10 10 12 1 1 8 1 10 8 1 8 1 10 12 1 1 9 7 12 1 1 1 9 7 1 9 7 1 9 7 1 9 9 7 1 9 7 1 9 7 1 10 12 1 1 10 12 1 1 10 12 1 1 10 12 1 1 5 0 5 0 9 12 1 1 10 12 1 10 12 1 10 12 1 1 10 12 1 1 10 12 1 8 1 3 10 12 1 1 10 12 1 1 10 12 1 10 12 1 1 10 12 1 1 10 12 1 10 12 1 10 12 1 10 12 1 10 12 1 10 12 1 1 10 12 1 1 10 12 1 10 12 1 10 12 1 10 12 1 10 12 1 10 12 1 1 10 12 1 1 10 12 1 10 12 1 10 12 1 10 12 1 10 12 1 10 12 1 1 10 12 1 1 10 12 1 1 10 12 1 1 10 12 1 10 12 1 10 12 1 10 12 1 10 12 1 10 12 1 10 12 1 1 10 12 1 1 10 12 1 10 12 1 10 12 1 10 12 1 10 12 1 10 12 1 10 12 1 1 10 12 1 1 10 12 1 10 12 1 10 12 1 10 12 1 10 12 1 10 12 1 10 12 1 10 12 1 1 10 12 1 10 12 1 10 12 1 10 12 1 10 12 1 1 10 12 1 10 12 1 10 12 1 10 12 1 10 12 1 10 12 1 10 12 1 10 12 1 1 10 12 1 10 12 1 10 12 1 10 12 1 10 12 1 10 12 1 1 10 12 1 10 12 1 10 12 1 1 10 12 1 10 12 1 10 12 1 10 12 1 10 12 1 10 12 1 10 12 1 10 12 1 10 12 1 10 12 1 10 12 1 10 12 1 10 12 1 10 12 1 10 12 1 10 12 1 10 12 1 10 12 1 10 12 1 10 12 1 10 12 1 10 12 1 10 12 1 100 1 10 100 1 10 9 12 1 5 0 10 12 1 1 5 0 10 12 1 5 0 10 12 1 10 12 1 10 12 1 1 10 12 1 1 10 12 1 10 12 1 10 12 1 10 12 1 1 10 12 1 10 12 1 10 12 1 10 12 1 10 12 1 1 10 12 1 10 12 1 10 12 1 10 12 1 1 10 12 1 10 12 1 10 12 1 1 10 12 1 10 12 1 10 12 1 10 12 1 1 10 12 1 10 10 12 1 1 10 12 1 10 12 1 1 10 12 1 10 12 5 0 5 0 5 0 10 12 1 1 10 12 1 10 12 1 10 12 10 100 12 1 1 8 1 100 1 11 12 1 1 8 1 11 12 1 1 10 100 12 1 1 10 12 1 10 12 1 10 12 1 10 12 1 10 12 1 1 10 12 1 10 12 1 10 12 1 10 12 1 10 12 1 10 12 1 10 7 1 10 12 1 9 12 1 7 1 9 12 1 7 1 9 12 1 7 1 9 12 1 7 1 9 12 1 7 1 9 12 1 7 1 9 12 1 7 1 9 12 1 7 1 9 12 1 10 12 1 9 12 1 9 12 1 9 12 1 9 12 1 9 12 1 9 12 1 9 12 1 9 12 1 9 12 1 9 12 1 1 1 3 1 1 1 1 1 1 1 1 1 1 1 1 1 1 1 1 1 1 1 1 1 1 1 1 1 1 1 1 1 1 1 1 1 1 1 1 1 1 1 1 1 1 1 1 1 1 1 1 1 1 1 1 1 1 1 1 1 1 1 1 1 1 1 1 1 1 1 1 1 1 1 1 1 1 1 1 1 1 1 1 1 1 1 1 1 1 1 1 1 100 1 1 1 1 1 1 1 1 1 1 1 1 1 1 1 1 1 1 1 1 1 1 1 1 1 1 1 1 1 1 1 1 1 1 1 1 1 1 1 1 1 1 1 1 1 1 1 1 1 1 1 1 1 1 1 1 1 1 1 1 1 1 1 1 1 1 1 1 1 1 1 1 1 1 1 1 1 1 1 1 1 1 1 1 1 1 1 1 1 1 1 1 1 1 1 1 1 1 1 1 1 1 1 1 1 1 1 1 1 1 1 1 1 1 1 1 1 1 1 1 1 1 1 1 1 1 1 1 1 1 1 1 1 1 1 1 1 1 1 1 1 1 1 1 1 1 1 1 1 1 1 1 1 1 1 1 1 1 1 1 1 1 1 1 1 1 1 1 1 1 1 1 1 1 1 1 1 1 1 1 1 1 1 1 1 1 1 1 1 1 1 1 1 1 1 1 1 1 1 1 1 1 1 1 1 1 3 1 1 1 1 1 1 1 1 1 1 1 1 1 1 1 1 1 1 1 1 1
staticfield jdk/internal/misc/Unsafe theUnsafe Ljdk/internal/misc/Unsafe; jdk/internal/misc/Unsafe
staticfield jdk/internal/misc/Unsafe ARRAY_BOOLEAN_BASE_OFFSET I 16
staticfield jdk/internal/misc/Unsafe ARRAY_BYTE_BASE_OFFSET I 16
staticfield jdk/internal/misc/Unsafe ARRAY_SHORT_BASE_OFFSET I 16
staticfield jdk/internal/misc/Unsafe ARRAY_CHAR_BASE_OFFSET I 16
staticfield jdk/internal/misc/Unsafe ARRAY_INT_BASE_OFFSET I 16
staticfield jdk/internal/misc/Unsafe ARRAY_LONG_BASE_OFFSET I 16
staticfield jdk/internal/misc/Unsafe ARRAY_FLOAT_BASE_OFFSET I 16
staticfield jdk/internal/misc/Unsafe ARRAY_DOUBLE_BASE_OFFSET I 16
staticfield jdk/internal/misc/Unsafe ARRAY_OBJECT_BASE_OFFSET I 16
staticfield jdk/internal/misc/Unsafe ARRAY_BOOLEAN_INDEX_SCALE I 1
staticfield jdk/internal/misc/Unsafe ARRAY_BYTE_INDEX_SCALE I 1
staticfield jdk/internal/misc/Unsafe ARRAY_SHORT_INDEX_SCALE I 2
staticfield jdk/internal/misc/Unsafe ARRAY_CHAR_INDEX_SCALE I 2
staticfield jdk/internal/misc/Unsafe ARRAY_INT_INDEX_SCALE I 4
staticfield jdk/internal/misc/Unsafe ARRAY_LONG_INDEX_SCALE I 8
staticfield jdk/internal/misc/Unsafe ARRAY_FLOAT_INDEX_SCALE I 4
staticfield jdk/internal/misc/Unsafe ARRAY_DOUBLE_INDEX_SCALE I 8
staticfield jdk/internal/misc/Unsafe ARRAY_OBJECT_INDEX_SCALE I 4
staticfield jdk/internal/misc/Unsafe ADDRESS_SIZE I 8
instanceKlass com/intellij/util/lang/UrlClassLoader
instanceKlass jdk/internal/reflect/DelegatingClassLoader
instanceKlass java/security/SecureClassLoader
ciInstanceKlass java/lang/ClassLoader 1 1 1108 9 7 12 1 1 1 10 7 12 1 1 1 9 12 1 1 10 7 12 1 1 1 7 1 10 12 1 1 10 12 1 1 9 12 1 1 10 12 1 1 100 1 10 12 1 10 12 1 1 10 7 12 1 1 1 100 1 8 1 10 12 1 10 7 12 1 1 1 10 7 12 1 10 7 1 10 7 1 7 1 7 1 10 12 1 10 12 1 9 12 1 1 10 10 7 12 1 1 1 9 12 1 1 9 12 1 9 12 1 1 9 12 1 9 12 1 1 9 12 1 1 7 1 10 12 1 9 12 1 1 10 12 1 1 10 7 12 1 1 1 9 12 1 9 12 1 1 9 12 1 10 12 1 1 9 12 10 12 1 1 7 1 10 8 1 10 12 1 1 10 12 1 10 7 1 7 1 10 12 1 1 10 7 12 1 1 1 8 1 10 12 1 10 12 1 10 12 1 1 10 12 1 1 10 12 1 1 10 12 1 1 10 12 1 1 10 12 1 7 1 10 12 1 10 7 12 1 1 1 10 12 1 1 10 12 1 10 12 1 10 12 1 10 12 1 10 12 1 1 10 10 12 1 10 12 1 10 100 12 1 1 10 12 1 1 10 12 1 1 10 12 1 100 1 10 12 1 7 1 10 12 1 10 7 12 1 1 1 10 10 12 1 1 10 12 1 1 7 1 8 1 10 8 1 10 12 1 10 12 1 100 1 8 1 10 12 1 1 10 12 1 1 10 10 12 1 1 10 12 1 1 10 12 1 1 10 7 1 10 12 1 1 10 12 1 1 10 12 1 1 10 12 1 1 10 12 1 1 10 12 1 1 10 12 1 10 7 12 1 1 1 10 12 1 10 12 1 10 12 1 1 10 12 1 10 12 1 10 12 1 10 12 1 1 10 12 1 10 12 1 1 8 1 9 12 1 10 12 1 1 8 1 8 1 10 7 12 1 1 100 1 10 10 12 10 12 1 10 12 1 10 12 1 10 12 1 1 10 7 12 1 1 10 12 1 10 7 1 7 1 10 12 1 1 10 12 1 10 7 1 10 12 1 100 1 18 12 1 10 100 12 1 1 1 10 100 12 1 1 1 10 7 12 1 1 10 12 1 10 12 1 100 1 10 12 1 8 1 10 10 12 1 1 10 12 1 10 12 1 1 100 1 10 12 1 10 12 1 1 10 7 12 1 1 10 12 1 8 1 100 1 10 10 12 1 9 12 1 10 7 12 1 1 10 12 1 7 1 8 1 10 12 1 10 8 1 8 1 10 12 1 1 10 12 1 1 10 12 1 1 10 7 12 1 1 7 1 100 1 10 12 1 1 7 1 7 1 10 7 12 1 1 10 12 1 10 12 1 1 10 12 1 10 12 1 1 10 12 1 1 9 100 12 1 1 1 10 12 1 1 10 12 1 10 12 1 10 12 1 1 10 12 1 8 1 7 1 18 12 1 1 10 12 1 1 10 12 1 10 12 1 10 12 1 8 1 10 12 1 10 12 1 18 12 1 11 100 12 1 1 1 100 1 10 12 1 1 10 12 1 10 11 12 1 1 10 18 10 12 1 1 11 7 12 1 18 12 1 11 12 1 1 10 12 10 12 1 1 10 12 1 1 100 1 8 1 10 10 12 1 8 1 8 1 10 100 12 1 1 10 12 1 100 1 10 10 12 1 8 1 8 1 8 1 10 12 1 10 12 1 1 10 12 1 10 7 12 1 1 1 11 7 12 1 1 100 1 10 11 10 12 1 10 12 1 10 12 1 1 9 7 12 1 1 9 12 1 1 9 12 9 12 1 9 12 1 9 12 1 8 10 12 1 1 10 7 12 1 1 1 10 12 1 1 10 12 1 1 10 12 1 10 10 12 1 11 12 1 1 10 100 12 1 1 1 100 1 10 12 1 10 12 1 10 12 1 1 1 1 1 1 1 1 1 1 1 1 1 1 1 1 1 1 1 1 1 1 1 1 1 1 1 1 100 1 1 1 1 1 1 1 1 1 1 1 1 1 1 1 1 1 1 1 1 1 100 1 1 1 1 1 1 1 1 1 1 100 1 1 1 1 1 1 1 1 1 1 1 1 1 1 1 1 1 1 1 1 1 1 1 1 1 1 1 1 1 1 1 1 1 1 1 1 1 1 1 1 1 100 1 1 1 1 1 1 1 1 1 1 1 1 1 1 1 1 1 1 1 7 1 1 1 1 1 1 1 1 1 1 1 1 1 1 1 1 1 1 1 1 1 1 1 1 1 1 1 1 1 1 1 1 1 1 1 1 1 1 1 1 1 1 1 1 1 1 1 1 1 1 100 1 1 1 1 1 1 1 1 1 1 1 1 1 1 1 1 1 1 1 1 1 1 1 1 1 1 1 1 1 1 1 1 1 1 1 1 1 1 1 1 1 1 1 1 1 1 16 1 15 10 12 16 1 16 15 10 12 16 1 16 1 15 10 12 16 15 10 12 16 15 10 12 16 15 10 100 12 1 1 1 1 1 100 1 100 1 1
staticfield java/lang/ClassLoader nocerts [Ljava/security/cert/Certificate; 0 [Ljava/security/cert/Certificate;
staticfield java/lang/ClassLoader $assertionsDisabled Z 1
ciInstanceKlass java/lang/reflect/Constructor 1 1 439 10 100 12 1 1 1 10 100 12 1 1 9 7 12 1 1 1 10 12 1 1 10 12 1 1 10 100 12 1 1 9 12 1 1 10 7 12 1 1 1 9 12 1 1 9 12 1 1 9 12 1 9 12 1 1 9 12 1 9 12 1 1 9 12 1 1 9 12 1 100 1 8 1 10 12 1 10 12 1 9 12 1 1 10 7 12 1 1 10 7 12 1 1 1 10 12 1 1 10 12 1 1 10 12 1 7 1 100 1 8 1 10 10 12 1 10 12 1 10 12 1 1 10 12 1 1 9 100 12 1 1 1 10 7 12 1 1 10 12 1 1 10 12 1 10 12 1 1 10 7 12 1 1 1 10 100 12 1 1 10 12 1 1 10 12 1 10 7 12 1 1 1 8 1 10 10 12 1 100 1 8 1 10 12 1 10 12 1 1 10 12 1 1 10 12 1 10 12 1 10 12 1 1 10 12 1 1 9 12 1 1 10 12 1 1 10 12 1 1 10 12 1 1 11 7 12 1 1 1 10 12 1 1 10 12 1 10 12 1 10 12 1 8 1 9 12 1 1 10 7 12 1 1 1 10 7 12 1 1 10 12 1 1 10 12 1 1 10 12 1 1 10 12 1 1 10 12 1 9 7 12 1 1 10 12 1 10 12 1 10 12 1 100 1 8 1 10 10 12 1 1 10 12 1 10 10 12 1 1 10 12 1 1 10 100 12 1 1 1 11 100 12 1 1 1 10 12 1 1 9 100 12 1 1 1 10 100 12 1 1 1 10 12 1 1 1 1 1 1 1 1 1 1 1 1 1 1 1 1 1 1 1 1 1 1 1 1 1 1 1 1 1 1 1 1 1 1 1 1 1 1 1 1 1 1 1 1 1 1 1 1 1 1 1 1 100 1 100 1 100 1 100 1 1 1 1 1 1 1 1 1 1 1 1 1 1 1 1 1 1 1 1 1 1 1 1 1 1 1 1 1 1 1 1 1 100 1 1
instanceKlass java/lang/reflect/Executable
instanceKlass java/lang/reflect/Field
ciInstanceKlass java/lang/reflect/AccessibleObject 1 1 400 10 7 12 1 1 1 9 100 12 1 1 1 10 7 12 1 1 1 10 7 12 1 1 10 7 12 1 1 1 10 100 12 1 1 1 10 12 1 1 10 12 1 1 9 12 1 1 7 1 10 7 12 1 1 1 11 12 1 7 1 10 12 1 7 1 100 1 10 12 1 10 12 1 1 10 12 1 1 10 12 1 1 10 12 1 1 7 1 10 7 12 1 1 1 10 12 1 1 11 10 7 12 1 1 1 10 12 1 1 10 12 1 10 12 1 10 12 1 1 10 12 1 8 1 7 1 7 1 10 10 12 1 1 8 1 10 12 1 10 12 1 8 1 8 1 8 1 8 1 8 1 8 1 8 1 8 1 8 1 100 1 10 12 1 10 12 1 9 12 1 1 10 12 1 1 10 12 1 10 7 1 100 1 8 1 10 8 1 10 12 1 8 1 10 12 1 10 12 1 1 10 100 1 8 1 10 11 7 12 1 1 1 10 12 1 1 10 12 1 1 10 12 1 1 9 12 1 1 100 1 10 12 1 7 1 10 12 1 10 12 1 1 10 100 1 10 12 1 10 12 10 12 1 10 12 1 10 12 1 1 10 12 1 9 12 1 10 100 12 1 1 8 1 10 100 12 1 1 1 8 1 10 7 12 1 1 1 9 12 1 7 1 10 7 1 10 10 7 12 1 1 1 7 1 10 10 7 12 1 1 1 7 1 9 12 1 1 1 1 1 1 1 1 1 1 1 1 1 1 1 1 1 1 1 1 1 1 1 1 1 1 1 1 1 1 1 1 1 1 1 1 1 1 1 1 1 1 1 1 1 1 1 1 1 1 1 1 1 1 1 1 1 1 1 1 1 1 1 1 1 1 1 1 1 1 1 1 1 1 1 1 1 1 1 1 1 1 1 1
staticfield java/lang/reflect/AccessibleObject reflectionFactory Ljdk/internal/reflect/ReflectionFactory; jdk/internal/reflect/ReflectionFactory
instanceKlass java/lang/reflect/Constructor
instanceKlass java/lang/reflect/Method
ciInstanceKlass java/lang/reflect/Executable 1 1 581 10 7 12 1 1 1 10 7 12 1 1 1 10 7 12 1 1 1 11 7 12 1 1 1 10 7 12 1 1 1 10 12 1 1 10 100 12 1 1 1 10 7 12 1 1 1 10 12 1 8 1 10 10 12 1 1 10 12 1 1 10 100 12 1 1 1 18 12 1 1 11 100 12 1 1 1 8 1 8 1 8 1 10 100 12 1 1 1 11 12 1 1 7 1 8 1 8 1 10 12 1 7 1 8 1 10 12 1 8 1 11 100 12 1 1 1 7 1 11 7 12 1 1 1 11 12 1 8 1 18 8 1 10 12 1 10 12 1 1 18 8 1 10 12 1 100 1 10 12 1 10 12 1 11 12 1 10 12 1 1 8 1 8 1 10 12 1 1 10 12 1 1 10 10 12 1 9 100 12 1 1 1 10 100 12 1 1 1 10 12 1 10 12 1 1 10 100 12 1 1 10 12 1 10 12 1 10 12 1 10 7 12 1 1 7 1 10 100 12 1 1 1 10 12 1 1 10 7 12 1 1 10 12 1 10 12 1 1 9 100 12 1 1 1 10 100 10 12 1 8 1 10 12 1 10 12 1 3 100 1 8 1 10 12 1 10 12 1 10 10 12 1 10 12 1 1 8 1 8 1 8 1 9 12 1 1 9 12 1 10 12 1 100 1 8 1 10 12 1 10 12 1 10 12 1 1 10 12 1 1 10 12 1 10 12 10 12 1 100 1 10 12 1 10 12 1 1 100 1 10 7 12 1 1 1 7 1 10 7 12 1 1 1 10 12 1 1 11 7 12 1 1 10 12 1 10 100 12 1 1 1 10 12 1 1 9 12 1 10 12 1 1 10 12 1 10 12 1 1 9 100 12 1 1 1 10 100 12 1 1 1 10 12 1 10 12 1 1 9 12 1 10 10 10 10 100 12 1 1 1 10 12 1 9 12 1 10 12 1 1 9 12 1 7 1 7 1 1 1 1 1 1 1 1 1 1 1 1 1 1 1 1 1 1 1 1 1 1 1 1 1 1 1 1 1 1 1 1 1 1 1 1 100 1 1 1 1 1 1 1 1 1 1 1 1 1 1 1 1 1 1 1 100 1 1 1 1 1 1 1 1 1 1 1 1 1 1 1 1 1 1 1 1 1 1 1 1 1 1 1 1 1 1 1 1 1 1 1 1 1 1 1 1 1 1 1 7 1 1 1 1 1 1 1 1 1 1 1 1 1 1 1 1 1 1 1 1 1 1 7 1 1 16 15 16 1 16 1 15 10 12 16 15 10 100 12 1 1 1 1 1 1 100 1 1 100 1 100 1 1
ciInstanceKlass java/lang/reflect/Member 1 1 37 100 1 10 12 1 1 100 1 100 1 1 1 1 3 1 3 1 1 1 1 1 1 1 1 1 1 1 1 1 1 1 1 1 1 1 1
instanceKlass java/awt/EventDispatchThread
instanceKlass java/util/logging/LogManager$Cleaner
instanceKlass kotlinx/coroutines/scheduling/CoroutineScheduler$Worker
instanceKlass java/util/concurrent/ForkJoinWorkerThread
instanceKlass java/lang/ref/Finalizer$FinalizerThread
instanceKlass java/lang/ref/Reference$ReferenceHandler
instanceKlass jdk/internal/misc/InnocuousThread
instanceKlass java/lang/BaseVirtualThread
ciInstanceKlass java/lang/Thread 1 1 870 10 7 12 1 1 1 9 12 1 1 10 7 12 1 1 10 12 1 10 100 12 1 1 100 1 8 1 10 12 1 1 9 12 1 9 12 1 1 9 12 1 1 7 1 10 12 1 1 10 12 1 10 7 12 1 1 1 10 12 9 12 1 1 10 12 1 7 1 10 12 1 100 1 8 1 10 9 7 12 1 1 1 10 12 1 1 10 12 1 1 10 12 1 1 10 12 1 10 12 1 1 3 8 1 7 1 5 0 10 7 12 1 1 1 9 12 1 10 12 1 1 10 7 12 1 1 1 10 7 12 1 1 1 10 12 1 1 10 12 1 1 9 12 1 1 10 7 1 8 1 10 7 1 10 12 1 9 12 1 1 10 7 12 1 1 1 10 10 12 1 1 9 100 12 1 1 1 10 12 1 1 10 12 1 1 10 7 12 1 1 10 12 1 10 12 1 10 7 12 1 1 9 12 1 10 7 12 1 1 1 10 12 1 1 9 12 1 1 9 12 1 1 10 7 12 1 1 1 9 12 1 1 10 100 12 1 1 10 100 12 1 1 1 10 12 1 10 12 1 10 7 12 1 1 9 12 1 8 1 9 7 12 1 1 9 12 1 1 5 0 100 1 10 100 1 10 100 1 10 7 1 10 8 1 10 12 1 1 10 7 12 1 10 12 1 10 12 1 100 1 8 1 10 10 12 1 10 12 1 1 10 100 12 1 1 1 10 100 12 1 1 1 10 12 1 7 1 9 12 1 1 100 1 10 10 12 1 9 12 1 1 10 12 1 1 10 12 1 1 10 12 1 10 12 1 9 12 1 1 10 10 12 1 1 10 12 1 1 11 7 12 1 1 10 7 12 1 1 9 12 1 9 12 1 1 9 12 1 1 10 100 12 1 1 10 12 1 1 9 100 12 1 1 1 10 100 12 1 1 10 12 1 10 12 1 100 1 10 10 12 9 12 1 1 10 12 1 11 100 12 1 1 10 12 1 10 12 1 10 12 1 9 12 1 10 10 12 1 10 12 1 1 9 12 1 9 12 10 12 1 8 1 10 12 1 10 12 1 10 12 1 10 12 1 10 12 1 1 10 12 1 10 12 1 1 10 12 1 10 12 1 10 12 1 10 12 1 10 12 1 1 9 7 12 1 1 1 8 1 10 9 12 1 10 12 1 7 1 8 1 10 10 12 1 8 1 10 12 1 1 9 12 10 12 8 1 10 10 12 1 10 12 1 8 1 10 12 1 10 8 1 10 100 12 1 1 10 12 1 1 100 1 8 1 10 9 12 1 9 12 1 1 10 12 1 1 10 10 12 1 10 12 1 100 10 7 12 1 1 1 9 12 1 10 12 1 1 10 12 1 1 10 100 12 1 1 1 11 7 12 1 1 1 9 100 12 1 1 1 10 100 12 1 1 1 7 1 10 12 1 100 1 10 12 1 10 12 1 1 10 12 1 1 8 1 9 12 1 10 12 1 10 12 1 1 11 7 12 1 1 1 10 12 1 1 1 1 3 1 3 1 3 1 3 1 1 1 1 1 1 1 1 1 1 1 1 1 1 1 1 1 1 1 1 1 7 1 1 1 1 1 1 1 1 1 1 1 1 1 1 1 1 1 1 1 1 1 1 100 1 1 1 1 1 1 1 1 1 1 1 1 1 1 1 1 7 1 7 1 1 1 1 1 1 1 1 1 1 1 1 1 1 1 1 1 1 1 1 1 1 1 1 1 1 1 1 1 1 1 1 1 1 1 1 1 1 1 1 1 1 1 1 1 1 1 1 1 1 1 1 1 1 1 1 1 1 1 1 1 1 1 1 1 1 1 1 1 1 1 1 1 1 1 1 100 100 1 1 1 1 1 1 1 1 1 1 1 1 1 1 1 1 1 1 1 1 1 1 1 1 1 1 100 1 100 1 100 1 100 1 100 1 1 100 1 1 1 1 1 1 1 1 1 1 1 1 1 1 1
staticfield java/lang/Thread NEW_THREAD_BINDINGS Ljava/lang/Object; java/lang/Class
staticfield java/lang/Thread EMPTY_STACK_TRACE [Ljava/lang/StackTraceElement; 0 [Ljava/lang/StackTraceElement;
ciInstanceKlass java/lang/Runnable 1 0 11 100 1 100 1 1 1 1 1 1 1
ciInstanceKlass java/net/URL 1 1 771 10 7 12 1 1 1 10 12 1 10 7 12 1 1 9 12 1 1 9 12 1 10 7 12 1 1 1 10 12 1 1 10 12 1 1 9 12 1 1 10 7 12 1 1 1 8 1 10 12 1 1 7 1 10 10 12 1 1 8 1 10 12 1 1 9 12 1 100 1 8 1 10 12 1 10 12 1 8 1 9 12 1 10 12 1 1 9 12 1 10 12 1 10 12 1 9 12 1 9 12 1 8 1 9 12 1 10 12 1 1 8 1 9 12 1 1 10 12 1 1 10 7 12 1 1 1 8 1 10 12 1 7 1 10 12 1 10 12 1 10 12 1 10 12 1 1 10 12 1 1 8 1 10 12 1 1 10 12 1 8 1 9 12 1 8 1 10 12 1 10 7 12 1 1 1 7 1 10 12 1 10 12 1 1 10 7 12 1 1 1 100 1 8 1 10 10 12 1 8 1 10 12 1 1 10 12 1 10 12 1 10 12 1 10 12 1 10 12 1 10 12 1 8 1 10 12 1 8 1 10 10 100 1 10 10 12 1 8 1 10 7 12 1 1 1 10 12 1 9 100 12 1 1 1 10 7 12 1 1 1 9 12 1 1 10 12 1 10 100 12 1 1 1 100 1 100 1 10 12 1 10 12 1 10 12 1 10 12 1 10 12 1 10 12 10 10 12 1 10 12 1 10 12 1 1 8 1 9 100 12 1 1 1 10 100 12 1 1 1 10 12 1 1 9 100 12 1 1 1 10 12 1 1 100 1 10 12 1 10 12 1 10 10 12 1 1 10 12 1 1 10 12 1 10 12 1 10 12 1 10 7 12 1 1 1 10 12 1 1 10 12 1 9 12 1 1 9 12 1 1 7 1 8 1 10 10 12 1 9 12 1 1 10 7 12 1 1 8 1 10 7 12 1 1 8 1 10 12 1 1 10 12 1 8 1 8 1 10 7 12 1 1 1 7 1 10 7 12 1 1 1 10 12 1 10 12 1 7 1 10 9 7 12 1 1 1 10 7 12 1 1 10 12 1 1 10 12 1 8 1 7 1 10 10 7 12 1 1 1 10 12 1 8 9 100 12 1 1 1 10 12 1 1 10 12 1 10 12 1 1 10 7 12 1 1 11 7 12 1 1 10 12 1 10 12 1 9 12 1 10 12 1 1 10 100 12 1 1 10 100 12 1 1 1 8 10 100 12 1 1 100 1 10 8 8 10 12 1 8 8 8 100 1 10 12 1 9 12 1 1 10 12 1 10 12 1 1 10 12 1 10 12 10 12 1 1 10 12 1 1 10 10 10 12 1 10 12 1 10 12 1 10 12 1 10 12 1 10 10 12 1 100 1 8 1 10 10 10 12 1 1 10 12 1 10 12 1 1 8 1 7 1 10 10 7 1 10 12 1 9 7 12 1 1 1 9 12 1 1 7 1 10 10 7 12 1 1 1 7 1 1 1 1 1 5 0 1 1 1 1 1 1 1 1 1 1 1 1 1 1 1 1 1 1 1 1 1 1 1 1 1 1 1 1 1 1 1 1 1 1 1 1 1 1 1 1 1 1 1 1 1 1 1 1 7 1 1 1 1 1 1 1 1 1 1 1 1 1 1 1 1 1 1 1 1 1 1 1 1 1 1 1 1 1 1 1 1 1 1 1 1 1 100 1 1 1 1 1 1 1 1 1 1 1 1 1 1 1 1 1 100 1 1 1 1 1 1 1 1 1 1 1 1 1 1 1 1 1 1 1
staticfield java/net/URL defaultFactory Ljava/net/URLStreamHandlerFactory; java/net/URL$DefaultFactory
staticfield java/net/URL streamHandlerLock Ljava/lang/Object; java/lang/Object
staticfield java/net/URL serialPersistentFields [Ljava/io/ObjectStreamField; 7 [Ljava/io/ObjectStreamField;
ciInstanceKlass java/lang/Module 1 1 1070 10 7 12 1 1 1 9 7 12 1 1 1 10 7 12 1 1 1 9 12 1 9 12 1 1 9 12 1 1 10 12 1 1 10 12 1 10 12 1 1 10 7 12 1 1 1 7 1 10 7 12 1 1 1 10 12 1 1 11 7 12 1 1 1 10 12 1 1 10 7 12 1 1 1 10 12 1 1 10 7 12 1 1 1 9 100 12 1 1 1 10 7 12 1 1 1 10 12 1 8 1 10 7 12 1 1 1 10 7 12 1 1 1 10 7 12 1 1 1 10 12 1 10 12 1 9 12 1 1 10 100 12 1 1 100 1 7 1 10 8 1 10 12 1 1 10 12 1 10 12 10 12 1 10 7 12 1 1 8 1 8 1 10 8 1 8 1 9 12 1 1 8 1 10 100 12 1 1 1 10 12 1 9 12 1 1 11 12 1 9 7 12 1 1 10 7 12 1 1 1 10 7 12 1 1 1 10 12 1 1 8 1 10 12 1 1 10 12 1 10 12 1 1 9 7 12 1 1 1 10 12 1 1 10 12 1 1 9 12 1 10 12 1 10 12 1 9 12 1 1 11 7 12 1 1 10 12 1 1 9 12 1 9 12 1 10 12 1 10 12 1 100 1 8 1 10 10 12 1 1 10 12 1 8 1 10 12 1 1 8 1 8 1 10 12 1 1 10 12 1 10 12 1 1 18 12 1 1 10 12 1 1 11 12 1 9 12 1 11 12 10 100 12 1 1 100 1 8 1 10 11 12 1 1 10 7 12 1 1 1 10 12 1 10 12 1 1 11 12 1 1 11 7 12 1 1 11 12 1 1 9 12 1 11 12 1 10 12 1 1 10 12 1 1 9 12 1 10 12 10 7 12 1 1 10 7 1 18 12 1 1 11 100 12 1 1 1 18 12 1 11 12 1 1 10 100 12 1 1 1 11 12 1 1 10 7 12 1 1 7 1 11 12 1 7 1 7 1 10 12 1 10 7 12 1 1 1 10 11 7 12 1 8 1 10 10 12 1 1 10 7 12 1 1 10 12 1 10 12 1 7 1 10 12 1 10 11 12 1 1 10 12 10 12 1 1 9 12 1 1 100 1 10 10 12 1 1 11 7 1 10 12 1 1 11 12 1 10 10 12 1 11 10 12 1 1 10 12 1 1 10 12 1 1 10 7 12 1 1 10 12 1 10 12 1 1 10 10 12 1 1 10 12 1 18 12 1 11 12 1 18 12 1 10 12 1 10 12 1 10 12 7 1 10 12 1 10 12 1 10 12 1 9 12 1 7 1 10 10 10 10 12 1 10 12 1 10 12 1 10 12 1 1 10 12 1 1 10 12 1 9 12 1 18 12 1 1 10 7 12 1 1 1 100 1 8 1 10 12 1 1 10 12 1 1 10 7 12 1 1 7 1 10 12 1 1 7 1 8 1 10 12 1 1 100 1 11 12 1 1 10 100 12 1 1 1 18 12 1 1 11 100 12 1 1 1 100 1 10 12 1 10 12 1 1 7 1 7 1 10 12 8 1 10 12 1 1 10 12 1 1 10 7 12 1 1 10 12 1 1 10 12 1 10 12 10 12 1 1 7 1 10 10 12 1 1 10 7 12 1 1 1 100 1 10 12 1 1 10 7 12 1 1 8 1 18 12 1 1 100 1 100 1 9 12 1 1 9 12 1 9 12 1 11 100 12 1 1 1 100 1 11 12 1 1 100 1 10 12 1 8 1 10 12 1 10 12 10 12 1 8 1 10 10 100 12 1 1 7 1 10 10 12 1 10 7 12 1 1 9 12 1 9 12 1 9 12 1 9 12 1 10 12 11 12 1 10 12 1 7 1 1 1 1 1 1 1 1 1 1 1 1 1 1 1 1 1 1 1 100 1 1 1 1 1 1 1 1 1 1 1 1 1 1 1 1 1 1 1 1 1 1 1 1 1 1 1 1 1 1 1 1 1 1 1 1 1 1 1 1 1 1 1 1 1 1 1 1 1 1 1 1 1 1 1 1 1 1 1 1 1 1 1 1 1 1 1 1 1 1 1 1 1 1 1 1 1 1 1 1 1 1 1 1 1 1 1 1 1 1 1 1 1 1 1 100 100 1 1 1 1 1 1 1 1 1 1 1 1 1 1 1 1 1 1 1 1 1 1 1 1 1 1 1 100 1 100 1 1 1 1 1 1 1 1 1 1 1 1 1 1 1 1 1 1 1 1 100 1 1 1 1 1 1 1 1 1 1 1 1 1 1 1 1 1 1 1 1 1 1 1 16 15 10 12 16 16 15 10 12 16 16 15 10 16 1 15 10 12 16 1 15 10 12 16 1 16 15 10 12 16 16 1 15 10 12 16 15 10 7 12 1 1 1 15 10 100 12 1 1 1 1 1 1 1 1 1 1 1 100 1 100 1 1 100 1 100 1 1
staticfield java/lang/Module ALL_UNNAMED_MODULE Ljava/lang/Module; java/lang/Module
staticfield java/lang/Module ALL_UNNAMED_MODULE_SET Ljava/util/Set; java/util/ImmutableCollections$Set12
staticfield java/lang/Module EVERYONE_MODULE Ljava/lang/Module; java/lang/Module
staticfield java/lang/Module EVERYONE_SET Ljava/util/Set; java/util/ImmutableCollections$Set12
staticfield java/lang/Module $assertionsDisabled Z 1
ciInstanceKlass java/lang/StringLatin1 1 1 392 7 1 10 7 12 1 1 1 10 12 1 1 10 7 12 1 1 1 10 7 12 1 1 1 10 12 1 10 7 12 1 1 1 10 12 1 1 10 7 12 1 1 1 10 7 12 1 1 1 10 12 1 1 10 12 1 1 10 10 12 1 10 12 1 10 9 7 12 1 1 1 10 12 1 1 10 7 12 1 1 1 10 12 10 12 1 1 10 12 1 1 10 12 1 10 12 1 1 10 12 1 1 10 7 12 1 1 1 10 12 1 10 12 1 1 9 12 1 1 100 1 10 10 12 1 1 10 7 12 1 1 1 10 12 1 10 12 1 100 1 7 1 8 1 10 12 1 8 1 10 12 1 1 100 1 10 10 12 10 7 12 1 1 1 8 1 8 1 8 1 10 12 1 1 10 100 12 1 1 10 12 1 10 12 1 1 10 12 1 1 10 12 1 1 10 12 1 10 12 10 12 10 12 1 10 12 10 10 12 1 10 12 1 10 12 1 10 100 12 1 1 1 10 100 12 1 1 1 10 12 1 1 10 12 1 1 10 10 7 12 1 1 1 1 1 1 1 1 1 1 1 1 1 1 1 1 1 1 1 1 1 1 1 1 1 1 1 1 1 1 1 1 1 1 1 1 1 1 1 1 1 1 1 1 1 1 1 1 1 1 1 1 100 1 1 1 1 1 1 1 1 1 1 1 1 1 1 1 1 1 1 1 1 1 1 1 1 1 1 1 1 1 1 1 1 1 1 1 1 1 1 1 1 1 1 100 1 1 1 1 1 1 1 1 1 1 1 1 1 1 1 1 1 1 1 1 1 1 1 100 1 1 1 1 1 1 1 1 1 1 1 1 1 1 1 1 1 1 1 1 1 1 1 1 1 1 100 1 1 1 1
staticfield java/lang/StringLatin1 $assertionsDisabled Z 1
ciInstanceKlass java/lang/Character 1 1 604 7 1 7 1 100 1 9 12 1 1 8 1 9 12 1 1 7 1 9 12 1 1 10 7 12 1 1 1 10 100 12 1 1 1 10 100 12 1 1 1 10 7 12 1 1 1 9 7 12 1 1 1 10 12 1 10 12 1 1 10 12 1 1 10 7 12 1 1 10 12 1 1 3 3 3 3 3 10 12 1 1 10 12 1 3 11 7 12 1 1 1 11 12 1 1 10 12 1 1 10 12 1 1 100 1 10 10 12 1 3 10 12 1 1 10 12 1 10 12 1 1 100 1 8 1 10 12 1 1 10 12 1 10 12 1 10 12 1 10 100 12 1 1 1 10 12 1 10 12 1 10 12 1 1 10 12 1 10 7 12 1 1 10 10 12 1 10 10 12 1 10 12 1 1 10 12 1 10 10 12 1 10 12 1 10 12 1 10 12 1 10 12 1 10 12 1 10 12 1 10 12 10 10 12 10 10 12 1 10 10 12 1 10 10 12 1 10 10 12 1 10 12 1 10 12 1 10 12 1 10 12 1 10 12 1 10 12 1 10 10 12 1 10 10 12 1 10 10 12 1 1 10 10 12 1 10 5 0 10 12 1 10 12 1 10 10 12 1 10 10 12 1 1 10 10 12 1 10 10 12 1 9 12 1 1 100 1 10 10 12 1 10 12 1 1 3 10 100 12 1 1 1 10 12 1 10 100 12 1 1 7 1 10 10 12 1 1 10 12 1 1 10 12 1 1 8 1 10 12 1 9 100 12 1 1 1 10 12 1 10 10 12 1 10 12 1 1 10 12 1 10 10 12 1 1 10 10 12 1 1 7 1 8 1 10 12 1 1 10 7 12 1 1 1 8 1 10 12 1 1 9 12 1 1 7 1 7 1 7 1 1 1 1 3 1 3 1 3 1 3 1 1 1 1 1 3 1 1 3 1 3 1 3 1 3 1 3 1 3 1 3 1 3 1 3 1 3 1 3 1 3 1 3 1 3 1 3 1 3 1 3 1 3 1 3 1 3 1 3 1 3 1 3 1 3 1 3 1 3 1 3 1 3 1 1 1 1 1 1 1 1 1 1 1 1 1 1 1 1 1 1 1 3 1 1 1 1 1 1 1 3 1 1 3 1 1 1 1 1 3 1 1 5 0 1 1 1 1 1 1 1 1 1 1 1 1 1 1 1 1 1 1 1 1 1 1 1 1 1 1 1 1 1 1 1 1 1 1 1 1 1 1 1 1 1 1 1 1 1 1 1 1 1 1 1 1 1 1 1 1 1 1 1 1 1 1 1 1 1 1 1 1 1 1 1 1 1 1 1 1 1 1 1 1 1 1 1 1 1 1 1 1 1 1 100 1 100 1 1 1 1 1 1
staticfield java/lang/Character TYPE Ljava/lang/Class; java/lang/Class
staticfield java/lang/Character $assertionsDisabled Z 1
ciInstanceKlass java/lang/OutOfMemoryError 1 1 26 10 100 12 1 1 1 10 12 1 100 1 1 1 1 5 0 1 1 1 1 1 1 1 1 1
ciMethod java/lang/StringLatin1 charAt ([BI)C 556 0 236765 0 -1
ciInstanceKlass java/lang/StringUTF16 1 1 604 7 1 7 1 10 7 12 1 1 1 100 1 10 7 1 3 7 1 7 1 10 8 1 10 12 1 1 10 12 1 8 1 10 12 1 1 10 12 1 9 12 1 1 10 12 1 1 100 1 8 1 10 12 1 9 12 1 1 9 12 1 10 10 12 1 1 10 12 1 1 10 7 12 1 1 1 10 12 1 10 12 1 1 10 12 1 1 10 12 1 1 10 12 1 1 10 12 1 10 12 1 1 10 12 1 1 10 12 1 1 10 12 1 1 10 12 1 10 12 1 10 12 1 1 10 12 1 100 1 10 12 1 10 10 12 1 1 10 12 1 10 12 1 1 10 12 1 10 100 12 1 1 1 10 100 12 1 1 1 10 12 10 12 1 1 10 12 1 10 12 1 1 10 12 1 1 10 12 1 10 12 1 10 12 1 100 1 10 12 1 1 10 12 1 3 10 12 1 1 10 12 1 10 12 1 10 12 1 10 12 1 10 12 1 10 12 1 1 9 12 1 10 12 1 10 12 1 10 12 1 10 12 1 10 12 1 10 10 12 10 12 10 10 12 1 1 10 100 12 1 1 1 10 12 1 10 12 1 100 1 8 1 8 1 10 12 1 1 100 1 10 10 7 12 1 1 1 10 100 12 1 1 8 1 8 1 8 1 10 12 1 1 10 12 1 1 10 12 10 12 1 10 100 12 1 1 10 12 1 1 10 12 1 1 10 12 1 10 12 10 12 10 12 1 10 12 10 12 1 10 12 1 10 12 1 10 12 1 10 12 1 10 7 12 1 1 1 10 7 12 1 1 1 10 12 1 1 10 12 1 1 11 7 12 1 1 10 12 1 10 12 1 10 12 1 1 9 12 1 1 9 12 1 5 0 5 0 10 12 1 10 12 10 12 10 7 12 1 1 1 10 12 1 1 1 1 1 1 1 1 1 1 1 1 1 1 1 1 1 1 1 1 1 1 1 1 1 1 1 1 1 1 1 100 1 1 1 1 1 1 1 1 1 1 1 1 1 1 1 1 1 1 1 1 1 1 1 1 1 1 1 1 1 1 1 1 1 1 1 1 1 1 1 1 1 1 1 1 1 1 1 1 1 1 1 1 1 1 1 1 1 1 1 1 1 1 1 1 1 1 1 1 1 1 1 1 1 1 1 1 1 1 1 1 1 100 1 1 1 1 1 1 1 1 1 1 1 1 1 1 1 1 1 100 1 1 1 1 1 1 1 1 1 1 1 1 1 1 1 1 1 1 1 1 1 1 1 1 1 1 1 1 1 1 1 1 1 1 1 1 1 1 1 1 1 1 1 1 1 1 1 1 1 1 1 1 1 1 1 1 1 1 1 1 1 100 1 100 1 1 1 1 1
staticfield java/lang/StringUTF16 HI_BYTE_SHIFT I 0
staticfield java/lang/StringUTF16 LO_BYTE_SHIFT I 8
staticfield java/lang/StringUTF16 $assertionsDisabled Z 1
ciInstanceKlass java/lang/Integer 1 1 453 7 1 7 1 7 1 7 1 10 12 1 1 9 12 1 1 9 12 1 1 10 100 12 1 1 1 10 12 1 1 10 100 12 1 1 1 10 10 12 1 1 10 7 12 1 1 1 10 12 1 10 12 1 1 10 7 12 1 1 1 10 12 1 1 10 12 1 1 10 12 1 10 12 1 10 12 1 1 10 10 12 1 9 12 1 1 9 12 1 100 1 8 1 10 12 1 7 1 10 12 1 8 1 10 12 1 1 10 12 1 8 1 10 12 1 8 1 10 12 1 1 3 10 12 1 1 3 10 12 1 1 10 12 1 1 10 7 12 1 1 1 11 7 1 10 12 1 1 11 10 12 1 1 8 1 10 12 1 1 8 1 7 1 10 12 1 1 10 12 1 1 5 0 8 1 10 12 1 10 12 1 10 12 1 10 12 1 1 7 1 9 12 1 1 9 12 1 1 10 12 1 10 7 1 9 12 1 10 12 1 10 12 1 10 12 1 1 10 7 12 1 1 1 100 1 100 1 10 12 1 1 10 12 1 1 8 1 8 1 10 12 1 1 8 1 8 1 8 1 8 1 8 1 8 1 10 12 1 10 12 1 5 0 3 3 3 3 10 12 1 10 12 1 3 10 12 1 10 100 12 1 1 1 10 12 1 1 10 12 1 1 8 1 10 7 12 1 1 1 9 12 1 1 7 1 7 1 7 1 1 1 1 3 1 1 1 3 1 3 1 1 5 0 1 1 1 1 1 1 1 1 1 100 1 1 1 1 1 1 1 1 1 1 1 1 1 1 1 1 1 1 1 1 1 1 1 1 1 1 1 1 1 1 1 1 1 1 1 1 1 1 1 1 3 1 1 1 1 1 1 1 1 1 1 1 1 1 1 1 1 7 1 1 1 1 1 1 1 1 1 1 1 1 1 1 1 1 1 1 1 1 1 1 1 1 1 1 1 1 1 1 1 1 1 1 1 1 1 1 1 1 1 1 1 1 1 1 7 1 1 1 1 1 1 1 1 1 100 1 100 1 1
staticfield java/lang/Integer TYPE Ljava/lang/Class; java/lang/Class
staticfield java/lang/Integer digits [C 36
staticfield java/lang/Integer DigitTens [B 100
staticfield java/lang/Integer DigitOnes [B 100
instanceKlass java/util/concurrent/atomic/Striped64
instanceKlass java/math/BigInteger
instanceKlass java/util/concurrent/atomic/AtomicLong
instanceKlass java/util/concurrent/atomic/AtomicInteger
instanceKlass java/lang/Long
instanceKlass java/lang/Integer
instanceKlass java/lang/Short
instanceKlass java/lang/Byte
instanceKlass java/lang/Double
instanceKlass java/lang/Float
ciInstanceKlass java/lang/Number 1 1 37 10 7 12 1 1 1 10 100 12 1 1 1 100 1 1 1 1 5 0 1 1 1 1 1 1 1 1 1 1 1 1 1 1 1 1 1
ciMethod java/lang/StringUTF16 length ([B)I 0 0 7 0 -1
ciMethod java/lang/StringUTF16 checkIndex (I[B)V 0 0 1 0 -1
ciMethod java/lang/StringUTF16 getChar ([BI)C 882 0 11292 0 -1
ciMethod java/lang/StringUTF16 charAt ([BI)C 0 0 1 0 -1
ciInstanceKlass java/lang/Thread$FieldHolder 1 1 48 10 7 12 1 1 1 9 7 12 1 1 1 9 12 1 1 9 12 1 1 9 12 1 1 9 12 1 1 1 1 1 1 1 1 1 1 100 1 100 1 1 1 1 100 1 1 1
ciInstanceKlass java/lang/Thread$Constants 0 0 59 7 1 10 7 12 1 1 1 100 1 10 10 7 12 1 1 1 7 1 8 1 10 12 1 9 7 12 1 1 1 7 1 7 1 10 12 1 10 12 1 9 12 1 1 1 1 1 1 1 1 1 1 1 1 1 1 1 1
ciInstanceKlass java/lang/ThreadGroup 1 1 411 10 7 12 1 1 1 9 7 12 1 1 1 8 1 9 12 1 1 7 1 9 12 1 1 9 12 1 1 10 7 12 1 1 1 10 12 1 1 10 12 1 10 12 1 10 12 1 10 12 1 1 10 12 1 1 10 12 1 10 12 1 1 10 12 1 10 12 1 10 100 12 1 1 1 10 12 1 1 18 12 1 1 11 7 12 1 1 1 10 7 12 1 1 1 10 7 12 1 10 12 1 1 10 12 1 1 10 12 1 1 10 100 12 1 1 1 10 12 1 11 12 1 1 11 7 12 1 1 11 12 1 1 10 12 1 1 10 12 1 10 12 1 11 12 1 11 12 1 1 100 1 10 10 12 1 100 1 10 18 12 1 1 11 7 12 1 1 1 11 12 1 1 9 12 1 1 10 12 1 1 8 1 10 7 12 1 1 1 10 100 12 1 1 1 10 12 1 1 11 12 10 12 1 1 10 12 1 1 11 7 1 9 12 1 7 1 10 8 1 10 12 1 1 10 12 1 1 8 1 10 12 1 10 7 12 1 1 1 10 12 1 1 10 7 1 8 1 10 8 1 10 12 1 10 12 1 8 1 9 12 1 1 9 12 1 10 100 12 1 1 1 100 9 12 1 1 7 1 9 12 1 10 12 10 12 1 1 100 10 12 9 12 1 10 12 1 100 1 10 11 12 1 1 7 1 10 10 12 1 10 12 1 1 1 1 1 1 1 1 1 1 1 1 1 1 1 1 1 1 3 1 1 1 1 1 1 1 1 1 1 1 1 100 1 1 1 1 1 1 1 1 1 1 1 1 1 1 1 1 1 1 1 1 1 1 1 1 1 1 1 1 1 1 1 1 1 1 1 1 1 1 1 1 1 1 1 16 15 10 12 16 16 15 10 12 16 15 10 100 12 1 1 1 1 1 100 1 100 1 1
staticfield java/lang/ThreadGroup $assertionsDisabled Z 1
ciInstanceKlass java/lang/Thread$UncaughtExceptionHandler 1 0 16 100 1 100 1 1 1 1 1 1 1 1 100 1 1 1
ciInstanceKlass java/security/AccessControlContext 1 1 374 9 7 12 1 1 1 9 12 1 1 10 100 12 1 1 1 8 1 10 100 12 1 1 1 10 7 12 1 1 1 9 12 1 9 12 1 1 9 12 1 1 10 7 12 1 1 7 1 10 12 1 11 7 12 1 1 1 11 12 1 11 12 1 11 12 1 1 7 1 11 12 1 1 10 12 1 10 7 12 1 1 1 9 100 12 1 1 1 10 7 12 1 1 1 11 100 12 1 1 1 10 7 1 100 1 8 1 10 12 1 10 12 1 1 7 1 10 7 12 1 1 1 9 12 1 9 12 1 9 12 1 9 12 1 1 9 12 1 1 9 12 1 9 12 1 10 7 12 1 1 1 9 12 1 10 12 1 1 10 12 1 1 8 1 10 12 1 1 10 12 1 1 10 7 12 1 1 1 7 1 10 10 12 1 1 10 7 12 1 1 1 10 8 1 10 7 12 1 1 8 1 10 7 12 1 1 8 1 8 1 10 12 1 8 1 10 12 1 8 1 10 12 1 10 12 1 10 12 1 1 8 1 8 1 100 1 10 12 1 10 12 1 1 100 1 10 12 1 8 1 10 12 1 10 12 1 10 8 1 10 12 1 1 10 12 1 1 10 12 1 1 10 12 1 1 10 12 1 10 12 1 11 10 12 1 10 12 1 1 10 10 10 12 1 1 1 1 1 1 1 1 1 1 1 1 1 1 1 1 1 1 1 1 1 1 1 1 100 1 1 1 1 1 1 1 1 1 1 1 1 1 1 1 1 1 1 1 1 1 1 1 1 1 1 1 1 1 1 1 1 1 1 1 1 1 1 1 1 1 1 1 1 1 1 1 1 1 1 1 1 3 1 1
instanceKlass java/lang/ThreadBuilders$BoundVirtualThread
instanceKlass java/lang/VirtualThread
ciInstanceKlass java/lang/BaseVirtualThread 0 0 36 10 100 12 1 1 1 100 1 1 1 1 1 1 1 1 1 1 1 1 1 1 1 1 1 1 1 1 100 1 100 1 1 100 1 1
ciInstanceKlass java/lang/VirtualThread 0 0 907 9 7 12 1 1 1 10 7 12 1 1 1 10 100 12 1 1 1 10 7 12 1 1 1 9 12 1 1 9 12 1 1 100 1 10 12 1 9 12 1 1 18 12 1 1 9 12 1 1 10 12 1 1 100 1 10 12 1 10 12 1 1 10 12 1 1 10 12 1 1 10 12 1 10 7 12 1 10 12 1 10 12 1 10 12 1 10 12 1 11 100 12 1 1 1 100 1 10 12 1 1 10 100 12 1 1 1 10 100 12 1 1 1 10 12 1 100 1 10 10 12 1 10 12 1 1 9 12 1 1 10 12 1 1 9 12 1 1 10 12 1 9 12 1 1 9 12 1 100 1 10 10 12 1 10 100 12 1 1 10 9 10 10 12 1 1 10 12 1 1 10 100 12 1 1 10 100 1 10 9 10 10 12 1 7 1 10 12 1 1 10 12 1 10 12 1 10 12 1 1 9 12 1 10 12 1 10 12 1 9 12 1 1 10 12 1 10 12 1 9 12 1 1 10 12 1 10 12 1 10 12 1 11 100 12 1 1 10 12 1 1 10 12 1 1 10 12 1 1 9 12 1 10 100 1 10 12 1 1 10 12 1 1 10 12 1 10 12 1 10 12 1 10 12 9 12 1 1 10 100 12 1 1 10 12 1 10 12 1 1 10 100 12 1 1 10 12 1 100 1 8 1 10 12 1 10 12 1 1 10 12 1 10 12 1 10 100 12 1 1 10 12 1 10 12 1 1 10 12 1 10 12 1 1 10 7 12 1 1 10 12 1 1 10 12 1 1 100 1 10 10 12 1 7 1 9 12 1 1 10 7 12 1 1 10 9 12 1 1 18 9 100 12 1 1 1 11 100 12 1 1 1 11 100 1 11 12 10 12 1 10 12 1 1 10 12 1 100 1 10 10 12 1 10 12 1 1 10 12 1 1 10 12 1 10 12 1 10 12 1 9 12 1 1 11 100 12 1 1 10 12 9 100 12 1 1 1 9 12 1 10 12 1 1 9 12 1 9 12 1 9 12 1 7 1 10 10 12 1 1 10 12 1 10 12 7 1 7 1 10 8 1 10 12 1 1 10 12 1 10 12 1 10 10 12 1 8 1 10 10 12 1 10 12 1 10 7 12 1 1 8 1 8 1 10 9 100 12 1 1 1 10 12 1 1 10 12 1 10 10 10 12 9 12 1 10 12 1 1 9 12 1 10 12 1 1 9 12 1 10 12 1 1 18 12 1 1 18 12 1 10 7 12 1 1 1 8 1 10 100 12 1 1 1 10 7 12 1 1 1 18 12 1 10 100 12 1 1 1 100 1 10 12 1 8 1 10 12 1 8 1 10 12 1 1 8 1 8 1 10 100 12 1 1 8 1 10 12 1 8 1 8 1 10 100 12 1 1 1 10 12 1 10 12 1 1 10 12 1 18 12 1 1 18 12 1 1 5 0 9 12 1 10 12 1 18 12 1 100 1 10 12 10 7 12 1 1 10 12 1 1 7 1 8 1 10 10 12 1 10 12 1 1 10 12 1 9 12 1 8 10 12 1 1 8 8 9 12 1 8 10 12 1 1 3 1 3 1 3 1 3 1 3 1 3 1 3 1 3 1 3 1 3 1 3 1 3 3 1 3 1 1 1 1 1 1 1 1 1 1 1 1 1 1 7 1 1 1 1 1 1 1 1 1 1 1 1 1 1 7 1 1 1 1 1 1 1 1 1 1 1 7 1 1 1 1 1 1 1 1 1 1 1 1 1 1 1 1 1 1 1 1 1 1 1 1 1 1 1 1 1 1 1 1 1 1 1 1 1 1 1 100 1 1 1 1 1 1 1 1 1 1 1 1 1 1 1 1 1 1 1 1 1 1 1 1 1 1 1 1 1 1 1 1 1 1 1 100 1 1 1 1 1 1 1 1 1 1 1 1 1 1 100 1 1 16 15 10 12 15 16 15 10 12 16 15 10 12 16 16 15 10 12 16 15 10 12 16 15 10 12 16 15 10 12 16 1 15 10 100 12 1 1 1 1 1 1 1 7 1 1 100 1 100 1 1
ciInstanceKlass java/lang/ThreadBuilders$BoundVirtualThread 0 0 132 10 7 12 1 1 1 9 7 12 1 1 1 10 7 12 1 1 1 9 12 1 1 10 12 1 1 10 12 1 1 9 12 1 1 10 7 12 1 1 1 10 12 1 1 7 1 8 1 10 12 1 10 12 1 1 10 12 1 1 10 12 1 1 10 7 12 1 1 1 8 1 10 12 1 8 1 10 12 1 1 10 100 12 1 1 9 100 12 1 1 1 10 12 1 1 10 10 12 1 1 1 1 1 1 1 1 1 1 1 1 1 1 1 1 1 1 1 1 1 1 1 1 1 1 1 1 100 1 1 1 1
ciInstanceKlass jdk/internal/vm/ContinuationScope 0 0 50 10 100 12 1 1 1 10 100 12 1 1 1 100 1 9 100 12 1 1 1 10 12 1 1 10 100 12 1 1 1 10 12 1 1 10 12 1 1 1 1 1 1 1 1 1 1 1 1 1
ciInstanceKlass jdk/internal/vm/StackChunk 0 0 32 10 100 12 1 1 1 9 100 12 1 1 1 9 12 1 1 9 12 1 1 1 1 1 1 1 1 1 1 1 1 1
ciInstanceKlass java/lang/Float 1 1 279 7 1 7 1 10 7 12 1 1 1 10 100 12 1 1 1 4 7 1 10 12 1 1 10 12 1 1 8 1 8 1 10 7 12 1 1 1 10 12 1 1 10 12 1 1 10 7 1 4 10 7 12 1 1 9 12 1 1 10 12 1 1 10 12 1 10 10 12 1 1 10 12 1 10 12 1 3 3 100 1 4 4 4 3 10 12 1 1 9 12 1 1 100 1 10 3 3 4 4 10 12 1 3 3 3 10 12 1 1 10 12 1 1 10 12 1 10 100 12 1 1 1 10 12 1 1 10 12 1 1 10 7 12 1 1 1 8 1 10 12 1 1 9 12 1 1 7 1 7 1 7 1 1 1 1 4 1 4 1 1 1 4 1 1 3 1 3 1 3 1 3 1 3 1 1 1 1 5 0 1 1 1 1 1 1 1 1 1 1 100 1 1 1 1 1 1 1 1 1 1 1 1 1 3 1 1 1 1 1 1 1 1 1 1 1 1 1 1 1 1 1 1 1 1 1 1 1 1 1 1 1 1 1 1 1 1 1 1 1 1 1 1 1 1 1 1 1 1 1 1 1 1 1 1 1 1 1 1 1 1 1 1 1 1 1 7 1 1 1 1 1 1 1 100 1 100 1 1
staticfield java/lang/Float TYPE Ljava/lang/Class; java/lang/Class
staticfield java/lang/Float $assertionsDisabled Z 1
ciInstanceKlass java/lang/Double 1 1 290 7 1 7 1 10 100 12 1 1 1 10 12 1 1 10 7 1 10 12 1 1 10 100 12 1 1 1 6 0 8 1 10 12 1 1 8 1 10 12 1 1 8 1 6 0 10 12 1 1 100 1 5 0 5 0 8 1 8 1 10 7 12 1 1 1 10 7 12 1 1 1 8 1 10 12 1 1 8 1 8 1 8 1 10 12 1 1 10 12 1 10 12 1 1 10 12 1 10 12 1 10 12 1 1 10 12 1 10 7 1 6 0 10 7 12 1 1 9 12 1 1 10 12 1 10 12 1 10 12 1 10 12 1 10 12 1 5 0 10 12 1 1 10 12 1 10 12 1 10 100 12 1 1 1 10 12 1 1 10 12 1 1 8 1 10 7 12 1 1 1 9 12 1 1 7 1 7 1 7 1 1 1 6 0 1 6 0 1 6 0 1 1 1 6 0 1 1 3 1 3 1 3 1 3 1 3 1 1 1 1 5 0 1 1 1 1 1 1 1 1 1 1 1 1 1 1 1 1 100 1 1 1 1 1 1 1 1 1 1 1 1 3 1 1 1 1 1 1 1 1 1 1 1 1 1 1 1 1 1 1 1 1 1 1 1 1 1 1 1 1 1 1 1 1 1 1 7 1 1 1 1 1 1 1 100 1 100 1 1
staticfield java/lang/Double TYPE Ljava/lang/Class; java/lang/Class
ciInstanceKlass java/lang/Byte 1 1 213 7 1 100 1 10 7 12 1 1 1 9 12 1 1 8 1 9 12 1 1 7 1 10 12 1 1 10 12 1 1 10 100 12 1 1 1 10 100 12 1 1 1 9 100 12 1 1 1 10 12 1 1 100 1 7 1 10 12 1 1 8 1 10 12 1 1 8 1 10 12 1 10 12 1 10 12 1 10 12 1 1 10 12 1 10 12 1 10 12 1 1 10 8 1 8 1 10 7 1 9 12 1 1 10 12 1 1 10 12 1 1 10 12 1 1 10 12 1 5 0 10 12 1 1 8 1 10 7 12 1 1 1 9 12 1 1 7 1 7 1 1 1 3 1 3 1 1 1 1 3 1 3 1 1 5 0 1 1 1 1 1 1 1 1 1 1 1 1 1 1 1 1 1 1 1 1 1 1 1 1 1 1 1 1 1 1 1 1 1 1 1 1 1 1 1 1 1 1 1 1 1 1 1 1 1 1 1 1 1 1 1 1
staticfield java/lang/Byte TYPE Ljava/lang/Class; java/lang/Class
ciInstanceKlass java/lang/Short 1 1 222 7 1 7 1 100 1 10 7 12 1 1 1 10 12 1 1 100 1 7 1 10 12 1 1 8 1 10 12 1 1 8 1 10 12 1 10 12 1 10 12 1 10 12 1 1 10 12 1 1 10 12 1 9 12 1 1 8 1 9 12 1 1 7 1 10 12 1 1 10 12 1 10 100 12 1 1 1 10 100 12 1 1 1 9 100 12 1 1 1 10 12 1 10 12 1 1 10 8 1 8 1 10 7 1 9 12 1 1 10 12 1 1 10 12 1 1 10 12 1 1 10 12 1 3 3 5 0 10 12 1 1 8 1 10 7 12 1 1 1 9 12 1 1 7 1 7 1 1 1 3 1 3 1 1 1 1 3 1 3 1 1 5 0 1 1 1 1 1 1 1 1 1 1 1 1 1 1 1 1 1 1 1 1 1 1 1 1 1 1 1 3 1 1 1 1 1 1 1 1 1 1 1 1 1 1 1 1 1 1 1 1 1 1 1 1 1 1 1 1 1 1
staticfield java/lang/Short TYPE Ljava/lang/Class; java/lang/Class
ciInstanceKlass java/lang/Long 1 1 524 7 1 7 1 7 1 7 1 10 12 1 1 9 12 1 1 9 7 12 1 1 1 10 7 12 1 1 1 10 12 1 1 10 100 12 1 1 1 10 10 12 10 12 1 10 12 1 10 12 1 5 0 5 0 7 1 10 12 1 1 10 12 1 1 10 12 1 10 12 1 10 12 1 10 12 1 1 10 100 12 1 1 10 12 1 10 12 1 1 10 12 1 1 10 12 1 1 10 12 1 1 10 100 12 1 1 1 10 12 1 1 10 12 1 10 12 1 10 12 1 10 12 1 1 10 10 12 1 5 0 5 0 9 12 1 1 9 12 1 5 0 100 1 8 1 10 12 1 8 1 10 12 1 8 1 8 1 10 12 1 1 5 0 10 12 1 1 5 0 10 12 1 1 10 12 1 1 10 100 12 1 1 1 11 7 1 10 12 1 1 11 10 12 1 1 8 1 10 12 1 1 8 1 7 1 10 12 1 1 10 12 1 8 1 8 1 11 12 1 1 10 12 1 10 12 1 10 12 1 5 0 5 0 9 7 12 1 1 1 10 12 1 10 12 1 1 8 1 8 1 10 12 1 1 8 1 8 1 8 1 8 1 8 1 8 1 10 12 1 10 7 1 9 12 1 1 10 12 1 10 12 1 1 10 12 1 1 10 7 12 1 1 1 100 1 100 1 10 12 1 1 10 12 1 1 5 0 10 12 1 10 12 1 5 0 5 0 5 0 10 12 1 1 10 12 1 5 0 5 0 10 12 1 10 12 1 10 100 12 1 1 1 10 12 1 1 10 12 1 1 8 1 10 7 12 1 1 1 9 12 1 1 7 1 7 1 7 1 1 1 1 5 0 1 1 1 1 3 1 3 1 5 0 1 1 1 1 1 1 1 1 1 100 1 1 1 1 1 1 1 1 1 1 1 1 1 1 1 1 1 1 1 1 1 1 1 1 1 1 1 1 1 1 1 1 1 1 1 1 1 1 1 1 1 1 1 1 1 1 1 1 1 1 1 1 1 1 1 3 1 1 1 1 1 1 1 1 1 1 1 1 1 1 1 7 1 1 1 1 1 1 1 1 1 1 1 1 1 1 1 1 1 1 1 1 1 1 1 1 1 1 1 1 1 1 1 1 1 1 1 1 1 1 1 1 1 1 1 7 1 1 1 1 1 1 1 1 1 100 1 100 1 1
staticfield java/lang/Long TYPE Ljava/lang/Class; java/lang/Class
ciInstanceKlass jdk/internal/vm/vector/VectorSupport 0 0 573 100 1 10 100 12 1 1 1 9 12 1 1 10 12 1 1 100 1 10 12 1 11 100 12 1 1 1 11 100 12 1 1 1 11 100 12 1 1 11 100 12 1 1 11 100 12 1 1 1 11 100 12 1 1 11 100 12 1 1 11 100 12 1 1 11 100 12 1 1 11 100 12 1 1 11 100 12 1 1 11 100 12 1 1 1 11 100 12 1 1 11 100 12 1 1 1 11 100 12 1 1 1 11 100 12 1 1 11 100 12 1 1 1 11 100 12 1 1 100 1 10 12 1 1 11 100 12 1 1 11 100 12 1 1 11 100 12 1 1 11 100 12 1 1 11 100 12 1 1 11 100 12 1 1 9 12 1 1 10 100 12 1 1 11 100 12 1 1 10 12 1 1 10 100 12 1 1 1 10 12 1 10 12 1 1 10 12 1 1 1 1 1 3 1 3 1 3 1 3 1 3 1 3 1 3 1 3 1 3 1 3 1 3 1 3 1 3 1 3 1 3 1 3 1 3 1 3 1 3 1 3 1 3 1 3 1 3 1 3 1 3 1 3 1 3 1 3 1 3 1 3 1 3 1 3 1 3 1 3 1 3 1 3 1 3 1 3 1 3 1 3 1 3 1 3 1 3 1 3 1 3 1 3 1 3 1 3 1 3 1 3 1 3 1 3 1 3 1 1 1 1 1 1 1 1 1 1 1 1 1 1 1 1 1 1 1 1 1 1 1 1 1 1 1 1 1 1 1 1 1 1 1 1 1 1 1 1 1 1 1 1 1 1 1 1 1 1 1 1 1 1 1 1 1 1 1 1 1 1 1 1 1 1 1 1 1 1 1 1 1 1 1 1 1 1 1 1 1 1 1 1 1 1 1 1 1 1 1 1 1 1 1 1 1 1 1 1 1 1 1 1 1 1 1 1 1 1 1 1 1 1 1 1 1 1 1 1 1 1 1 1 1 1 1 1 1 1 1 1 1 1 1 1 1 1 1 1 1 1 1 1 1 1 1 1 1 1 1 1 1 1 1 1 1 1 1 1 1 1 1 1 1 1 1 1 1 1 1 1 1 1 1 1 1 1 1 1 1 1 1 1 1 1 1 1 1 1 1 1 1 1 1 1 1 1 1 1 1 1 1 1 1 1 1 1 1 1 1 1 1 1 1 1 1 1 1 1 1 1 1 1 1 1 1 1 1 1 1 1 1 1 1 100 1 100 1 100 1 100 1 100 1 1 1 1 1 1 1 1 1 1 1 1 1 1 1 1 1 1 1 1 1 1 1 1 1 1 1 1 1 1 1
instanceKlass jdk/internal/vm/vector/VectorSupport$VectorShuffle
instanceKlass jdk/internal/vm/vector/VectorSupport$VectorMask
instanceKlass jdk/internal/vm/vector/VectorSupport$Vector
ciInstanceKlass jdk/internal/vm/vector/VectorSupport$VectorPayload 0 0 32 10 100 12 1 1 1 9 100 12 1 1 1 10 100 12 1 1 1 1 1 1 1 1 1 1 1 1 1 1 1 1
ciInstanceKlass jdk/internal/vm/vector/VectorSupport$Vector 0 0 28 10 100 12 1 1 1 100 1 1 1 1 1 1 1 1 1 1 1 1 1 1 1 100 1 1 1 1
ciInstanceKlass jdk/internal/vm/vector/VectorSupport$VectorMask 0 0 28 10 100 12 1 1 1 100 1 1 1 1 1 1 1 1 1 1 1 1 1 1 1 100 1 1 1 1
ciInstanceKlass jdk/internal/vm/vector/VectorSupport$VectorShuffle 0 0 28 10 100 12 1 1 1 100 1 1 1 1 1 1 1 1 1 1 1 1 1 1 1 100 1 1 1 1
ciInstanceKlass jdk/internal/vm/FillerObject 0 0 16 10 100 12 1 1 1 100 1 1 1 1 1 1 1 1
instanceKlass java/lang/ref/PhantomReference
instanceKlass java/lang/ref/FinalReference
instanceKlass java/lang/ref/WeakReference
instanceKlass java/lang/ref/SoftReference
ciInstanceKlass java/lang/ref/Reference 1 1 190 9 7 12 1 1 1 9 7 12 1 1 10 12 1 1 10 12 1 1 9 12 1 1 10 12 1 1 9 12 1 1 9 12 1 1 7 1 10 12 1 10 7 12 1 1 10 12 1 10 12 1 1 10 12 1 7 1 8 1 10 12 1 1 7 1 10 12 1 1 10 12 1 1 10 12 1 9 12 1 10 12 1 1 10 12 1 10 12 1 9 12 1 7 1 100 1 10 12 9 12 1 9 12 1 100 1 10 10 12 1 10 10 7 12 1 1 7 1 10 10 7 12 1 1 1 1 1 1 1 1 1 1 1 1 1 1 1 1 1 1 1 7 1 1 1 100 1 1 1 1 1 1 1 1 1 1 1 1 1 1 1 1 1 1 1 1 1 1 1 1 1 1 1 1 1 1 1 1 1 1 1 7 1 7 1 7 1 1 1
staticfield java/lang/ref/Reference processPendingLock Ljava/lang/Object; java/lang/Object
staticfield java/lang/ref/Reference $assertionsDisabled Z 1
instanceKlass sun/util/locale/provider/LocaleResources$ResourceReference
instanceKlass sun/util/resources/Bundles$BundleReference
instanceKlass com/intellij/util/containers/ConcurrentSoftValueHashMap$MySoftReference
instanceKlass com/intellij/util/containers/ConcurrentRefHashMap$HardKey
instanceKlass com/intellij/reference/SoftReference
instanceKlass java/util/ResourceBundle$BundleReference
instanceKlass sun/util/locale/LocaleObjectCache$CacheEntry
instanceKlass java/lang/invoke/LambdaFormEditor$Transform
ciInstanceKlass java/lang/ref/SoftReference 1 1 47 10 7 12 1 1 1 9 7 12 1 1 1 9 12 1 10 12 1 10 12 1 1 1 1 1 1 1 1 1 1 1 1 1 1 1 1 1 1 1 1 100 1 1 1 1 1
instanceKlass sun/swing/plaf/DesktopProperty$WeakPCL
instanceKlass com/intellij/util/containers/ConcurrentWeakValueHashMap$MyWeakReference
instanceKlass com/intellij/util/containers/ConcurrentWeakHashMap$WeakKey
instanceKlass javax/crypto/JceSecurity$WeakIdentityWrapper
instanceKlass javax/swing/plaf/metal/MetalLookAndFeel$AATextListener
instanceKlass com/intellij/util/containers/UnsafeWeakList$MyReference
instanceKlass com/intellij/util/containers/IntKeyWeakValueHashMap$MyReference
instanceKlass com/intellij/util/containers/ConcurrentWeakKeySoftValueHashMap$WeakKey
instanceKlass com/intellij/util/containers/ConcurrentWeakKeyWeakValueHashMap$WeakValue
instanceKlass java/util/ResourceBundle$KeyElementReference
instanceKlass java/util/logging/LogManager$LoggerWeakRef
instanceKlass java/util/logging/Level$KnownLevel
instanceKlass java/lang/ClassValue$Entry
instanceKlass com/intellij/util/lang/ClassLoadingLocks$WeakLockReference
instanceKlass java/lang/ThreadLocal$ThreadLocalMap$Entry
instanceKlass java/lang/WeakPairMap$WeakRefPeer
instanceKlass jdk/internal/util/WeakReferenceKey
instanceKlass java/util/WeakHashMap$Entry
ciInstanceKlass java/lang/ref/WeakReference 1 1 31 10 7 12 1 1 1 10 12 1 100 1 1 1 1 1 1 1 1 1 1 1 1 1 1 1 1 1 1 1 1
instanceKlass java/lang/ref/Finalizer
ciInstanceKlass java/lang/ref/FinalReference 1 1 50 10 7 12 1 1 1 10 7 12 1 1 1 10 12 1 1 7 1 8 1 10 12 1 1 1 1 1 1 1 1 1 1 1 1 1 1 1 1 1 1 1 1 1 1 1 1 1 7 1
instanceKlass com/intellij/util/containers/RefHashMap$HardKey
instanceKlass com/intellij/util/containers/ConcurrentWeakKeySoftValueHashMap$HardKey
instanceKlass jdk/internal/ref/Cleaner
instanceKlass jdk/internal/ref/PhantomCleanable
ciInstanceKlass java/lang/ref/PhantomReference 1 1 39 10 100 12 1 1 1 10 7 12 1 1 1 1 1 1 1 1 1 1 1 1 1 1 1 1 1 1 1 1 1 1 1 1 1 1 1 1 1
ciInstanceKlass java/lang/ref/Finalizer 1 1 155 9 7 12 1 1 1 10 7 12 1 1 1 9 12 1 1 9 12 1 1 9 12 1 9 12 1 9 12 1 1 10 12 1 7 1 8 1 10 12 1 10 12 1 1 9 12 1 100 1 10 12 1 7 1 11 100 12 1 1 10 12 1 7 1 10 12 1 100 1 10 12 1 10 7 12 1 1 1 10 100 12 1 1 1 100 1 10 10 12 1 7 1 10 12 1 7 1 10 12 1 1 10 12 1 1 10 12 1 10 7 12 1 1 1 7 1 10 7 1 10 10 12 1 1 1 1 1 1 1 1 1 1 1 1 1 1 1 1 1 1 1 1 1 1 1 1 1 1 1 1 1 1 1 1
staticfield java/lang/ref/Finalizer lock Ljava/lang/Object; java/lang/Object
staticfield java/lang/ref/Finalizer ENABLED Z 1
staticfield java/lang/ref/Finalizer $assertionsDisabled Z 1
instanceKlass kotlin/time/DurationUnit
instanceKlass fleet/multiplatform/shims/DispatcherPriority
instanceKlass javax/swing/DropMode
instanceKlass com/sun/beans/util/Cache$Kind
instanceKlass com/sun/java/swing/plaf/windows/TMSchema$State
instanceKlass com/sun/java/swing/plaf/windows/TMSchema$Prop
instanceKlass java/math/RoundingMode
instanceKlass sun/util/locale/provider/LocaleProviderAdapter$Type
instanceKlass com/intellij/GetPolicy
instanceKlass com/intellij/l10n/LocalizationOrder
instanceKlass kotlin/reflect/jvm/internal/impl/resolve/jvm/JvmPrimitiveType
instanceKlass kotlin/reflect/jvm/internal/impl/builtins/PrimitiveType
instanceKlass com/sun/java/swing/plaf/windows/TMSchema$Control
instanceKlass com/sun/java/swing/plaf/windows/TMSchema$Part
instanceKlass sun/java2d/SunGraphicsEnvironment$LogDisplay
instanceKlass com/jetbrains/rhizomedb/Cardinality
instanceKlass com/jetbrains/rhizomedb/Indexing
instanceKlass com/jetbrains/rhizomedb/RefFlags
instanceKlass java/io/JbExtendedOpenOptions
instanceKlass com/intellij/openapi/application/impl/NonBlockingFlushQueue$WriteIntentLockMode
instanceKlass java/util/stream/Collector$Characteristics
instanceKlass kotlinx/coroutines/channels/BufferOverflow
instanceKlass com/intellij/openapi/keymap/impl/KeyState
instanceKlass java/awt/EventFilter$FilterAction
instanceKlass com/intellij/util/system/CpuArch
instanceKlass sun/awt/AppContext$State
instanceKlass java/awt/desktop/UserSessionEvent$Reason
instanceKlass sun/font/EAttribute
instanceKlass java/lang/annotation/RetentionPolicy
instanceKlass java/lang/annotation/ElementType
instanceKlass java/util/Locale$Category
instanceKlass sun/awt/OSInfo$OSType
instanceKlass sun/java2d/StateTrackable$State
instanceKlass java/security/DrbgParameters$Capability
instanceKlass jdk/internal/util/OperatingSystem
instanceKlass java/nio/file/attribute/PosixFilePermission
instanceKlass com/intellij/util/PathUtilRt$Platform
instanceKlass java/time/temporal/ChronoUnit
instanceKlass java/time/temporal/ChronoField
instanceKlass sun/security/util/KnownOIDs
instanceKlass sun/util/logging/PlatformLogger$Level
instanceKlass java/lang/System$Logger$Level
instanceKlass jdk/internal/logger/BootstrapLogger$LoggingBackend
instanceKlass java/util/stream/StreamShape
instanceKlass java/util/stream/StreamOpFlag$Type
instanceKlass java/util/stream/StreamOpFlag
instanceKlass java/net/StandardProtocolFamily
instanceKlass com/intellij/diagnostic/ActivityCategory
instanceKlass com/intellij/diagnostic/LoadingState
instanceKlass com/intellij/openapi/diagnostic/LogLevel
instanceKlass java/lang/StackWalker$Option
instanceKlass java/nio/file/AccessMode
instanceKlass kotlinx/coroutines/scheduling/CoroutineScheduler$WorkerState
instanceKlass kotlin/coroutines/intrinsics/CoroutineSingletons
instanceKlass kotlinx/coroutines/CoroutineStart
instanceKlass kotlin/LazyThreadSafetyMode
instanceKlass java/util/regex/Pattern$Qtype
instanceKlass com/intellij/util/system/OS
instanceKlass com/intellij/util/lang/JarLoader$Attribute
instanceKlass java/lang/invoke/MethodHandleImpl$ArrayAccess
instanceKlass java/util/zip/ZipCoder$Comparison
instanceKlass java/nio/file/LinkOption
instanceKlass sun/nio/fs/WindowsPathType
instanceKlass java/nio/file/StandardOpenOption
instanceKlass java/lang/invoke/MethodHandles$Lookup$ClassOption
instanceKlass java/lang/invoke/VarHandle$AccessType
instanceKlass java/lang/invoke/VarHandle$AccessMode
instanceKlass java/lang/invoke/MethodHandleImpl$Intrinsic
instanceKlass java/lang/invoke/LambdaForm$BasicType
instanceKlass java/lang/invoke/LambdaForm$Kind
instanceKlass sun/invoke/util/Wrapper
instanceKlass java/io/File$PathStatus
instanceKlass java/lang/module/ModuleDescriptor$Requires$Modifier
instanceKlass java/lang/reflect/AccessFlag$Location
instanceKlass java/lang/reflect/AccessFlag
instanceKlass java/lang/module/ModuleDescriptor$Modifier
instanceKlass com/jetbrains/internal/IoOverNio$Debug
instanceKlass java/lang/reflect/ClassFileFormatVersion
instanceKlass java/util/concurrent/TimeUnit
instanceKlass java/lang/Thread$State
ciInstanceKlass java/lang/Enum 1 1 204 9 7 12 1 1 1 9 12 1 1 10 7 12 1 1 1 9 12 1 10 7 12 1 1 1 100 1 10 10 12 1 1 10 12 1 7 1 10 10 7 12 1 1 10 12 1 1 18 12 1 1 10 100 12 1 1 1 10 12 1 1 11 7 12 1 1 1 100 1 8 1 10 12 1 100 1 7 1 10 8 1 10 12 1 1 10 12 1 1 8 1 10 12 1 10 100 1 8 1 10 10 12 1 1 10 100 12 1 1 1 7 1 7 1 7 1 1 1 1 1 1 1 1 1 1 1 1 1 1 1 1 1 1 1 1 1 1 1 1 1 1 1 1 1 1 1 1 1 1 1 1 1 1 1 1 1 1 1 1 1 1 1 3 1 1 1 1 100 1 7 1 1 100 1 1 1 1 1 1 1 1 1 1 1 16 15 10 12 16 15 10 100 12 1 1 1 1 1 100 1 100 1 1
ciInstanceKlass java/lang/reflect/Method 1 1 472 9 7 12 1 1 1 10 100 12 1 1 1 10 100 12 1 1 9 12 1 1 10 12 1 1 10 12 1 1 10 100 12 1 1 10 7 12 1 1 1 9 12 1 1 9 12 1 9 12 1 1 9 12 1 9 12 1 9 12 1 1 9 12 1 9 12 1 1 9 12 1 9 12 1 9 12 1 1 100 1 8 1 10 12 1 10 12 1 9 12 1 1 8 1 10 7 12 1 1 10 7 12 1 1 1 10 12 1 1 10 12 1 1 10 12 1 10 12 1 1 10 12 1 1 9 100 12 1 1 1 10 12 1 1 10 12 10 7 12 1 1 10 12 1 1 10 12 1 10 12 1 10 12 1 10 7 12 1 1 1 10 12 1 1 10 7 1 10 7 12 1 1 1 10 7 12 1 1 10 12 1 1 10 12 1 1 10 12 1 10 7 12 1 1 1 10 12 1 10 8 1 10 12 1 10 12 1 100 1 8 1 8 1 8 1 10 12 1 10 12 1 1 10 12 1 1 10 10 12 1 1 10 12 1 11 7 1 10 12 1 9 12 1 1 10 12 1 1 10 12 1 10 12 1 1 10 12 1 1 11 7 12 1 1 1 11 12 1 9 12 1 1 10 12 1 10 12 1 10 12 1 10 12 1 10 12 1 10 12 1 9 12 1 1 10 7 12 1 1 1 10 7 12 1 1 10 12 1 1 10 100 12 1 1 1 10 100 12 1 1 1 10 100 12 1 1 1 11 100 12 1 1 1 10 100 12 1 1 1 100 1 100 1 100 1 10 12 1 10 12 1 1 10 12 1 100 1 8 1 10 12 1 10 10 12 1 1 10 12 1 1 10 12 1 1 10 12 1 1 8 1 10 12 1 1 1 1 1 1 1 1 1 1 1 1 1 1 1 1 1 1 1 1 1 1 1 1 1 1 1 1 1 1 1 1 1 1 1 1 1 1 1 1 1 1 1 1 1 1 1 1 1 1 1 1 1 100 1 100 1 100 1 1 1 1 1 1 1 1 1 1 1 1 1 1 1 1 1 1 1 1 1 1 1 1 1 1 1 1 1 1
ciInstanceKlass java/lang/reflect/Field 1 1 457 9 7 12 1 1 1 10 12 1 1 10 100 12 1 1 1 10 100 12 1 1 9 12 1 1 10 12 1 1 10 12 1 1 10 100 12 1 1 10 7 12 1 1 1 9 12 1 1 9 12 1 9 12 1 9 12 1 1 9 12 1 1 9 12 1 9 12 1 1 9 12 1 1 100 1 8 1 10 12 1 10 12 1 9 12 1 1 9 12 1 10 12 1 10 7 12 1 1 10 12 1 1 10 12 1 1 10 12 1 10 12 1 1 9 100 12 1 1 1 10 100 12 1 1 1 7 1 10 12 1 1 10 12 1 1 10 12 1 1 10 12 1 10 12 1 10 7 1 10 7 12 1 1 7 1 10 8 1 10 12 1 1 10 12 1 1 8 1 10 12 10 12 1 8 1 8 1 10 11 7 1 9 12 1 10 12 1 1 10 12 1 1 11 7 12 1 1 1 10 12 1 11 12 1 1 11 12 1 1 11 12 1 1 11 12 1 1 11 12 1 1 11 12 1 1 11 12 1 1 11 12 1 1 11 12 1 1 11 12 1 1 11 12 1 1 11 12 1 1 11 12 1 1 11 12 1 1 11 12 1 1 11 12 1 1 11 12 1 1 10 12 1 10 7 12 1 1 10 12 1 10 12 1 10 12 1 9 12 1 1 10 7 12 1 1 1 10 12 1 1 10 12 1 10 100 12 1 1 10 12 1 1 11 7 1 10 12 1 7 1 10 100 12 1 1 1 10 100 12 1 1 1 9 12 1 10 100 12 1 1 1 11 100 12 1 1 1 10 12 1 1 10 12 1 1 9 100 12 1 1 10 100 12 1 1 1 10 12 1 1 7 1 1 1 1 1 1 1 1 1 1 1 1 1 1 1 1 1 1 1 1 1 1 1 1 1 1 1 1 1 1 1 1 1 1 1 1 1 1 1 100 1 1 1 1 1 1 1 1 1 1 1 1 1 1 1 1 1 1 1 1 1 1 1 1 1 1 1 1 1 1 1 1 7 1 1 1 1 1 1 1 1 1 100 1 1
ciInstanceKlass java/lang/reflect/Parameter 0 0 243 10 7 12 1 1 1 9 7 12 1 1 1 9 12 1 1 9 12 1 1 9 12 1 10 12 1 1 10 12 1 1 10 7 12 1 1 1 7 1 10 10 12 1 1 11 7 12 1 1 1 10 12 1 10 100 12 1 1 1 10 12 1 1 10 12 1 10 12 1 8 1 8 1 10 7 12 1 1 1 10 12 1 10 12 9 100 12 1 1 1 10 100 12 1 1 1 10 12 1 8 1 10 12 1 9 12 1 1 10 12 1 1 9 12 1 1 10 12 1 1 10 12 1 1 10 12 1 1 10 12 1 10 10 12 1 10 100 12 1 1 1 10 12 1 1 11 7 12 1 1 10 7 12 1 1 7 1 10 100 12 1 1 1 10 12 1 1 10 12 1 1 10 12 1 1 10 12 1 1 9 12 1 100 1 10 11 12 1 1 11 12 1 1 7 1 1 1 1 1 1 1 1 1 1 1 1 1 1 1 1 1 1 1 1 1 1 1 1 1 1 1 1 1 1 1 1 1 1 1 1 1 1 1 1 1 100 1 1 1 1 1 1
ciInstanceKlass java/lang/reflect/RecordComponent 0 0 196 10 7 12 1 1 1 9 7 12 1 1 1 9 12 1 1 9 12 1 10 12 1 1 10 12 1 1 10 100 12 1 1 1 10 12 1 1 9 12 1 1 10 12 1 1 10 12 1 1 10 12 1 10 100 12 1 1 10 100 12 1 1 9 12 1 1 10 100 12 1 1 1 11 100 12 1 1 1 10 9 100 12 1 1 1 10 100 12 1 1 1 9 12 1 1 10 100 12 1 1 1 10 12 1 1 11 7 12 1 1 10 7 12 1 1 7 1 9 12 1 9 12 1 1 9 12 1 10 100 12 1 1 1 10 12 1 1 10 12 1 1 7 1 10 10 12 1 10 12 1 1 8 1 10 12 1 10 12 1 9 12 1 7 1 1 1 1 1 1 1 1 1 1 1 1 1 1 1 1 1 1 1 1 1 1 7 1 1 1 1 1 1 100 1 1
ciInstanceKlass java/lang/StringBuffer 1 1 483 10 7 12 1 1 1 10 12 1 10 12 1 10 12 1 1 9 7 12 1 1 1 10 12 1 1 10 12 1 10 12 1 1 9 12 1 1 10 12 1 10 12 1 1 10 12 1 1 10 12 1 10 12 1 1 10 12 1 10 12 1 1 10 12 1 1 10 7 12 1 1 1 10 12 1 1 10 12 1 10 12 1 10 12 1 10 12 1 10 12 1 10 12 1 10 12 1 10 12 1 10 12 1 10 12 1 10 12 1 10 12 1 10 12 1 10 12 1 1 10 12 1 10 12 1 1 10 12 1 1 10 10 12 1 1 10 12 1 10 12 1 10 12 1 10 12 1 10 12 1 10 12 1 10 12 10 12 1 10 12 1 10 12 1 10 12 1 1 10 12 1 10 12 1 10 10 12 1 1 10 12 1 10 12 1 10 12 1 10 10 100 12 1 1 1 10 10 12 1 1 9 12 1 1 10 100 12 1 1 10 100 1 8 10 100 12 1 1 1 8 10 12 1 8 1 10 12 1 10 12 1 10 100 12 1 1 1 10 100 12 1 1 1 7 1 10 12 100 1 8 1 10 10 12 1 1 10 12 1 1 10 12 1 10 12 1 10 12 1 1 10 12 1 10 12 1 10 12 1 10 12 1 10 12 1 10 12 10 12 1 10 12 1 10 12 1 10 12 1 10 12 1 10 12 1 10 12 1 10 12 1 10 12 1 10 12 1 10 12 10 12 10 12 1 10 12 1 10 12 1 10 12 10 12 1 10 12 1 10 12 1 10 12 1 10 12 1 10 12 1 10 12 1 10 12 1 10 12 1 10 12 1 10 12 1 7 1 10 12 1 9 7 12 1 1 1 9 7 1 9 12 1 1 7 1 7 1 7 1 7 1 1 1 1 5 0 1 1 1 1 1 1 1 1 1 1 1 1 1 1 1 1 1 1 1 1 1 1 1 1 1 1 1 1 1 1 1 1 1 1 1 1 1 1 1 1 1 1 1 1 1 1 1 1 1 1 1 1 1 1 1 1 1 1 1 1 1 100 1 1 1 1 1 7 1 1 1 1 1 1 1 1 1 1 1 1 1 1 1 1 1 1
staticfield java/lang/StringBuffer serialPersistentFields [Ljava/io/ObjectStreamField; 3 [Ljava/io/ObjectStreamField;
instanceKlass jdk/internal/loader/BuiltinClassLoader
instanceKlass java/net/URLClassLoader
ciInstanceKlass java/security/SecureClassLoader 1 1 102 10 7 12 1 1 1 7 1 10 12 1 9 7 12 1 1 1 10 12 1 10 12 1 10 12 1 1 10 12 1 1 10 12 1 7 1 10 7 1 10 12 1 7 1 10 12 1 11 7 12 1 1 1 7 1 11 12 1 10 12 1 1 1 1 1 1 1 1 1 1 1 1 1 1 1 1 1 1 1 1 1 1 1 1 1 1 1 1 1 1 1 1 1 1 1 1 100 1 1 1 1
ciInstanceKlass java/net/URLClassLoader 0 0 600 10 7 12 1 1 1 100 1 10 12 1 9 7 12 1 1 1 10 7 12 1 1 1 9 12 1 1 100 1 10 12 1 9 12 1 1 10 12 1 10 10 12 1 10 100 12 1 1 1 10 12 1 1 10 7 12 1 1 1 10 100 12 1 1 1 100 1 10 12 1 1 10 12 1 1 10 12 1 1 100 1 100 1 10 7 12 1 1 1 100 1 8 1 10 12 1 10 7 12 1 1 1 10 12 1 1 10 12 1 1 11 100 12 1 1 1 11 7 12 1 1 1 11 12 1 1 7 1 11 12 1 11 7 12 1 1 10 12 1 11 12 1 11 12 1 1 11 10 12 1 1 10 12 1 1 10 12 1 1 100 1 10 12 1 10 12 1 1 7 1 100 1 10 12 1 1 7 1 10 10 12 1 1 10 100 12 1 1 10 12 1 100 1 7 1 10 8 1 10 12 1 1 8 1 10 12 1 1 10 10 12 1 8 1 8 1 10 12 1 1 10 7 12 1 1 1 10 100 12 1 1 1 10 12 1 1 10 12 1 1 10 12 1 1 10 12 1 10 12 1 100 1 100 1 8 1 10 12 1 10 12 1 1 10 12 1 1 7 1 10 12 1 10 100 12 1 1 1 10 12 1 1 10 12 1 1 10 12 1 1 10 12 1 10 100 12 1 1 1 10 12 1 1 8 1 10 12 1 1 11 100 12 1 1 1 9 100 12 1 1 1 10 100 12 1 1 1 9 12 1 9 12 1 9 12 1 9 12 1 9 12 1 9 12 1 10 7 12 1 1 1 8 1 10 12 1 1 100 1 10 10 12 1 10 12 1 1 10 12 1 1 100 1 10 12 1 10 12 1 1 10 12 1 10 12 1 1 100 1 10 100 12 1 1 9 100 12 1 1 1 10 12 1 8 1 100 1 8 1 10 12 1 10 12 1 8 1 10 12 1 10 12 1 9 12 1 1 10 100 12 1 1 10 12 1 10 12 1 10 100 1 8 1 10 100 1 10 12 1 10 100 12 1 100 1 10 12 1 10 12 1 100 1 10 10 7 12 1 1 1 1 1 1 1 1 1 1 1 1 1 1 1 1 1 1 1 1 1 1 1 1 1 1 1 1 1 1 1 1 1 1 1 1 1 7 1 100 1 7 1 7 1 1 1 1 1 1 1 1 1 1 1 1 1 1 1 1 1 1 1 1 1 1 1 1 1 1 1 1 1 1 1 1 1 1 1 1 1 1 1 1 1 1 1 1 1 1 100 1 1 1 1 1 1 1 1 1 1 1 1 1 1 1 1 1 1 1 1 1 1 1 1 1 1 1 1 1 1 1 1 1 1 1 1 1 100 1 1 1
ciInstanceKlass java/util/jar/Manifest 0 0 339 10 7 12 1 1 1 100 1 10 9 7 12 1 1 1 100 1 10 9 12 1 1 9 12 1 1 10 12 1 10 12 1 1 10 12 1 1 10 12 1 1 10 12 1 1 11 7 1 11 12 1 1 10 12 1 1 10 100 12 1 1 1 100 1 7 1 10 8 1 10 12 1 1 10 12 1 1 10 12 1 10 12 1 11 100 1 10 12 1 10 12 1 1 11 12 1 1 10 12 1 11 12 1 1 11 100 12 1 1 1 11 7 12 1 1 11 12 1 1 100 1 10 12 1 8 1 11 12 1 7 1 10 12 1 1 11 12 1 10 12 1 10 12 1 10 7 12 1 1 1 8 1 10 12 1 1 10 9 100 12 1 1 1 10 12 1 1 10 100 12 1 10 12 1 10 12 1 9 100 12 1 1 1 8 1 10 12 1 8 1 8 1 100 1 10 12 1 10 12 1 10 12 1 1 100 1 8 1 10 12 1 1 8 1 10 10 12 1 1 8 1 10 12 1 1 10 7 12 1 1 1 10 12 1 10 11 12 1 1 10 12 1 10 100 12 1 1 1 10 12 1 1 10 12 1 10 12 1 1 11 10 12 1 11 10 12 1 7 1 1 1 1 1 1 1 1 1 1 1 1 1 1 1 1 1 1 1 1 1 1 1 1 1 1 1 1 1 1 1 1 1 1 1 1 1 1 1 1 1 1 1 100 1 1 1 1 1 1 1 1 1 1 1 1 1 1 7 1 1 1 1 1 1 1 1 1 1 1
ciInstanceKlass java/io/ByteArrayInputStream 1 1 117 10 7 12 1 1 1 9 7 12 1 1 1 9 12 1 1 9 12 1 9 12 1 10 100 12 1 1 1 10 7 12 1 1 1 10 7 12 1 1 1 10 100 12 1 1 1 10 12 1 1 3 10 100 1 10 100 12 1 1 1 9 12 1 1 100 1 10 10 7 12 1 1 1 1 1 1 1 1 1 1 1 1 1 1 1 1 1 1 1 1 1 1 1 1 1 1 1 1 1 1 1 100 1 1 1 1 1 1 1 1 1 1 1 1 1 1
staticfield java/io/ByteArrayInputStream $assertionsDisabled Z 1
instanceKlass java/nio/ShortBuffer
instanceKlass java/nio/IntBuffer
instanceKlass java/nio/LongBuffer
instanceKlass java/nio/CharBuffer
instanceKlass java/nio/ByteBuffer
ciInstanceKlass java/nio/Buffer 1 1 256 100 1 10 7 12 1 1 1 9 7 12 1 1 1 9 12 1 9 12 1 1 9 12 1 9 12 1 1 10 12 1 1 10 12 1 1 10 12 100 1 7 1 10 8 1 10 12 1 1 10 12 1 8 1 8 1 10 12 1 1 10 12 1 8 1 9 12 1 1 100 1 8 1 10 12 1 8 1 8 1 9 12 10 12 1 8 1 8 1 8 1 10 12 1 8 1 8 1 8 1 100 1 10 100 1 10 100 1 10 9 12 1 1 10 7 12 1 1 1 100 1 10 12 1 1 10 12 1 10 100 12 1 1 10 7 12 1 1 1 10 7 12 1 1 1 9 12 1 1 10 7 12 1 1 1 9 12 1 1 7 1 10 10 12 1 1 7 1 10 10 7 12 1 1 1 1 1 3 1 1 1 1 1 1 1 1 1 1 1 1 1 1 100 1 1 1 1 1 1 1 7 1 1 1 1 1 1 1 1 1 1 1 1 1 1 1 1 1 1 1 1 1 1 1 1 1 1 1 1 1 1 1 1 1 1 1 1 1 1 1 100 1 100 1 100 1 100 1 100 1 100 1 100 1 1
staticfield java/nio/Buffer UNSAFE Ljdk/internal/misc/Unsafe; jdk/internal/misc/Unsafe
staticfield java/nio/Buffer SCOPED_MEMORY_ACCESS Ljdk/internal/misc/ScopedMemoryAccess; jdk/internal/misc/ScopedMemoryAccess
staticfield java/nio/Buffer IOOBE_FORMATTER Ljava/util/function/BiFunction; jdk/internal/util/Preconditions$4
staticfield java/nio/Buffer $assertionsDisabled Z 1
ciInstanceKlass jdk/internal/util/Preconditions 1 1 194 10 7 12 1 1 1 11 7 12 1 1 1 11 7 12 1 1 1 7 1 100 1 10 7 12 1 1 1 10 12 1 8 1 7 1 10 7 12 1 1 1 10 12 1 1 8 1 8 1 10 7 12 1 1 7 1 10 12 1 8 1 10 7 12 1 1 1 8 1 10 12 1 1 10 12 1 1 11 12 1 8 1 8 1 11 12 1 1 8 1 8 1 8 1 10 12 1 1 10 12 1 1 10 12 1 10 12 1 10 12 1 10 12 7 1 10 10 12 1 1 9 12 1 1 7 1 10 9 12 1 7 1 10 9 12 1 1 1 1 1 1 1 1 1 1 1 1 1 1 1 1 1 1 1 1 1 1 1 1 1 1 1 1 1 1 1 1 1 1 1 1 1 1 1 1 1 1 1 1 1 1 1 1 1 1 1 1 1 1 1 1 1 1
staticfield jdk/internal/util/Preconditions SIOOBE_FORMATTER Ljava/util/function/BiFunction; jdk/internal/util/Preconditions$4
staticfield jdk/internal/util/Preconditions AIOOBE_FORMATTER Ljava/util/function/BiFunction; jdk/internal/util/Preconditions$4
staticfield jdk/internal/util/Preconditions IOOBE_FORMATTER Ljava/util/function/BiFunction; jdk/internal/util/Preconditions$4
ciInstanceKlass java/util/List 1 1 251 10 100 12 1 1 1 11 100 12 1 1 1 11 100 12 1 1 1 11 12 1 1 11 100 12 1 1 11 12 1 1 11 12 1 1 10 100 12 1 1 1 7 1 7 1 10 12 1 1 100 1 10 100 12 1 1 1 11 12 1 1 11 12 1 11 12 1 100 1 10 12 1 11 12 1 1 11 12 1 1 11 12 1 10 100 12 1 1 1 9 7 12 1 1 1 7 1 10 12 10 12 1 7 1 10 12 1 1 10 12 1 10 12 1 1 11 12 1 1 100 1 1 1 1 1 1 1 1 1 1 1 1 1 1 1 1 1 1 1 1 1 1 1 1 1 1 1 1 1 1 1 1 1 1 1 1 1 1 1 1 1 1 1 1 100 1 100 1 1 1 1 1 1 1 1 1 1 1 1 1 1 1 1 1 1 1 1 1 1 1 1 1 1 1 1 1 1 1 1 1 1 1 1 1 1 1 1 1 1 1 1 1 1 1 1 1 1 1 1 1 1 1 1 1 1 1 1 1 1 1 1 1 1 1 1 1 1 1 1 1 1 1 1 100 1 1 100 1 1 1
ciInstanceKlass java/util/SequencedCollection 1 1 109 100 1 10 12 1 1 11 7 12 1 1 1 11 7 12 1 1 1 11 12 1 1 11 12 1 7 1 7 1 1 1 1 1 1 1 1 1 1 1 1 1 1 1 1 1 1 1 1 1 1 1 1 1 1 1 1 1 100 1 8 1 1 12 10 1 1 1 8 1 1 1 8 1 1 1 8 1 1 1 8 1 1 8 1 1 1 8 1 1 8 1 1 1 8 1 1 8 1 1 1 8 1 1 8 1 1 8 1
ciInstanceKlass java/lang/Iterable 1 1 62 10 100 12 1 1 1 11 7 12 1 1 1 11 7 12 1 1 1 11 12 1 1 11 100 12 1 1 1 10 100 12 1 1 1 100 1 1 1 1 1 1 1 1 1 1 1 1 1 1 1 1 1 1 1 1 1 1 1 1 1 1
ciInstanceKlass java/util/RandomAccess 1 0 7 100 1 100 1 1 1
instanceKlass java/util/TreeMap$Values
instanceKlass java/util/HashMap$Values
instanceKlass com/intellij/util/containers/UnsafeWeakList
instanceKlass com/intellij/util/containers/ImmutableList
instanceKlass java/util/concurrent/ConcurrentLinkedDeque
instanceKlass java/util/LinkedHashMap$LinkedValues
instanceKlass it/unimi/dsi/fastutil/objects/AbstractObjectCollection
instanceKlass java/util/IdentityHashMap$Values
instanceKlass java/util/AbstractQueue
instanceKlass java/util/ArrayDeque
instanceKlass java/util/AbstractSet
instanceKlass java/util/ImmutableCollections$AbstractImmutableCollection
instanceKlass java/util/AbstractList
ciInstanceKlass java/util/AbstractCollection 1 1 160 10 7 12 1 1 1 10 7 12 1 1 1 10 12 1 1 11 7 12 1 1 1 11 12 1 1 10 12 1 1 10 100 12 1 1 1 10 12 1 1 10 12 1 1 10 7 12 1 1 10 7 12 1 1 1 7 1 10 7 12 1 1 1 10 100 12 1 1 1 100 1 10 11 12 1 11 7 1 10 12 1 10 12 1 10 100 12 1 1 1 11 8 1 7 1 10 10 12 1 1 8 1 10 12 1 10 12 1 1 1 1 1 1 1 1 1 1 1 1 1 1 1 1 1 1 1 1 1 1 1 1 1 1 1 1 1 1 1 1 1 1 1 1 1 1 1 1 1 1 1 1 1 1 1 1 1 1 1 1
instanceKlass java/util/Collections$SingletonList
instanceKlass sun/security/jca/ProviderList$ServiceList
instanceKlass kotlin/collections/AbstractMutableList
instanceKlass com/intellij/util/SmartList
instanceKlass com/intellij/util/containers/DisposableWrapperList
instanceKlass java/util/AbstractSequentialList
instanceKlass sun/security/jca/ProviderList$3
instanceKlass java/util/Vector
instanceKlass java/util/Arrays$ArrayList
instanceKlass java/util/ArrayList$SubList
instanceKlass java/util/Collections$EmptyList
instanceKlass java/util/ArrayList
ciInstanceKlass java/util/AbstractList 1 1 218 10 7 12 1 1 1 9 7 12 1 1 1 10 12 1 1 10 12 1 1 100 1 10 10 12 1 1 11 100 12 1 1 1 11 12 1 1 11 12 1 10 7 12 1 1 1 10 12 1 11 12 1 11 12 1 11 12 1 10 12 1 1 10 12 1 1 11 7 12 1 1 1 11 7 1 11 7 1 10 12 1 100 1 10 12 1 10 12 1 1 7 1 100 1 10 12 1 100 1 10 100 1 7 1 10 8 1 10 12 1 1 10 12 1 10 12 1 1 10 12 1 8 1 100 1 8 1 8 1 8 1 10 7 1 11 10 10 12 1 11 12 1 10 12 1 1 8 1 8 1 1 1 1 1 1 1 1 1 1 1 1 1 1 1 1 1 1 1 1 1 1 1 1 1 1 1 1 1 1 1 1 1 1 1 1 1 1 1 1 1 1 1 1 1 1 1 1 1 1 1 1 1 1 1 1 1 1 100 1 100 1 1 1 1 1 1 1
ciInstanceKlass java/lang/AssertionStatusDirectives 0 0 24 10 100 12 1 1 1 100 1 1 1 1 1 1 1 1 1 1 1 1 1 1 1 1
instanceKlass fleet/kernel/DispatchChannelOverflowException
instanceKlass com/intellij/diagnostic/PluginException
instanceKlass java/lang/invoke/WrongMethodTypeException
instanceKlass java/util/ConcurrentModificationException
instanceKlass com/jetbrains/rhizomedb/EntityAttributeIsNotInitialized
instanceKlass java/util/MissingResourceException
instanceKlass com/intellij/openapi/application/impl/InvocationUtil$InternalAPIChangedException
instanceKlass com/intellij/util/lang/CompoundRuntimeException
instanceKlass java/util/EmptyStackException
instanceKlass kotlinx/coroutines/internal/UndeliveredElementException
instanceKlass com/jetbrains/rhizomedb/OutOfDbContext
instanceKlass com/jetbrains/rhizomedb/OutOfMutableDbContext
instanceKlass com/jetbrains/rhizomedb/TxValidationException
instanceKlass com/jetbrains/rhizomedb/EntityDoesNotExistException
instanceKlass java/security/ProviderException
instanceKlass com/intellij/util/IncorrectOperationException
instanceKlass com/fasterxml/aalto/UncheckedStreamException
instanceKlass java/util/concurrent/RejectedExecutionException
instanceKlass java/lang/SecurityException
instanceKlass kotlin/KotlinNothingValueException
instanceKlass kotlin/NoWhenBranchMatchedException
instanceKlass java/util/NoSuchElementException
instanceKlass java/lang/IndexOutOfBoundsException
instanceKlass kotlin/UninitializedPropertyAccessException
instanceKlass java/lang/UnsupportedOperationException
instanceKlass com/intellij/util/lang/MissingIkvException
instanceKlass java/io/UncheckedIOException
instanceKlass java/lang/IllegalStateException
instanceKlass java/lang/IllegalArgumentException
instanceKlass java/lang/ArithmeticException
instanceKlass java/lang/NullPointerException
instanceKlass java/lang/IllegalMonitorStateException
instanceKlass java/lang/ArrayStoreException
instanceKlass java/lang/ClassCastException
ciInstanceKlass java/lang/RuntimeException 1 1 40 10 7 12 1 1 1 10 12 1 10 12 1 10 12 1 10 12 1 100 1 1 1 1 5 0 1 1 1 1 1 1 1 1 1 1 1 1 1 1
instanceKlass jdk/net/UnixDomainPrincipal
instanceKlass jdk/internal/misc/ThreadTracker$ThreadRef
instanceKlass java/util/stream/Collectors$CollectorImpl
instanceKlass java/io/IoOverNioFileSystem$StreamInitializationBundle
instanceKlass com/intellij/ide/CliResult
instanceKlass java/nio/DirectByteBuffer$Deallocator
instanceKlass java/security/SecureClassLoader$CodeSourceKey
instanceKlass jdk/internal/reflect/ReflectionFactory$Config
instanceKlass jdk/internal/foreign/abi/UpcallLinker$CallRegs
instanceKlass jdk/internal/foreign/abi/VMStorage
ciInstanceKlass java/lang/Record 1 1 22 10 7 12 1 1 1 100 1 1 1 1 1 1 1 1 1 1 1 1 1 1
ciInstanceKlass java/lang/invoke/MethodType 1 1 780 7 1 10 7 12 1 1 1 9 12 1 1 9 12 1 1 9 12 1 1 10 7 12 1 1 1 9 7 12 1 1 8 1 10 100 12 1 1 1 9 7 1 9 7 1 10 12 1 1 7 1 10 8 1 10 12 1 1 10 12 1 10 12 1 1 7 1 8 1 10 12 1 100 1 10 10 12 1 10 12 1 1 10 12 1 1 11 7 12 1 1 1 9 12 1 11 12 1 1 7 10 12 1 1 10 12 1 1 7 1 7 1 10 7 12 1 1 1 10 12 1 10 12 1 9 12 1 1 10 7 12 1 1 10 12 1 1 10 7 12 1 1 1 10 7 12 1 1 1 10 12 1 9 12 1 1 10 12 1 1 10 12 1 1 10 12 1 1 10 12 1 1 10 12 1 1 10 12 1 10 12 1 10 12 1 1 10 12 1 8 1 8 1 10 12 1 1 9 12 1 1 100 1 10 10 12 1 1 10 12 1 10 12 1 1 10 12 1 1 10 12 1 10 12 1 10 12 1 8 1 10 12 1 1 10 100 12 1 1 1 10 12 1 10 12 1 1 10 12 1 10 12 1 10 12 1 1 10 12 1 10 12 1 9 12 1 10 12 1 10 10 12 1 1 10 12 1 9 12 1 1 10 12 1 1 11 12 1 1 10 12 1 1 10 12 1 10 12 1 100 1 8 1 8 1 8 1 10 12 1 10 12 1 10 12 1 1 10 10 12 1 11 12 1 1 11 12 1 10 100 12 1 1 1 9 12 1 10 12 1 10 12 1 1 10 12 1 1 10 12 1 10 12 1 10 100 12 1 1 1 10 12 1 1 10 12 1 10 12 1 10 12 1 10 9 12 1 1 7 1 10 12 1 10 12 1 1 9 100 12 1 1 1 10 7 12 1 1 1 10 7 12 1 1 1 10 12 1 1 10 7 12 1 1 1 10 12 1 1 8 1 10 7 12 1 1 1 11 12 1 1 9 12 1 1 10 12 1 1 10 12 1 10 12 1 1 10 12 1 1 10 100 12 1 1 100 1 10 12 1 1 11 100 12 1 1 18 12 1 1 11 12 1 1 18 12 1 11 12 1 100 1 11 100 12 1 1 10 12 1 100 1 10 12 1 10 100 12 1 1 10 12 1 1 9 12 1 1 9 100 12 1 1 1 10 7 12 1 1 1 9 12 1 10 100 12 1 1 10 12 1 100 10 12 1 1 10 12 1 7 1 10 10 12 1 1 7 1 7 1 9 12 1 1 7 1 7 1 7 1 1 1 5 0 1 1 1 1 1 1 1 3 1 3 1 3 1 1 1 1 1 1 1 1 1 1 1 1 1 1 1 1 1 1 1 1 1 1 1 1 1 1 1 1 1 1 1 1 1 1 1 1 1 1 1 1 1 1 1 1 1 1 1 1 1 1 1 1 1 1 1 1 1 1 1 1 1 1 1 1 1 1 1 1 1 1 1 1 1 1 1 1 1 1 1 1 1 1 1 1 1 1 1 1 1 1 1 1 1 1 1 1 1 1 1 1 1 1 1 1 1 1 1 1 1 1 1 1 1 1 1 1 1 1 1 1 1 1 1 1 1 1 1 1 1 1 100 1 100 1 1 1 1 1 1 1 1 1 1 1 1 1 100 1 1 1 7 1 1 1 1 1 1 1 1 1 1 1 1 1 1 1 1 1 1 1 1 1 1 16 15 10 12 16 16 15 10 12 16 15 10 100 12 1 1 1 1 1 7 1 1 7 1 1 100 1 100 1 1
staticfield java/lang/invoke/MethodType internTable Ljdk/internal/util/ReferencedKeySet; jdk/internal/util/ReferencedKeySet
staticfield java/lang/invoke/MethodType NO_PTYPES [Ljava/lang/Class; 0 [Ljava/lang/Class;
staticfield java/lang/invoke/MethodType objectOnlyTypes [Ljava/lang/invoke/MethodType; 20 [Ljava/lang/invoke/MethodType;
staticfield java/lang/invoke/MethodType METHOD_HANDLE_ARRAY [Ljava/lang/Class; 1 [Ljava/lang/Class;
staticfield java/lang/invoke/MethodType serialPersistentFields [Ljava/io/ObjectStreamField; 0 [Ljava/io/ObjectStreamField;
staticfield java/lang/invoke/MethodType $assertionsDisabled Z 1
ciInstanceKlass java/lang/invoke/TypeDescriptor$OfMethod 1 0 43 100 1 100 1 100 1 1 1 1 1 1 1 1 1 1 1 1 1 1 1 1 1 1 1 1 1 1 1 1 1 1 1 1 1 1 1 1 1 1 100 1 1
instanceKlass java/lang/InstantiationException
instanceKlass java/lang/IllegalAccessException
instanceKlass java/lang/reflect/InvocationTargetException
instanceKlass java/lang/NoSuchFieldException
instanceKlass java/lang/NoSuchMethodException
instanceKlass java/lang/ClassNotFoundException
ciInstanceKlass java/lang/ReflectiveOperationException 1 1 34 10 7 12 1 1 1 10 12 1 10 12 1 10 12 1 100 1 1 1 1 5 0 1 1 1 1 1 1 1 1 1 1 1
instanceKlass java/lang/invoke/DelegatingMethodHandle
instanceKlass java/lang/invoke/BoundMethodHandle
instanceKlass java/lang/invoke/DirectMethodHandle
ciInstanceKlass java/lang/invoke/MethodHandle 1 1 733 100 1 9 7 12 1 1 1 10 7 12 1 1 1 10 7 12 1 1 1 7 1 7 1 10 12 1 1 9 12 1 1 10 12 1 10 12 1 1 10 12 1 1 10 7 12 1 1 1 10 12 1 1 10 12 1 1 11 7 12 1 1 1 10 12 1 1 10 12 1 10 12 1 10 12 1 1 9 12 1 1 9 12 1 1 10 7 12 1 1 1 10 12 1 1 10 12 1 10 12 1 100 1 7 1 10 8 1 10 12 1 1 10 12 1 8 1 10 12 1 1 10 12 1 10 7 12 1 1 1 10 12 1 1 10 12 1 1 10 12 1 1 10 7 12 1 1 1 10 12 1 1 10 12 1 1 10 12 1 10 12 1 1 10 7 12 1 1 10 7 12 1 1 10 12 1 10 12 1 10 12 1 1 10 12 1 1 10 12 1 1 10 12 1 1 10 7 12 1 1 1 10 7 12 1 1 1 10 12 1 1 10 12 1 1 10 12 1 1 8 1 10 7 12 1 1 1 8 1 10 12 1 10 12 1 1 10 12 1 1 10 12 1 8 1 10 12 1 1 8 1 10 12 1 8 1 10 7 12 1 1 1 9 12 1 1 100 1 10 9 7 12 1 1 1 9 7 1 8 1 10 12 1 1 10 12 1 10 12 1 1 10 12 1 10 12 1 1 10 12 1 10 12 1 1 10 12 1 10 12 1 1 10 12 1 1 8 1 10 12 1 1 8 1 10 12 1 10 12 1 1 10 12 1 10 12 1 10 12 1 1 9 100 12 1 1 1 10 12 1 1 11 12 1 10 12 1 10 12 1 1 10 100 12 1 1 100 1 11 12 1 10 100 1 11 12 1 7 1 10 12 1 11 12 1 9 100 12 1 1 1 11 12 1 1 11 100 12 1 1 1 10 12 1 1 9 12 1 11 12 1 9 12 1 9 12 1 9 12 1 11 12 1 1 9 12 1 9 12 1 9 12 1 9 12 1 9 12 1 9 12 1 9 12 1 8 1 10 12 1 10 12 1 8 1 10 12 1 10 12 1 10 12 1 1 10 10 10 7 12 1 1 10 12 1 1 100 1 100 1 8 1 8 1 10 10 12 1 1 10 12 1 10 12 1 7 1 10 100 12 1 1 1 10 9 7 12 1 1 1 10 12 1 1 10 12 1 1 8 1 8 1 10 7 12 1 1 9 12 1 9 12 1 1 9 12 1 1 10 12 1 7 1 10 12 1 10 12 1 1 9 12 1 1 9 12 1 1 10 7 12 1 1 1 11 7 12 1 1 9 12 1 10 12 1 1 9 12 1 10 12 1 8 10 12 1 1 8 1 1 1 1 1 1 1 1 7 1 1 1 1 1 1 1 1 1 1 1 1 1 1 1 1 1 1 1 1 1 1 1 1 1 1 1 1 1 1 100 1 1 1 1 1 1 1 1 1 1 1 1 1 1 1 1 1 1 1 1 1 1 1 1 1 1 1 1 1 1 1 1 1 1 1 1 1 1 1 1 1 1 1 1 1 1 1 1 1 1 1 1 1 1 1 1 1 1 1 1 1 1 1 1 1 1 1 1 1 1 1 1 1 1 1 1 1 1 1 1 1 1 1 1 1 1 100 1 1 100 1 7 1 100 1 1 100 1 1 100 1 1 1 1
staticfield java/lang/invoke/MethodHandle FORM_OFFSET J 20
staticfield java/lang/invoke/MethodHandle UPDATE_OFFSET J 13
staticfield java/lang/invoke/MethodHandle $assertionsDisabled Z 1
ciInstanceKlass java/util/concurrent/ConcurrentHashMap 1 1 1210 7 1 7 1 3 10 12 1 1 3 7 1 10 7 12 1 1 1 7 1 10 7 12 1 1 1 100 1 11 12 1 1 11 12 1 11 12 1 1 9 12 1 1 9 12 1 1 9 12 1 10 7 12 1 1 1 7 1 10 12 1 1 10 12 1 1 10 7 12 1 1 1 4 10 12 1 9 12 1 10 12 1 1 100 1 10 5 0 10 12 1 10 12 1 1 5 0 10 12 1 1 10 12 1 9 12 1 1 10 12 1 1 9 12 1 9 12 1 1 10 12 1 1 9 12 1 10 12 1 1 9 12 1 1 10 12 1 1 100 1 10 100 1 10 12 1 10 12 1 1 10 12 1 1 10 12 1 1 10 12 1 10 12 1 1 10 12 1 1 100 1 10 12 1 1 7 1 100 1 8 1 10 12 1 10 12 1 1 10 12 1 1 11 7 12 1 1 10 12 1 1 11 12 1 1 11 7 12 1 1 1 11 7 12 1 1 1 11 12 1 7 1 11 12 1 11 12 1 10 12 1 1 10 12 1 1 9 12 1 1 10 100 12 1 1 1 9 10 12 1 1 9 12 1 10 12 1 1 5 0 9 12 1 1 7 1 10 12 1 9 12 1 1 7 1 10 12 1 9 12 1 7 1 10 7 1 10 10 12 1 1 8 1 10 12 1 10 12 1 1 11 100 1 10 12 1 10 100 12 1 1 1 8 1 10 100 12 1 1 1 8 1 10 12 1 8 1 10 12 1 10 12 1 1 10 100 12 1 1 10 12 1 10 12 1 10 12 1 9 12 1 9 10 12 1 9 12 1 1 11 100 12 1 1 1 11 7 12 1 1 1 100 1 10 12 11 100 12 1 1 10 11 7 12 1 10 12 1 100 1 10 12 1 100 1 10 10 9 7 12 1 1 1 10 12 3 10 7 12 1 1 9 12 1 10 12 1 1 9 12 1 1 9 12 1 10 12 1 1 10 100 12 1 1 9 12 1 9 7 12 1 1 10 12 1 1 10 12 1 3 9 12 1 9 12 1 10 12 1 1 7 1 9 3 9 12 1 7 1 10 12 1 9 12 1 10 12 1 9 12 1 10 12 1 9 12 1 10 100 12 1 1 1 100 10 12 1 7 1 5 0 10 100 12 1 1 100 1 10 12 1 1 10 12 1 10 12 1 100 1 10 12 1 10 100 1 100 1 10 10 12 1 10 100 1 10 12 1 10 100 1 10 12 1 10 7 1 10 12 1 1 100 1 10 12 1 10 10 12 1 100 1 10 12 1 10 10 12 1 100 1 10 12 1 10 100 1 10 12 1 10 100 1 10 12 1 10 100 1 10 12 1 10 100 1 10 12 1 10 100 1 10 12 1 10 100 1 10 12 1 10 100 1 10 12 1 10 100 1 10 10 100 1 10 10 100 1 10 10 100 1 10 12 1 10 100 1 10 12 1 10 100 1 10 12 1 10 100 1 10 12 1 10 100 1 10 12 1 10 100 1 10 10 100 1 10 10 100 1 10 10 100 1 10 12 1 10 100 1 10 12 1 10 100 1 10 12 1 10 100 1 10 12 1 10 100 1 10 12 1 10 10 12 1 10 7 12 1 1 1 10 12 1 7 1 7 1 10 12 1 9 12 1 1 9 12 1 1 10 12 1 1 8 10 12 1 1 8 8 8 8 7 10 12 1 1 10 12 1 100 1 8 1 10 7 1 7 1 7 1 1 1 5 0 1 1 3 1 3 1 1 1 1 3 1 3 1 3 1 1 1 1 1 3 1 3 1 3 1 1 1 1 1 1 1 1 1 1 1 1 1 1 1 1 1 1 1 1 1 1 1 1 1 100 1 1 1 1 1 1 1 1 1 1 1 1 1 1 1 1 1 1 1 1 1 1 1 1 1 1 1 1 1 1 1 1 1 1 1 1 1 1 1 1 1 1 1 1 1 1 1 1 1 1 1 1 1 1 1 1 1 1 1 1 1 1 1 1 1 1 1 1 1 1 1 1 1 1 1 1 1 1 1 1 1 1 1 1 100 1 1 1 1 1 1 1 1 1 1 1 7 1 1 1 1 1 1 1 1 1 1 1 1 1 1 1 1 1 1 1 1 1 1 1 1 1 1 1 1 1 1 1 1 1 1 1 1 1 1 1 1 1 1 1 1 1 1 1 1 1 1 1 1 1 1 1 1 1 1 1 1 1 1 1 1 1 1 1 1 1 1 1 1 1 1 1 1 1 1 1 1 1 1 1 1 1 1 1 1 1 1 1 1 1 1 1 1 1 1 1 1 1 1 1 1 1 1 1 1 1 1 1 1 1 1 1 1 1 1 1 1 1 1 1 1 1 1 1 1 1 1 1 1 1 1 1 1 1 1 1 1 1 1 1 1 1 1 1 1 1 1 1 1 1 1 1 1 1 1 1 1 1 1 1 1 1 1 1 1 1 1 1 1 1 1 1 1 1 1 1 1 1 1 1 1 1 1 1 1 1 1 1 1 1 1 1 1 1 1 1 1 1 1 1 1 1 1 1 1 1 1 1 1 1 1 1 1 1 1 1 1 1 1 1 100 1 100 1 100 1 100 1 100 1 100 1 100 1 100 1 100 1 1 1 1 1 1 1 1 1 1 1 1 1 1 1 1 1 1 1 1 1 1 1 1 1 1 1 1 1 1 1 1 1 1 1 1 1 1 1 1 1 1 1 1 1 1 1 1 1 1 1 1 1 1 1 1 1 1
staticfield java/util/concurrent/ConcurrentHashMap NCPU I 8
staticfield java/util/concurrent/ConcurrentHashMap serialPersistentFields [Ljava/io/ObjectStreamField; 3 [Ljava/io/ObjectStreamField;
staticfield java/util/concurrent/ConcurrentHashMap U Ljdk/internal/misc/Unsafe; jdk/internal/misc/Unsafe
staticfield java/util/concurrent/ConcurrentHashMap SIZECTL J 20
staticfield java/util/concurrent/ConcurrentHashMap TRANSFERINDEX J 32
staticfield java/util/concurrent/ConcurrentHashMap BASECOUNT J 24
staticfield java/util/concurrent/ConcurrentHashMap CELLSBUSY J 36
staticfield java/util/concurrent/ConcurrentHashMap CELLVALUE J 144
staticfield java/util/concurrent/ConcurrentHashMap ABASE I 16
staticfield java/util/concurrent/ConcurrentHashMap ASHIFT I 2
instanceKlass sun/util/PreHashedMap
instanceKlass com/intellij/util/containers/ConcurrentRefHashMap
instanceKlass kotlin/collections/AbstractMutableMap
instanceKlass java/util/concurrent/ConcurrentSkipListMap
instanceKlass sun/awt/SoftCache
instanceKlass com/intellij/util/containers/RefHashMap
instanceKlass java/util/Collections$SingletonMap
instanceKlass java/util/EnumMap
instanceKlass java/util/TreeMap
instanceKlass java/util/IdentityHashMap
instanceKlass java/util/WeakHashMap
instanceKlass java/util/Collections$EmptyMap
instanceKlass java/util/HashMap
instanceKlass java/util/ImmutableCollections$AbstractImmutableMap
instanceKlass java/util/concurrent/ConcurrentHashMap
ciInstanceKlass java/util/AbstractMap 1 1 196 10 7 12 1 1 1 10 7 12 1 1 1 11 7 12 1 1 1 10 11 12 1 1 11 7 12 1 1 1 11 12 1 1 7 1 11 12 1 10 12 1 1 11 12 1 100 1 10 11 12 1 11 7 1 10 12 1 1 11 12 1 9 12 1 1 7 1 10 12 1 9 12 1 1 100 1 10 11 11 12 1 1 11 12 1 7 1 100 1 11 12 1 8 1 7 1 10 10 12 1 1 8 1 10 12 1 10 12 1 1 10 12 1 1 1 1 1 1 1 1 1 1 1 1 1 1 1 1 1 1 1 1 1 1 1 1 1 1 1 1 1 1 1 1 1 1 1 1 1 1 1 1 7 1 1 1 1 1 1 1 7 1 1 1 1 1 1 1 1 1 100 1 1 1 1 1 1 1 1 1 100 1 100 1 100 1 100 1 100 1 1 1 1 1 1
ciInstanceKlass java/util/concurrent/ConcurrentMap 1 1 208 11 7 12 1 1 1 10 7 12 1 1 11 12 1 1 11 100 12 1 1 1 11 7 12 1 1 1 11 12 1 1 100 1 11 12 1 11 12 1 100 1 11 100 12 1 1 1 18 12 1 11 12 1 1 11 7 12 1 1 11 12 1 1 11 100 12 1 11 12 1 1 11 12 1 1 7 1 7 1 1 1 1 1 1 1 1 1 1 1 1 1 1 1 1 1 1 1 1 1 1 1 1 1 1 1 1 1 1 1 1 1 1 1 1 1 1 1 1 1 1 1 1 1 1 1 1 1 1 1 1 1 1 1 1 1 1 1 1 16 15 11 12 15 10 100 12 1 1 1 1 1 100 1 100 1 1 1 100 1 8 1 1 12 10 1 1 1 8 1 1 1 8 1 1 8 1 1 1 8 1 1 1 8 1 1 1 8 1 1 1 8 1 1 1 8 1 1 1 8 1 1 1 8 1 1 8 1
ciInstanceKlass jdk/internal/loader/ClassLoaders 1 1 183 10 7 12 1 1 1 10 7 12 1 1 1 10 12 1 1 10 100 12 1 1 1 9 7 12 1 1 1 9 12 1 1 9 12 1 1 7 1 11 100 12 1 1 1 100 1 11 12 1 1 11 12 1 1 10 100 12 1 1 1 10 100 12 1 1 1 100 1 100 1 10 7 12 1 1 1 9 12 1 1 10 12 1 1 7 1 10 12 1 1 10 12 1 7 1 8 1 10 7 12 1 1 1 10 12 1 1 7 1 10 12 1 10 12 1 10 12 1 8 1 10 7 12 1 1 8 1 8 1 10 12 1 7 1 10 12 1 10 12 1 10 12 1 1 1 1 1 1 1 1 1 1 1 1 1 1 1 1 1 1 1 1 7 1 1 1 1 1 1 1 1 1 1 1 1 1 1 1 1 1 1 1
staticfield jdk/internal/loader/ClassLoaders JLA Ljdk/internal/access/JavaLangAccess; java/lang/System$2
staticfield jdk/internal/loader/ClassLoaders BOOT_LOADER Ljdk/internal/loader/ClassLoaders$BootClassLoader; jdk/internal/loader/ClassLoaders$BootClassLoader
staticfield jdk/internal/loader/ClassLoaders PLATFORM_LOADER Ljdk/internal/loader/ClassLoaders$PlatformClassLoader; jdk/internal/loader/ClassLoaders$PlatformClassLoader
staticfield jdk/internal/loader/ClassLoaders APP_LOADER Ljdk/internal/loader/ClassLoaders$AppClassLoader; jdk/internal/loader/ClassLoaders$AppClassLoader
instanceKlass jdk/internal/loader/ClassLoaders$BootClassLoader
instanceKlass jdk/internal/loader/ClassLoaders$PlatformClassLoader
instanceKlass jdk/internal/loader/ClassLoaders$AppClassLoader
ciInstanceKlass jdk/internal/loader/BuiltinClassLoader 1 1 757 9 7 12 1 1 1 10 7 12 1 1 1 10 7 12 1 1 1 9 12 1 1 9 12 1 1 7 1 10 12 1 9 12 1 10 12 1 9 12 1 10 7 12 1 1 1 10 7 12 1 1 1 10 7 12 1 1 1 11 7 12 1 1 1 7 1 7 1 10 10 12 1 1 8 1 10 12 1 10 12 7 1 10 12 1 10 12 1 1 11 7 12 1 1 1 11 7 12 1 1 1 11 12 1 1 7 1 8 1 8 1 10 9 12 1 1 10 7 12 1 1 11 12 1 1 10 12 1 1 10 12 1 1 10 12 1 1 10 7 12 1 1 1 10 12 1 10 7 12 1 1 1 10 12 1 1 11 7 12 1 1 1 10 7 12 1 1 7 1 10 7 12 1 1 1 10 12 1 100 1 8 1 10 12 1 1 10 8 1 10 12 1 1 10 12 1 1 10 12 1 1 11 7 12 1 1 11 12 1 7 1 10 11 12 1 1 11 10 12 1 1 7 1 10 12 1 10 7 12 1 10 12 1 7 1 10 12 1 10 7 12 1 1 1 100 1 10 12 1 1 11 12 1 7 1 100 1 10 12 1 10 12 1 1 100 1 100 1 10 12 1 10 12 1 18 12 1 1 10 12 1 10 12 1 1 18 100 1 10 7 12 1 1 1 7 1 10 10 12 1 1 10 12 1 1 10 12 1 1 10 12 1 9 12 1 1 100 1 10 10 12 1 1 10 12 1 1 10 12 1 10 12 10 12 1 1 10 12 1 1 10 12 1 1 10 12 1 10 7 12 1 1 1 10 12 1 1 10 7 12 1 1 18 12 1 7 1 7 1 10 12 1 1 10 12 1 1 10 12 1 10 12 1 1 10 12 1 100 1 10 12 1 7 1 10 12 1 10 7 12 1 1 1 10 12 1 11 12 1 7 1 10 12 1 7 1 100 1 10 12 1 10 12 1 11 12 1 1 10 12 1 1 10 12 1 1 10 12 1 1 10 12 1 1 10 12 1 10 12 1 10 12 1 10 12 1 8 1 10 12 1 1 10 7 12 1 1 10 12 1 100 1 8 1 8 1 10 10 12 1 8 1 8 1 10 100 12 1 1 1 11 100 12 1 1 1 9 100 12 1 1 1 10 100 12 1 1 1 9 12 1 9 12 1 9 12 1 9 12 1 9 12 1 9 12 1 10 7 12 1 1 1 8 1 10 12 1 7 1 10 12 1 1 10 12 1 7 1 10 11 12 1 1 10 12 10 12 1 10 12 1 100 1 10 12 1 10 12 1 10 10 12 1 10 7 12 1 1 8 1 10 7 12 1 1 10 12 1 1 1 1 1 1 1 1 1 1 1 1 1 1 1 1 1 1 1 1 1 1 1 1 1 1 1 1 1 1 1 1 1 1 1 1 1 1 1 1 1 1 1 1 1 1 1 1 1 1 1 1 1 1 1 1 7 1 1 1 1 1 1 1 1 1 1 1 1 1 1 1 1 1 1 7 1 1 1 1 1 1 100 1 1 1 1 1 1 1 1 1 1 1 1 1 1 1 1 1 1 1 1 1 1 1 1 1 1 1 1 1 1 1 1 1 1 1 1 1 1 1 1 1 1 1 1 1 1 1 1 100 1 1 16 15 10 12 16 15 10 12 16 15 10 12 16 1 15 10 100 12 1 1 1 1 1 1 100 1 1 1 1 1 100 1 100 1 1
staticfield jdk/internal/loader/BuiltinClassLoader packageToModule Ljava/util/Map; java/util/concurrent/ConcurrentHashMap
staticfield jdk/internal/loader/BuiltinClassLoader $assertionsDisabled Z 1
ciInstanceKlass jdk/internal/loader/ClassLoaders$AppClassLoader 1 1 119 8 1 10 7 12 1 1 1 10 7 12 1 1 1 10 7 12 1 1 1 10 12 1 1 10 7 12 1 1 1 10 12 1 1 10 12 1 1 7 1 8 1 10 12 10 7 12 1 1 1 10 7 12 1 1 10 12 1 1 10 12 1 1 10 7 12 1 1 1 7 1 10 12 1 1 1 1 1 1 1 1 1 1 1 1 1 1 1 1 1 1 1 1 1 7 1 1 1 1 1 1 1 1 1 1 1 1 1 1 1 1 1 1 1 7 1 1 1
ciInstanceKlass jdk/internal/loader/ClassLoaders$PlatformClassLoader 1 1 42 8 1 10 7 12 1 1 1 10 7 12 1 1 1 7 1 10 12 1 7 1 1 1 1 1 1 1 1 1 1 1 1 1 1 7 1 1 1 100 1 1
ciInstanceKlass java/lang/ArithmeticException 1 1 26 10 100 12 1 1 1 10 12 1 100 1 1 1 1 5 0 1 1 1 1 1 1 1 1 1
ciInstanceKlass java/lang/ArrayStoreException 1 1 26 10 100 12 1 1 1 10 12 1 100 1 1 1 1 5 0 1 1 1 1 1 1 1 1 1
ciInstanceKlass java/lang/ClassCastException 1 1 26 10 100 12 1 1 1 10 12 1 100 1 1 1 1 5 0 1 1 1 1 1 1 1 1 1
ciInstanceKlass java/lang/ClassNotFoundException 1 1 96 7 1 10 7 12 1 1 1 10 12 1 10 12 1 1 10 100 12 1 1 1 8 1 10 100 12 1 1 1 10 7 12 1 1 10 100 12 1 1 1 10 100 12 1 1 1 10 12 1 1 7 1 10 12 1 9 12 1 1 1 1 1 5 0 1 1 1 1 1 1 1 1 1 1 1 1 1 1 1 1 1 1 100 1 1 1 1 1 1 1 1 1 1 1 1
staticfield java/lang/ClassNotFoundException serialPersistentFields [Ljava/io/ObjectStreamField; 1 [Ljava/io/ObjectStreamField;
ciInstanceKlass java/lang/IllegalMonitorStateException 1 1 26 10 100 12 1 1 1 10 12 1 100 1 1 1 1 5 0 1 1 1 1 1 1 1 1 1
instanceKlass java/lang/IncompatibleClassChangeError
instanceKlass java/lang/BootstrapMethodError
instanceKlass java/lang/NoClassDefFoundError
ciInstanceKlass java/lang/LinkageError 1 1 31 10 7 12 1 1 1 10 12 1 10 12 1 100 1 1 1 1 5 0 1 1 1 1 1 1 1 1 1 1 1
ciInstanceKlass java/lang/BootstrapMethodError 0 0 45 10 100 12 1 1 1 10 12 1 10 12 1 10 100 12 1 1 1 10 100 12 1 1 1 1 1 1 5 0 1 1 1 1 1 1 1 1 1 1 1 100 1 1 1
instanceKlass kotlin/KotlinNullPointerException
ciInstanceKlass java/lang/NullPointerException 1 1 52 10 100 12 1 1 1 10 12 1 9 100 12 1 1 1 10 12 1 1 9 12 1 1 10 12 1 1 10 12 1 1 1 1 5 0 1 1 1 1 1 1 1 1 100 1 100 1 100 1 1 1
ciInstanceKlass java/lang/NoClassDefFoundError 0 0 26 10 100 12 1 1 1 10 12 1 100 1 1 1 1 5 0 1 1 1 1 1 1 1 1 1
ciInstanceKlass java/lang/StackOverflowError 1 1 26 10 100 12 1 1 1 10 12 1 100 1 1 1 1 5 0 1 1 1 1 1 1 1 1 1
ciInstanceKlass java/lang/StackTraceElement 1 1 235 10 7 12 1 1 1 10 7 12 1 1 9 12 1 1 9 12 1 1 9 12 1 9 12 1 8 1 10 7 12 1 1 1 7 1 9 12 1 8 1 9 12 1 9 12 1 9 12 1 1 10 12 1 1 10 12 1 8 1 10 7 12 1 1 1 7 1 10 12 1 10 12 1 1 10 12 1 10 12 1 1 10 12 1 10 12 1 10 10 12 1 8 1 10 12 1 10 12 1 1 10 12 1 1 10 12 1 10 12 1 10 12 1 9 12 1 1 10 7 12 1 1 1 10 12 1 1 7 1 10 12 1 1 10 7 12 1 1 10 7 12 1 1 1 10 7 12 1 1 10 7 12 1 1 10 10 12 1 1 10 12 1 1 10 12 1 1 10 12 1 7 1 1 1 1 1 1 1 3 1 3 1 1 5 0 1 1 1 1 1 1 1 1 1 1 1 1 1 1 1 1 1 1 1 1 1 1 1 1 1 1 1 1 1 7 1 7 1 1 1 1 1 1 1 100 1 1 1 1 1 1 1 1 1
instanceKlass java/util/concurrent/locks/AbstractQueuedSynchronizer
ciInstanceKlass java/util/concurrent/locks/AbstractOwnableSynchronizer 1 1 32 10 7 12 1 1 1 9 7 12 1 1 1 100 1 1 1 1 5 0 1 1 1 1 1 1 1 1 1 1 1 1
ciInstanceKlass jdk/internal/vm/Continuation 0 0 549 9 100 12 1 1 1 9 12 1 9 12 1 100 1 7 1 10 12 1 1 8 1 10 12 1 1 10 12 1 10 12 1 1 10 12 1 9 7 12 1 1 1 11 100 12 1 1 1 10 7 1 9 12 1 1 9 12 1 1 10 8 1 10 12 1 9 12 1 1 10 11 12 1 1 100 1 10 100 12 1 1 1 10 12 1 1 10 12 1 10 12 1 1 11 12 1 1 9 12 1 1 10 12 1 1 18 12 1 1 10 7 12 1 1 1 100 1 10 12 1 11 100 12 1 1 1 10 12 1 9 12 1 10 12 1 1 100 1 8 1 10 12 1 10 12 1 1 9 12 1 1 11 12 1 1 9 12 1 1 8 1 10 11 12 1 1 11 12 1 1 10 12 1 1 10 12 1 1 9 12 1 10 12 1 10 10 12 1 8 1 10 12 1 8 1 8 1 10 7 12 1 1 1 10 7 12 1 1 1 10 12 1 9 12 1 11 12 1 7 1 10 12 1 10 12 1 1 9 12 1 1 7 1 10 12 1 1 9 12 1 1 10 12 1 10 12 1 11 7 12 1 1 10 7 1 10 12 1 8 1 9 12 1 10 12 1 1 9 12 1 1 10 7 12 1 1 8 1 8 1 8 1 8 1 10 12 1 1 10 12 1 10 12 1 10 12 1 10 12 1 1 10 12 1 1 8 1 10 12 1 1 9 12 1 1 10 12 1 1 9 12 1 8 1 10 7 12 1 1 1 10 12 1 8 1 100 1 8 1 10 9 12 1 1 8 1 10 7 12 1 1 10 100 12 1 1 8 1 8 1 10 12 10 100 12 1 1 1 10 7 1 10 7 12 1 1 1 18 11 100 12 1 1 1 18 12 1 11 12 1 1 7 1 10 7 12 1 1 10 12 1 1 8 10 12 1 1 10 100 12 1 1 1 10 100 12 1 1 10 12 1 8 1 10 12 1 7 1 7 1 10 12 1 1 1 1 1 1 1 1 1 1 1 1 1 1 1 1 1 1 1 1 1 1 1 1 1 1 1 1 1 1 1 1 1 1 1 1 1 1 1 1 1 1 1 1 1 1 1 1 1 1 1 1 1 1 1 1 1 1 1 1 1 1 1 1 1 1 1 1 1 1 1 1 1 1 1 100 1 1 16 1 15 10 12 16 15 11 7 12 1 1 1 16 1 16 1 15 10 12 16 15 10 100 12 1 1 1 1 1 1 1 1 100 1 100 1 1
ciInstanceKlass jdk/internal/misc/UnsafeConstants 1 1 34 10 100 12 1 1 1 9 7 12 1 1 1 9 12 1 9 12 1 1 9 12 1 9 12 1 1 1 1 1 1 1 1 1
staticfield jdk/internal/misc/UnsafeConstants ADDRESS_SIZE0 I 8
staticfield jdk/internal/misc/UnsafeConstants PAGE_SIZE I 4096
staticfield jdk/internal/misc/UnsafeConstants BIG_ENDIAN Z 0
staticfield jdk/internal/misc/UnsafeConstants UNALIGNED_ACCESS Z 1
staticfield jdk/internal/misc/UnsafeConstants DATA_CACHE_LINE_FLUSH_SIZE I 0
ciInstanceKlass java/lang/invoke/LambdaForm 1 1 1059 7 1 100 1 10 7 12 1 1 1 9 12 1 1 9 12 1 9 12 1 9 12 1 1 9 12 1 1 9 12 1 1 9 12 1 1 9 12 1 1 9 12 1 10 7 12 1 1 9 12 1 10 12 1 1 100 1 10 10 12 1 1 10 12 1 10 12 1 10 12 1 1 10 12 1 9 12 1 9 12 1 10 12 1 1 10 7 12 1 1 1 10 12 1 1 9 100 12 1 1 1 10 12 1 1 9 7 12 1 1 10 12 1 10 12 1 1 10 12 1 1 10 12 1 1 7 1 10 7 12 1 1 1 10 12 1 1 10 12 1 10 12 1 1 9 12 1 1 9 12 1 9 12 1 1 10 12 1 9 12 1 10 100 12 1 1 1 10 12 1 1 7 1 10 12 1 9 12 1 1 10 7 12 1 1 1 10 12 1 10 12 1 7 1 10 12 1 10 12 1 10 12 1 1 10 12 1 1 10 12 1 10 12 1 10 12 1 10 12 1 1 8 1 10 12 1 10 12 1 10 10 12 1 8 1 8 1 9 12 1 9 12 1 1 10 12 1 1 10 12 1 9 12 1 10 12 1 1 10 7 12 1 1 1 10 12 1 1 10 12 1 10 12 1 10 100 12 1 1 1 9 12 1 10 12 1 8 1 8 1 8 1 8 1 8 1 8 1 8 1 8 1 10 12 1 9 12 1 7 1 10 12 1 1 9 12 1 10 12 1 10 12 1 1 10 12 10 12 1 10 12 1 1 10 12 1 1 10 10 12 1 1 10 12 1 1 7 1 8 1 10 12 1 1 10 12 1 10 12 1 1 10 8 1 10 12 1 1 8 1 8 1 8 1 10 12 1 10 12 1 10 12 1 1 100 1 10 12 1 1 10 12 1 1 10 7 12 1 1 1 10 12 1 1 9 12 1 1 8 1 10 100 12 1 1 1 10 7 12 1 1 10 12 10 12 1 1 10 12 1 1 9 12 1 8 10 12 1 1 100 1 10 12 1 1 10 12 1 9 7 12 1 1 9 7 12 1 1 1 8 1 10 100 12 1 1 10 12 1 1 7 1 7 1 10 10 12 1 1 10 12 1 1 8 1 8 1 7 1 8 1 10 12 10 12 1 10 12 1 10 12 1 1 8 1 8 1 10 12 1 10 12 1 1 8 1 8 1 8 1 7 1 8 1 7 1 8 1 7 1 8 1 10 12 1 8 1 9 10 7 12 1 1 1 10 12 1 9 12 1 1 10 12 1 10 10 12 1 10 12 1 10 12 1 10 12 1 1 10 12 1 10 12 1 1 10 12 1 1 10 12 1 1 10 12 1 1 8 1 100 10 12 1 10 12 1 9 12 1 1 10 7 12 1 1 8 1 8 1 7 1 8 1 8 1 8 1 8 1 8 1 8 1 8 1 8 1 10 12 1 1 10 12 1 1 10 12 1 10 12 1 10 12 1 10 12 1 8 1 8 1 8 1 10 12 1 8 1 10 12 1 8 1 8 1 8 1 8 1 8 1 10 12 1 10 12 1 10 12 1 1 10 7 12 1 1 1 10 12 1 10 12 1 10 12 1 10 12 1 10 12 1 10 12 1 10 12 1 9 12 1 1 8 1 10 12 1 1 9 12 1 1 10 12 1 1 9 12 1 9 12 1 1 9 12 1 9 12 1 1 7 1 10 7 12 1 1 1 9 12 1 10 12 1 10 12 1 8 1 10 12 1 9 12 1 1 7 1 10 7 12 1 1 1 8 1 100 1 10 12 1 9 12 1 9 12 1 10 12 1 10 12 1 10 7 12 1 1 1 10 12 1 9 7 12 1 1 10 12 1 1 10 12 1 10 12 1 10 12 1 9 12 10 12 1 10 10 12 1 9 12 1 9 9 12 1 7 9 12 1 1 10 12 1 1 9 12 1 10 12 1 10 7 1 9 1 1 1 1 3 1 3 1 1 3 1 3 1 1 1 1 1 1 1 1 1 1 1 1 1 1 1 1 1 1 1 1 1 1 1 1 1 1 1 1 1 1 1 1 1 1 1 1 1 1 1 1 1 1 1 1 1 1 1 1 1 1 1 100 1 1 1 1 1 1 1 1 1 1 1 1 1 1 1 1 1 1 1 1 1 1 1 1 1 1 1 1 1 1 1 1 1 1 1 1 1 1 1 1 1 1 1 1 1 1 1 1 1 1 1 1 1 1 1 1 1 1 1 1 1 1 100 1 1 1 1 1 1 1 1 1 1 1 1 1 1 1 1 1 1 1 1 1 1 1 1 1 1 1 1 1 1 1 1 1 1 7 1 1 1 1 1 1 1 1 1 1 1 1 1 1 1 1 1 1 1 1 1 1 100 1 1 1 100 1 1 7 1 1 1 1 1 1 1 1 1 1 1
staticfield java/lang/invoke/LambdaForm DEFAULT_CUSTOMIZED Ljava/lang/invoke/MethodHandle; 
staticfield java/lang/invoke/LambdaForm DEFAULT_KIND Ljava/lang/invoke/LambdaForm$Kind; java/lang/invoke/LambdaForm$Kind
staticfield java/lang/invoke/LambdaForm COMPILE_THRESHOLD I 0
staticfield java/lang/invoke/LambdaForm INTERNED_ARGUMENTS [[Ljava/lang/invoke/LambdaForm$Name; 5 [[Ljava/lang/invoke/LambdaForm$Name;
staticfield java/lang/invoke/LambdaForm IMPL_NAMES Ljava/lang/invoke/MemberName$Factory; java/lang/invoke/MemberName$Factory
staticfield java/lang/invoke/LambdaForm LF_identity [Ljava/lang/invoke/LambdaForm; 6 [Ljava/lang/invoke/LambdaForm;
staticfield java/lang/invoke/LambdaForm LF_zero [Ljava/lang/invoke/LambdaForm; 6 [Ljava/lang/invoke/LambdaForm;
staticfield java/lang/invoke/LambdaForm NF_identity [Ljava/lang/invoke/LambdaForm$NamedFunction; 6 [Ljava/lang/invoke/LambdaForm$NamedFunction;
staticfield java/lang/invoke/LambdaForm NF_zero [Ljava/lang/invoke/LambdaForm$NamedFunction; 6 [Ljava/lang/invoke/LambdaForm$NamedFunction;
staticfield java/lang/invoke/LambdaForm createFormsLock Ljava/lang/Object; java/lang/Object
staticfield java/lang/invoke/LambdaForm DEBUG_NAME_COUNTERS Ljava/util/HashMap; 
staticfield java/lang/invoke/LambdaForm DEBUG_NAMES Ljava/util/HashMap; 
staticfield java/lang/invoke/LambdaForm TRACE_INTERPRETER Z 0
staticfield java/lang/invoke/LambdaForm $assertionsDisabled Z 1
ciInstanceKlass java/lang/invoke/MemberName 1 1 724 7 1 7 1 100 1 9 12 1 1 10 7 12 1 1 1 9 12 1 1 10 12 1 1 10 12 1 1 10 12 1 1 10 12 1 10 12 1 1 10 7 12 1 1 1 10 12 1 9 7 12 1 1 10 12 1 7 1 7 1 10 12 1 8 1 10 12 1 1 10 12 1 10 12 1 1 10 12 1 9 12 1 1 8 1 10 100 12 1 1 1 7 1 10 10 12 1 1 7 1 7 1 10 12 1 9 12 1 1 100 1 8 1 10 12 1 10 12 1 10 12 1 10 12 1 10 12 1 1 10 12 1 10 12 1 10 12 1 1 8 1 8 1 10 12 1 8 1 9 12 1 1 3 10 12 1 10 12 1 10 12 1 10 10 7 12 1 1 1 10 12 1 10 12 1 10 12 1 10 12 1 7 1 8 10 12 1 1 10 12 1 1 8 1 9 7 1 8 9 7 1 10 12 1 1 10 12 1 10 12 1 8 1 10 12 1 1 10 12 1 10 12 1 10 12 1 10 12 1 1 7 1 10 12 1 1 10 12 1 8 1 10 12 1 10 12 1 8 1 10 12 1 1 10 12 1 1 7 1 10 12 1 1 10 12 8 1 8 1 7 1 10 12 1 10 100 12 1 1 1 100 1 10 12 10 12 1 10 12 1 10 12 1 10 12 1 10 10 12 1 10 12 1 10 12 1 3 10 12 1 3 10 12 1 3 3 3 3 3 3 10 12 1 3 9 12 1 10 12 1 1 3 10 12 1 10 10 7 12 1 1 1 10 12 1 1 10 7 12 1 1 10 10 12 1 10 12 1 1 10 12 1 10 10 12 1 1 10 12 1 10 12 1 10 12 1 7 1 10 10 10 12 100 1 10 10 10 12 1 1 10 12 1 1 10 10 12 1 8 10 7 1 10 12 1 10 7 1 10 12 1 10 12 1 10 12 1 10 10 12 1 10 12 1 1 10 12 1 1 10 12 1 10 12 1 10 12 1 100 1 10 12 1 1 100 1 8 1 10 7 1 10 12 1 10 12 10 12 1 1 10 12 1 10 12 1 8 1 8 1 8 1 8 1 10 12 1 10 12 1 10 7 12 1 1 1 8 1 8 1 10 12 1 8 1 10 10 10 12 1 10 12 1 8 1 8 1 10 10 12 1 8 1 10 100 12 1 1 1 8 1 100 1 10 12 1 10 12 1 1 10 12 1 8 1 8 1 8 1 8 1 100 1 10 8 1 8 1 8 1 8 1 10 12 1 100 1 100 1 100 1 10 100 1 10 7 1 10 7 12 1 1 1 9 7 12 1 1 1 7 1 7 1 1 1 1 1 1 1 3 1 3 1 3 1 3 1 3 1 3 1 1 1 1 1 1 1 1 3 1 3 1 1 1 1 1 1 1 1 1 1 1 1 1 1 1 1 1 1 1 1 1 1 1 1 1 1 1 1 1 1 1 1 1 1 1 1 1 1 1 1 1 1 1 1 1 1 1 1 1 1 1 1 1 1 1 1 1 1 1 1 1 1 1 1 1 1 1 1 1 1 1 1 1 1 1 1 1 1 1 1 1 1 1 1 1 1 1 1 1 1 1 1 1 1 1 1 7 1 1 1 1 1 1 1 1 1 1 1 1 1 1 1
staticfield java/lang/invoke/MemberName $assertionsDisabled Z 1
instanceKlass java/lang/invoke/VarHandleByteArrayAsDoubles$ByteArrayViewVarHandle
instanceKlass java/lang/invoke/VarHandleByteArrayAsFloats$ByteArrayViewVarHandle
instanceKlass java/lang/invoke/VarHandleByteArrayAsChars$ByteArrayViewVarHandle
instanceKlass java/lang/invoke/VarHandleByteArrayAsShorts$ByteArrayViewVarHandle
instanceKlass java/lang/invoke/VarHandleBooleans$FieldInstanceReadOnly
instanceKlass java/lang/invoke/VarHandleInts$FieldInstanceReadOnly
instanceKlass java/lang/invoke/VarHandleLongs$FieldInstanceReadOnly
instanceKlass java/lang/invoke/VarHandleReferences$FieldInstanceReadOnly
instanceKlass java/lang/invoke/VarHandleReferences$Array
instanceKlass java/lang/invoke/VarHandleByteArrayAsInts$ByteArrayViewVarHandle
instanceKlass java/lang/invoke/VarHandleByteArrayAsLongs$ByteArrayViewVarHandle
ciInstanceKlass java/lang/invoke/VarHandle 1 1 473 10 7 12 1 1 1 10 7 12 1 1 9 12 1 1 9 12 1 1 100 1 10 8 1 10 12 1 1 10 7 12 1 1 1 10 12 1 1 10 7 12 1 1 1 9 100 12 1 1 1 10 12 1 1 10 7 12 1 1 1 10 12 1 1 9 12 1 10 12 1 9 12 1 1 10 100 12 1 1 10 12 1 9 100 12 1 1 1 9 12 1 1 10 12 1 1 100 1 7 1 10 8 1 10 12 1 1 10 12 1 8 1 10 12 1 10 12 1 9 12 1 1 9 12 1 10 12 1 10 12 1 1 10 12 1 10 10 100 12 1 1 1 10 12 1 1 10 12 1 1 10 7 12 1 1 1 10 100 12 1 1 1 10 100 12 1 1 1 9 12 1 1 9 10 12 1 10 12 1 10 12 1 1 10 12 1 10 7 12 1 1 1 9 12 1 1 10 12 1 1 9 12 1 10 12 1 10 12 1 10 7 12 1 1 100 1 10 9 7 12 1 1 1 9 12 1 1 10 7 12 1 1 1 10 12 1 10 12 1 10 12 1 10 12 1 10 12 1 10 12 1 1 8 10 12 1 1 7 1 10 12 1 1 7 1 1 1 1 1 1 1 1 1 1 1 1 1 1 1 1 1 1 1 1 1 1 1 1 1 1 1 1 1 1 1 1 1 1 1 1 1 1 1 1 1 1 1 1 1 1 1 1 1 1 1 1 1 1 1 1 1 1 1 1 1 1 1 1 1 1 1 1 100 1 1 1 1 1 1 1 1 100 1 1 1 1 1 1 1 1 1 1 1 1 100 1 100 1 1 100 1 100 1 100 1 100 1 100 1 100 1 100 1 100 1 100 1 100 1 100 1 100 1 100 1 100 1 100 1 100 1 100 1 100 1 100 1 100 1 100 1 100 1 100 1 100 1 100 1 100 1 100 1 100 1 100 1 100 1 100 1 100 1 100 1 100 1 100 1 1 1 1 1 1 100 1 1 1 100 1 1 100 1 100 1 100 1 100 1 100 1 100 1 1 1 1 100 1 100 1 100 1 100 1 100 1 100 1 100 1 100 1
staticfield java/lang/invoke/VarHandle VFORM_OFFSET J 16
staticfield java/lang/invoke/VarHandle $assertionsDisabled Z 1
instanceKlass jdk/internal/reflect/FieldAccessorImpl
instanceKlass jdk/internal/reflect/ConstructorAccessorImpl
instanceKlass jdk/internal/reflect/MethodAccessorImpl
ciInstanceKlass jdk/internal/reflect/MagicAccessorImpl 1 1 16 10 7 12 1 1 1 100 1 1 1 1 1 1 1 1
instanceKlass jdk/internal/reflect/DirectMethodHandleAccessor
ciInstanceKlass jdk/internal/reflect/MethodAccessorImpl 1 1 38 10 7 12 1 1 1 10 100 12 1 1 1 100 1 1 1 1 1 1 1 100 1 100 1 1 1 1 1 1 1 1 1 1 1 1 1 1
ciInstanceKlass jdk/internal/reflect/MethodAccessor 1 0 17 100 1 100 1 1 1 1 100 1 100 1 1 1 1 1 1
instanceKlass jdk/internal/reflect/DirectConstructorHandleAccessor
instanceKlass jdk/internal/reflect/NativeConstructorAccessorImpl
ciInstanceKlass jdk/internal/reflect/ConstructorAccessorImpl 1 1 27 10 7 12 1 1 1 100 1 100 1 1 1 1 1 1 1 1 1 100 1 100 1 100 1 1 1
ciInstanceKlass jdk/internal/reflect/ConstructorAccessor 1 0 16 100 1 100 1 1 1 1 100 1 100 1 100 1 1 1
ciInstanceKlass jdk/internal/reflect/DelegatingClassLoader 0 0 18 10 100 12 1 1 1 100 1 1 1 1 1 1 1 1 1 1
ciInstanceKlass jdk/internal/reflect/CallerSensitive 0 0 17 100 1 100 1 100 1 1 1 1 1 1 1 1 1 1 1
ciInstanceKlass jdk/internal/reflect/NativeConstructorAccessorImpl 0 0 125 10 7 12 1 1 1 9 7 12 1 1 1 100 1 10 12 1 9 12 1 1 9 12 1 1 10 100 12 1 1 1 10 7 12 1 1 1 10 7 12 1 1 1 9 12 1 9 12 1 1 9 12 1 1 10 7 12 1 1 1 100 1 10 10 12 1 1 10 12 1 10 12 1 1 10 12 1 7 1 10 12 1 1 10 12 1 1 8 10 12 1 1 1 1 1 1 1 1 1 1 1 1 1 1 1 1 1 1 1 1 1 1 100 1 100 1 100 1 1 1 1 1 1 1
ciInstanceKlass jdk/internal/reflect/ConstantPool 1 1 142 10 7 12 1 1 1 9 7 12 1 1 1 10 12 1 1 10 12 1 1 10 12 1 10 12 1 1 10 12 1 1 10 12 1 10 12 1 1 10 12 1 10 12 1 1 10 12 1 10 12 1 10 12 1 10 12 1 1 10 12 1 1 10 12 1 1 10 12 1 1 10 12 1 10 12 1 1 10 100 12 1 1 1 8 11 7 12 1 1 1 10 7 12 1 1 1 1 1 1 1 1 1 1 1 1 1 1 1 1 1 1 1 1 1 1 1 1 1 1 1 1 1 1 1 1 1 1 1 1 1 1 1 1 1 1 1 1 1 1 1 1
ciInstanceKlass jdk/internal/reflect/UnsafeStaticFieldAccessorImpl 0 0 47 10 7 12 1 1 1 9 7 12 1 1 1 10 7 12 1 1 1 9 12 1 1 8 11 100 12 1 1 1 10 100 12 1 1 1 1 1 1 1 1 1 1 1 1 1 1
ciInstanceKlass jdk/internal/reflect/FieldAccessor 1 0 48 100 1 100 1 1 1 1 100 1 1 1 1 1 1 1 1 1 1 1 1 1 1 1 1 1 1 1 100 1 1 1 1 1 1 1 1 1 1 1 1 1 1 1 1 1 1 1
instanceKlass jdk/internal/reflect/MethodHandleFieldAccessorImpl
instanceKlass jdk/internal/reflect/UnsafeFieldAccessorImpl
ciInstanceKlass jdk/internal/reflect/FieldAccessorImpl 1 1 269 10 7 12 1 1 1 9 7 12 1 1 1 10 7 12 1 1 1 10 7 12 1 1 10 7 12 1 1 1 10 12 1 1 7 1 10 10 12 1 1 10 12 1 1 8 1 10 10 12 1 100 1 8 1 10 12 1 8 1 10 12 1 8 1 10 12 1 100 1 10 12 1 1 10 8 1 10 12 1 1 8 1 10 7 12 1 1 8 1 10 7 12 1 1 8 1 10 7 12 1 1 8 1 10 7 12 1 1 8 1 10 7 12 1 1 8 1 10 7 12 1 1 8 1 10 7 12 1 1 8 1 10 7 12 1 1 10 12 1 1 8 1 10 12 1 1 10 100 12 1 1 1 8 1 10 12 1 8 1 8 1 8 1 8 1 10 7 12 1 1 1 8 1 8 1 8 1 10 12 7 1 1 1 1 1 1 1 1 1 1 1 1 1 1 1 1 1 1 1 1 1 1 1 1 1 1 1 1 1 1 1 1 1 1 1 1 1 1 1 1 1 1 1 1 1 1 1 1 1 1 1 1 1 1 1 1 1 1 1 1 1 1 1 1 1 1 1 1 1 1 1 1 1 1 1 1 1 1 1 1 1 1 1 1 1 1 1 1
instanceKlass jdk/internal/reflect/UnsafeStaticFieldAccessorImpl
ciInstanceKlass jdk/internal/reflect/UnsafeFieldAccessorImpl 0 0 62 10 100 12 1 1 1 10 100 12 1 1 1 10 100 12 1 1 1 9 100 12 1 1 10 12 1 9 12 1 1 10 100 12 1 1 1 9 12 1 1 10 12 1 10 12 1 1 1 1 1 1 1 1 1 1 1 1 1 1 1 1
instanceKlass java/lang/invoke/VolatileCallSite
instanceKlass java/lang/invoke/MutableCallSite
instanceKlass java/lang/invoke/ConstantCallSite
ciInstanceKlass java/lang/invoke/CallSite 1 1 296 10 7 12 1 1 1 10 7 12 1 1 1 9 12 1 1 10 7 12 1 1 1 10 12 1 7 1 10 12 1 1 10 12 1 1 9 100 12 1 1 1 10 7 12 1 1 10 12 1 1 100 1 7 1 10 10 7 12 1 1 1 10 12 1 1 8 1 10 12 1 10 12 1 1 10 12 1 10 12 1 1 10 12 1 1 10 10 100 12 1 1 10 12 1 1 9 12 1 9 100 12 1 1 1 8 1 10 7 12 1 1 1 10 12 1 1 7 1 10 12 1 1 9 12 1 8 1 100 1 10 12 1 10 12 1 100 1 8 1 10 10 12 1 10 12 1 1 100 1 10 12 1 1 10 12 1 10 12 1 10 12 1 1 10 12 1 1 9 12 1 1 8 10 12 1 1 9 12 1 1 100 1 10 10 12 1 10 7 12 1 1 1 10 12 1 1 10 12 1 1 10 12 1 10 7 12 1 1 1 7 1 8 1 10 10 12 10 12 1 1 7 1 7 1 7 1 8 1 10 12 1 10 7 12 1 1 1 1 1 1 1 1 1 1 1 1 1 1 1 1 1 1 1 1 1 1 1 1 1 1 1 1 1 1 1 1 1 1 1 1 1 1 1 1 1 1 1 1 1 1 1 1 1 1 1 1 1 1 1 7 1 7 1 1 1
staticfield java/lang/invoke/CallSite $assertionsDisabled Z 1
ciInstanceKlass java/lang/invoke/ConstantCallSite 1 1 65 10 7 12 1 1 1 9 7 12 1 1 1 9 12 1 1 10 7 12 1 1 1 10 12 1 100 1 10 12 9 12 1 1 100 1 10 10 12 1 1 10 12 1 1 1 1 1 1 1 1 1 1 1 1 1 100 1 1 1 1 1 1 1 1
staticfield java/lang/invoke/ConstantCallSite UNSAFE Ljdk/internal/misc/Unsafe; jdk/internal/misc/Unsafe
instanceKlass java/lang/invoke/DirectMethodHandle$Interface
instanceKlass java/lang/invoke/DirectMethodHandle$Special
instanceKlass java/lang/invoke/DirectMethodHandle$Constructor
instanceKlass java/lang/invoke/DirectMethodHandle$Accessor
instanceKlass java/lang/invoke/DirectMethodHandle$StaticAccessor
ciInstanceKlass java/lang/invoke/DirectMethodHandle 1 1 923 7 1 7 1 100 1 7 1 7 1 10 7 12 1 1 1 10 7 12 1 1 1 7 1 10 12 1 10 12 1 1 10 7 12 1 1 10 12 1 1 10 12 1 10 12 1 7 1 10 12 1 1 10 12 1 1 10 12 1 10 12 1 1 10 7 12 1 1 1 10 12 1 9 12 1 1 100 1 10 9 12 1 1 9 12 1 10 12 1 10 12 1 10 12 1 1 10 12 1 10 12 1 10 12 1 10 7 12 1 1 1 10 12 1 10 12 1 1 8 1 10 12 1 1 7 1 10 12 1 7 1 10 10 12 1 10 12 1 10 12 1 10 7 12 1 1 1 10 12 1 1 7 1 10 12 1 10 12 1 7 1 10 12 1 10 12 1 1 10 12 1 1 10 12 1 8 10 7 12 1 1 1 10 12 1 10 12 1 10 12 1 1 10 12 1 9 7 12 1 1 1 7 1 10 12 1 10 7 12 1 1 1 10 12 1 10 12 1 1 9 12 1 1 7 1 10 8 1 10 12 1 1 10 12 1 1 8 1 10 12 1 10 12 1 10 10 12 1 10 12 1 10 12 1 10 12 1 10 12 1 1 10 12 1 10 12 1 1 10 12 1 10 12 1 1 10 10 7 12 1 1 1 10 12 1 10 12 1 1 10 12 1 10 12 1 1 8 1 9 7 12 1 1 1 8 1 9 12 1 9 12 1 8 1 9 12 1 9 12 1 8 1 9 12 1 9 12 1 8 1 10 12 1 10 12 1 1 9 12 1 1 7 1 10 12 1 1 7 1 10 7 12 1 1 1 10 12 1 1 10 12 1 10 12 1 1 7 1 10 12 1 1 10 12 1 10 12 1 1 7 1 10 12 1 1 10 12 1 10 7 12 1 1 1 10 12 1 10 12 1 1 10 12 1 9 12 1 1 10 7 1 9 12 9 12 1 10 7 12 1 1 1 10 12 1 7 1 7 1 7 1 9 12 1 1 10 7 12 1 1 1 10 12 10 12 1 100 1 10 12 1 10 12 1 1 8 1 9 12 1 9 12 1 10 12 1 1 9 12 1 1 10 7 12 1 1 1 9 12 1 1 9 12 1 1 10 12 1 10 12 1 10 12 1 10 12 1 1 10 12 1 9 12 1 10 12 1 10 12 1 10 12 1 10 12 1 1 10 12 1 1 9 12 1 1 10 12 1 1 9 7 12 1 1 1 9 12 1 9 12 1 9 12 1 9 12 1 9 12 1 9 12 1 9 12 1 9 12 1 9 12 1 9 12 1 9 12 1 9 12 1 9 12 1 9 12 1 9 12 1 9 12 1 9 12 1 9 12 1 9 12 1 9 12 1 9 12 1 9 12 1 9 12 1 9 12 1 9 12 1 9 12 1 9 12 1 9 12 1 9 12 1 9 12 1 9 12 1 9 12 1 9 12 1 9 12 1 9 12 1 9 12 1 8 1 9 12 1 1 9 12 1 1 10 12 1 10 12 1 1 9 7 1 10 12 1 9 12 1 1 10 12 10 12 1 10 12 1 10 12 1 10 12 1 10 8 1 8 1 8 1 8 1 10 12 1 1 9 12 1 1 10 12 1 10 100 12 1 1 1 8 9 12 1 1 10 12 1 1 8 1 8 8 9 12 1 8 1 8 8 8 8 8 1 8 10 12 1 7 1 10 12 1 8 1 8 1 10 12 1 10 12 1 10 12 1 10 12 1 1 7 1 1 1 1 3 1 3 1 3 1 3 1 3 1 3 1 3 1 3 1 3 1 3 1 1 1 1 1 1 1 1 1 1 3 1 3 1 1 1 1 3 1 1 1 1 1 1 1 1 1 1 1 1 1 1 1 1 1 1 1 1 1 1 1 1 1 1 1 1 1 1 1 1 1 1 1 1 1 1 1 1 1 1 1 1 1 1 1 1 1 1 1 1 1 1 1 1 1 100 1 1 1 1 1 1 1 1 1 100 1 1 1 1 1 1 1 1 1 1 1 1 1 1 1 1 1 1 1 1 1 1 1 1 1 1 1 1 1 1 1 1 1 1 1 1 1 1 1 1 1 1 1 1 1 1 1 1 1 1 1 1
staticfield java/lang/invoke/DirectMethodHandle IMPL_NAMES Ljava/lang/invoke/MemberName$Factory; java/lang/invoke/MemberName$Factory
staticfield java/lang/invoke/DirectMethodHandle FT_UNCHECKED_REF I 8
staticfield java/lang/invoke/DirectMethodHandle ACCESSOR_FORMS [Ljava/lang/invoke/LambdaForm; 132 [Ljava/lang/invoke/LambdaForm;
staticfield java/lang/invoke/DirectMethodHandle ALL_WRAPPERS [Lsun/invoke/util/Wrapper; 10 [Lsun/invoke/util/Wrapper;
staticfield java/lang/invoke/DirectMethodHandle NFS [Ljava/lang/invoke/LambdaForm$NamedFunction; 12 [Ljava/lang/invoke/LambdaForm$NamedFunction;
staticfield java/lang/invoke/DirectMethodHandle OBJ_OBJ_TYPE Ljava/lang/invoke/MethodType; java/lang/invoke/MethodType
staticfield java/lang/invoke/DirectMethodHandle LONG_OBJ_TYPE Ljava/lang/invoke/MethodType; java/lang/invoke/MethodType
staticfield java/lang/invoke/DirectMethodHandle $assertionsDisabled Z 1
ciInstanceKlass java/lang/invoke/DirectMethodHandle$StaticAccessor 1 1 96 10 7 12 1 1 1 10 7 12 1 1 1 9 7 12 1 1 1 9 12 1 1 9 12 1 1 10 7 12 1 1 1 9 12 1 1 9 12 1 1 10 12 1 9 12 1 10 12 1 1 100 1 10 12 1 9 12 1 1 10 12 1 1 10 12 1 1 1 1 1 1 1 1 1 1 1 1 1 1 1 1 1 1 1 1 1 1 1 1 1 1 1 1 1 1
staticfield java/lang/invoke/DirectMethodHandle$StaticAccessor $assertionsDisabled Z 1
ciInstanceKlass java/lang/invoke/DirectMethodHandle$Accessor 1 1 93 10 7 12 1 1 1 10 7 12 1 1 1 9 7 12 1 1 1 9 12 1 1 10 7 12 1 1 1 9 12 1 1 9 12 1 1 10 12 1 9 12 1 10 12 1 1 100 1 10 12 1 9 12 1 1 10 12 1 1 10 12 1 1 1 1 1 1 1 1 1 1 1 1 1 1 1 1 1 1 1 1 1 1 1 1 1 1 1 1 1 1 1
staticfield java/lang/invoke/DirectMethodHandle$Accessor $assertionsDisabled Z 1
ciInstanceKlass java/lang/invoke/MutableCallSite 0 0 63 10 100 12 1 1 1 10 12 1 9 100 12 1 1 1 10 12 1 10 12 1 1 9 12 1 1 10 100 12 1 1 1 10 100 12 1 1 1 10 12 1 1 1 1 1 1 1 1 1 1 1 1 1 1 1 1 1 1 100 1 1 1
ciInstanceKlass java/lang/invoke/VolatileCallSite 0 0 37 10 100 12 1 1 1 10 12 1 10 100 12 1 1 1 10 12 1 10 12 1 1 1 1 1 1 1 1 1 1 1 1 1 1 1 1
ciInstanceKlass java/lang/invoke/ResolvedMethodName 1 1 16 10 100 12 1 1 1 100 1 1 1 1 1 1 1 1
ciInstanceKlass java/lang/invoke/MethodHandleNatives 1 1 685 100 1 10 7 12 1 1 1 9 7 12 1 1 1 10 12 1 1 100 1 10 10 12 1 1 10 12 1 10 12 1 8 1 8 1 8 1 8 1 8 1 8 1 8 1 8 1 8 1 8 1 10 12 1 1 7 1 10 7 12 1 1 1 10 7 12 1 1 1 7 1 10 10 12 1 1 8 1 10 12 1 8 1 10 12 1 1 8 1 10 12 1 1 9 7 12 1 1 1 8 1 10 100 12 1 1 1 7 1 10 12 100 1 100 1 8 1 7 1 10 10 12 1 7 1 9 7 12 1 1 10 12 1 1 10 12 1 10 7 12 1 1 1 10 12 1 1 9 12 1 8 1 10 12 1 1 10 12 1 8 1 10 12 1 1 7 1 10 12 1 10 7 12 1 1 1 10 12 1 10 12 1 1 10 12 1 1 8 1 10 12 1 1 8 1 10 12 1 8 1 8 1 8 1 7 1 10 12 1 8 1 10 7 12 1 1 1 10 12 1 1 10 7 12 1 1 10 10 12 1 1 10 12 1 10 100 12 1 1 1 100 1 8 1 10 100 12 1 1 1 7 1 8 1 10 12 1 8 1 8 1 8 1 8 1 8 1 10 12 1 1 10 12 1 1 10 12 1 10 12 1 1 10 12 1 1 7 1 10 12 1 7 1 7 1 10 12 1 10 12 1 8 1 8 1 10 10 12 1 1 10 12 1 1 8 1 10 7 12 1 1 8 1 8 1 10 12 1 1 10 7 12 1 1 1 100 1 10 12 1 1 7 1 9 12 1 1 10 7 12 1 1 1 10 10 12 1 9 12 1 10 12 1 9 12 1 9 12 1 10 12 1 1 10 12 1 10 12 1 1 7 1 7 1 10 12 1 1 10 12 1 10 12 1 1 10 7 12 1 1 1 10 12 1 8 1 10 12 1 10 12 1 10 12 1 1 10 12 1 10 7 12 1 1 1 10 12 1 1 100 1 8 1 10 9 7 12 1 1 1 10 12 1 1 10 12 1 1 7 1 10 12 1 1 10 12 1 1 100 1 100 1 10 10 100 1 100 1 10 100 1 10 10 12 1 1 10 7 1 10 12 1 10 12 1 1 10 12 1 1 10 12 1 1 10 12 1 10 12 1 1 10 8 1 10 12 1 10 12 1 10 12 1 10 12 1 10 12 1 1 10 12 1 10 12 1 10 12 1 10 10 7 12 1 1 10 12 1 1 1 1 1 1 1 1 1 1 1 1 1 7 1 1 1 1 1 1 1 1 1 1 1 1 1 1 1 1 1 1 1 1 1 1 1 1 1 1 1 1 1 1 1 1 1 1 1 1 1 1 1 1 1 1 1 1 1 1 1 1 1 1 1 1 1 1 1 1 1 1 1 1 1 1 1 100 1 1 1 1 1 1 1 1 1 1 1 1 1 1 1 1 1 1 1 1 1 1 1 1 1 1 1 1 1 1 1 1 1 100 1 1 1 1 1 1 1 1 1 1 1 1 1 1 1 1 1 1 1 1 1 1 1 1 1 1 1 1 1 1 1 1 100 1 1
staticfield java/lang/invoke/MethodHandleNatives $assertionsDisabled Z 1
ciInstanceKlass jdk/internal/foreign/abi/NativeEntryPoint 0 0 194 10 7 12 1 1 1 9 7 12 1 1 1 9 12 1 1 100 1 8 1 10 12 1 10 12 1 1 100 1 10 100 12 1 1 1 10 12 1 9 12 1 1 18 12 1 1 10 100 12 1 1 1 10 7 12 1 1 1 9 7 12 1 1 1 7 1 10 8 1 10 12 1 1 10 12 1 10 12 1 1 8 1 10 12 1 1 7 1 8 1 10 12 1 10 12 1 1 10 12 1 9 12 1 1 18 12 1 1 10 100 12 1 1 1 10 12 1 1 10 12 1 10 100 12 1 1 1 10 1 1 1 1 1 1 1 1 1 1 1 1 1 1 1 1 1 1 1 1 1 1 1 1 1 1 1 1 1 1 1 1 1 1 1 1 1 16 1 15 10 12 16 1 16 15 10 12 15 10 100 12 1 1 1 1 1 100 1 1 100 1 100 1 1
ciInstanceKlass jdk/internal/foreign/abi/ABIDescriptor 0 0 55 10 100 12 1 1 1 9 100 12 1 1 1 9 12 1 1 9 12 1 9 12 1 9 12 1 1 9 12 1 9 12 1 1 9 12 1 9 12 1 9 12 1 9 12 1 1 1 1 1 1 1 1 1 1
ciInstanceKlass jdk/internal/foreign/abi/VMStorage 0 0 91 10 7 12 1 1 1 9 7 12 1 1 1 9 12 1 1 9 12 1 1 9 12 1 1 7 1 10 8 1 10 12 1 1 10 12 1 10 12 1 1 10 12 1 18 12 1 18 12 1 1 18 12 1 1 1 1 1 1 1 1 1 1 1 1 1 1 1 1 1 1 1 8 1 15 15 15 15 15 10 100 12 1 1 1 1 100 1 100 1 1
ciInstanceKlass jdk/internal/foreign/abi/UpcallLinker$CallRegs 0 0 66 10 7 12 1 1 1 9 7 12 1 1 1 9 12 1 18 12 1 1 18 12 1 1 18 12 1 1 1 1 1 1 1 1 1 1 1 1 1 1 1 1 1 1 100 1 1 1 8 1 15 15 15 10 100 12 1 1 1 1 1 100 1 100 1 1
ciInstanceKlass java/lang/StackWalker 1 1 271 9 7 12 1 1 1 7 1 10 7 12 1 1 1 10 12 1 1 10 7 12 1 1 1 10 12 1 1 10 12 1 11 7 12 1 1 1 10 12 1 1 10 12 1 1 10 12 1 1 100 1 8 1 10 12 1 10 12 1 10 12 1 10 7 12 1 1 9 12 1 1 9 12 1 1 9 12 1 1 9 12 1 1 10 12 1 1 9 12 1 1 9 12 1 1 9 12 1 1 10 7 12 1 1 1 11 12 1 1 100 1 8 1 10 10 7 12 1 1 9 12 1 1 10 12 1 1 10 100 12 1 1 1 10 100 12 1 1 1 18 12 1 1 100 1 8 1 10 8 1 10 12 1 1 10 100 12 1 1 1 10 12 1 1 9 100 12 1 1 11 100 12 1 1 1 10 12 1 1 1 1 1 1 1 1 1 1 1 1 1 1 1 1 1 1 1 1 1 1 1 1 1 1 1 1 1 1 1 1 1 1 1 1 1 1 1 1 1 1 1 1 1 1 1 1 1 1 1 1 1 1 1 1 1 1 1 1 1 1 1 1 1 1 7 1 1 16 15 10 12 16 1 15 10 100 12 1 1 1 1 1 1 1 1 1 100 1 100 1 1
staticfield java/lang/StackWalker DEFAULT_EMPTY_OPTION Ljava/util/EnumSet; java/util/RegularEnumSet
staticfield java/lang/StackWalker DEFAULT_WALKER Ljava/lang/StackWalker; java/lang/StackWalker
ciInstanceKlass java/lang/StackWalker$StackFrame 0 0 41 100 1 10 12 1 1 100 1 100 1 1 1 1 1 1 1 1 1 1 1 1 1 1 1 1 1 1 1 1 1 1 1 1 1 1 1 100 1 1 1
instanceKlass java/lang/LiveStackFrameInfo
ciInstanceKlass java/lang/StackFrameInfo 0 0 142 10 7 12 1 1 1 9 7 12 1 1 1 9 7 1 9 12 1 1 11 100 12 1 1 1 9 12 1 1 11 12 1 1 10 12 1 1 10 7 12 1 1 1 10 12 1 11 12 1 11 12 1 1 11 12 1 10 12 1 1 9 12 1 1 10 12 1 1 10 7 12 1 1 10 12 1 1 11 12 1 1 9 12 1 1 10 7 1 10 12 1 9 12 1 1 10 12 1 1 100 1 8 1 10 12 1 10 100 12 1 1 1 7 1 1 1 1 1 1 1 1 1 1 1 1 1 1 1 1 1 1 7 1 1 7 1 1 1 1 1 1
ciInstanceKlass java/lang/LiveStackFrameInfo 0 0 97 10 7 12 1 1 1 9 7 12 1 1 1 9 12 1 9 12 1 9 12 1 9 12 1 1 7 1 10 12 1 1 10 12 1 8 1 10 12 1 1 8 1 8 1 8 1 10 100 1 10 12 1 100 1 10 12 1 7 1 7 1 1 1 3 1 3 1 1 1 1 1 1 1 1 1 1 1 1 1 1 1 1 1 1 1 1 1 1 1 1 1 1 1 100 1 1
ciInstanceKlass java/lang/LiveStackFrame 0 0 135 100 1 10 100 12 1 1 1 11 7 12 1 1 1 11 12 1 10 7 12 1 1 1 100 1 8 1 10 12 1 1 10 7 12 1 1 1 9 100 12 1 1 1 10 7 12 1 1 1 10 7 12 1 1 1 11 12 1 10 12 1 7 1 7 1 1 1 1 1 1 1 1 1 1 1 1 1 1 1 1 1 1 1 1 1 1 1 1 1 1 1 1 100 1 1 1 1 1 1 1 100 1 8 1 1 12 10 1 1 1 8 1 1 1 8 1 1 1 8 1 1 1 8 1 1 8 1 1 1 8 1 1 8 1
ciInstanceKlass java/lang/StackStreamFactory$AbstractStackWalker 1 0 375 100 1 7 1 3 10 7 12 1 1 1 10 7 12 1 1 10 7 12 1 1 1 9 12 1 1 10 12 1 1 9 12 1 1 9 12 1 1 9 12 1 1 9 12 1 10 7 12 1 1 1 10 12 1 1 10 7 12 1 1 9 12 1 1 9 12 1 1 10 12 1 1 9 100 12 1 1 1 10 12 1 1 10 12 1 9 12 1 1 10 100 12 1 1 1 10 12 1 1 9 12 1 1 9 7 12 1 1 1 7 1 10 8 1 10 12 1 1 10 12 1 8 1 10 12 1 1 10 100 12 1 1 1 100 1 8 1 10 12 1 8 1 10 12 10 100 12 1 1 9 12 1 8 1 5 0 8 1 8 1 9 12 1 1 10 12 1 1 18 12 1 1 10 7 12 1 1 1 10 12 1 1 10 12 1 10 12 1 9 12 1 10 12 1 10 12 1 10 12 1 10 12 1 10 12 1 10 12 1 1 8 1 10 12 1 10 12 1 10 12 1 10 12 1 1 8 1 10 12 1 1 10 12 1 1 10 12 1 1 10 12 1 10 12 1 10 100 12 1 1 1 10 12 1 10 12 1 9 12 1 8 1 10 12 1 10 12 1 10 12 1 1 10 12 1 10 12 1 10 12 1 1 10 12 1 10 12 1 10 12 1 10 12 1 10 12 1 10 12 1 1 10 12 1 1 10 12 1 8 1 1 1 1 1 1 1 1 1 1 1 1 1 7 1 1 1 1 1 1 1 7 1 1 1 1 7 1 1 1 1 1 1 1 1 1 1 1 1 1 1 1 1 1 1 1 16 15 15 10 100 12 1 1 1 1 1 1 1 1 100 1 100 1 1
ciInstanceKlass jdk/internal/module/Modules 1 1 504 10 7 12 1 1 1 9 7 12 1 1 1 11 7 12 1 1 1 11 12 1 1 11 12 1 1 11 12 1 1 11 12 1 11 12 1 11 12 1 11 12 1 11 12 1 1 10 7 12 1 1 1 10 100 12 1 1 1 18 12 1 1 10 7 12 1 1 1 7 1 10 7 12 1 1 1 10 100 12 1 1 1 10 100 12 1 1 10 12 1 1 11 12 1 9 12 1 1 11 100 12 1 1 1 10 12 1 1 10 10 12 1 10 9 12 1 1 10 100 12 1 1 10 12 1 1 10 100 12 1 1 100 1 11 100 12 1 1 1 10 100 12 1 1 1 11 100 12 1 1 10 12 1 1 10 100 12 1 1 10 100 12 1 1 1 10 12 1 1 10 12 1 1 11 12 1 1 18 12 1 1 11 100 12 1 1 10 100 12 1 1 1 11 100 12 1 1 1 7 1 11 12 1 1 11 7 12 1 1 1 11 12 1 1 10 12 1 1 10 100 12 1 1 18 12 1 1 11 12 1 1 18 12 1 1 11 12 1 1 10 12 1 18 18 10 12 1 1 9 12 1 1 11 7 12 1 1 1 100 1 10 11 12 1 11 12 1 1 11 12 1 1 10 100 1 10 12 1 1 10 100 12 1 1 10 12 1 1 11 12 10 12 1 1 7 1 10 18 12 1 10 12 1 1 7 1 8 1 10 12 1 10 100 12 1 1 18 12 1 11 11 12 10 12 1 10 10 100 1 18 12 1 10 10 10 7 12 1 1 10 7 12 1 1 1 10 12 1 1 1 1 1 1 1 1 1 1 1 1 1 1 1 1 1 1 1 1 1 1 1 1 1 1 1 1 1 1 1 1 1 100 1 1 1 1 1 1 1 1 1 1 1 1 1 1 1 1 1 1 1 1 1 1 1 1 1 1 1 1 1 1 1 1 1 1 1 7 1 1 1 1 1 1 1 1 1 1 1 1 1 1 1 1 1 1 1 1 1 1 1 16 15 10 12 1 16 16 15 10 12 1 16 1 16 1 15 10 12 1 16 1 16 1 15 10 12 16 1 15 10 16 1 15 10 12 16 1 15 10 12 16 15 10 12 16 15 10 12 15 10 100 12 1 1 1 1 1 1 100 1 100 1 1
staticfield jdk/internal/module/Modules JLA Ljdk/internal/access/JavaLangAccess; java/lang/System$2
staticfield jdk/internal/module/Modules JLMA Ljdk/internal/access/JavaLangModuleAccess; java/lang/module/ModuleDescriptor$1
staticfield jdk/internal/module/Modules $assertionsDisabled Z 1
ciInstanceKlass java/lang/annotation/Annotation 0 0 17 100 1 100 1 1 1 1 1 1 1 1 1 1 1 1 1
instanceKlass com/intellij/util/containers/Stack
ciInstanceKlass java/util/ArrayList 1 1 509 10 7 12 1 1 1 7 1 9 7 12 1 1 1 9 12 1 100 1 7 1 10 8 1 10 12 1 1 10 12 1 10 12 1 1 10 12 1 9 12 1 11 7 12 1 1 1 9 12 1 1 11 12 1 1 7 10 7 12 1 1 1 9 12 1 10 12 1 10 12 1 1 10 7 12 1 1 1 10 7 12 1 1 1 10 12 1 1 10 12 1 1 10 12 1 1 10 12 1 10 12 1 1 100 1 7 1 10 12 1 10 10 7 12 1 1 1 10 7 12 1 1 10 12 1 100 1 10 10 12 10 12 1 1 10 12 1 1 10 12 1 10 12 10 12 1 1 7 1 10 12 1 1 10 12 1 1 10 12 1 100 1 10 11 12 1 1 11 7 12 1 1 1 11 12 1 10 12 1 10 12 1 10 12 1 1 100 1 10 12 1 1 10 10 12 1 1 10 12 1 8 1 8 1 8 1 8 1 10 12 1 1 10 12 1 1 11 12 1 7 1 10 100 12 1 1 10 12 1 10 12 1 1 10 100 12 1 1 10 12 1 10 100 12 1 1 1 11 100 12 1 1 1 10 12 1 100 1 8 1 10 100 1 10 12 1 7 1 10 12 1 10 12 1 1 7 1 10 12 1 10 12 1 1 11 7 12 1 1 7 1 10 12 1 10 12 1 1 11 100 12 1 1 10 12 1 1 10 12 1 1 10 12 1 1 10 12 1 1 11 100 12 1 1 10 12 1 1 7 1 7 1 7 1 1 1 1 5 0 1 3 1 1 1 1 1 1 1 1 1 1 1 1 1 1 1 1 1 1 1 1 1 1 1 1 1 1 1 1 1 1 1 1 1 1 1 1 1 1 1 1 1 1 1 1 1 1 1 1 1 1 1 1 1 1 1 1 1 1 1 1 1 1 1 1 1 1 1 1 1 1 1 1 1 1 1 1 1 1 1 1 1 1 1 1 1 1 1 1 1 1 1 1 1 1 1 1 1 1 1 1 1 1 1 1 100 1 1 1 1 7 1 1 1 1 1 1 1 1 1 1 1 1 1 1 1 1 1 1 1 1 1 1 1 1 1 1 1 1 1 100 1 1 1 1 1 1 1 1 1 1 1 1 1 1 1 1 1 1 100 1 100 1 1 1 1 1 1
staticfield java/util/ArrayList EMPTY_ELEMENTDATA [Ljava/lang/Object; 0 [Ljava/lang/Object;
staticfield java/util/ArrayList DEFAULTCAPACITY_EMPTY_ELEMENTDATA [Ljava/lang/Object; 0 [Ljava/lang/Object;
ciInstanceKlass java/util/regex/Pattern 1 1 1575 7 1 10 12 1 1 9 12 1 1 9 12 1 1 10 12 1 1 7 1 10 12 1 9 12 1 1 10 12 1 10 12 1 1 10 12 1 1 10 12 1 1 7 1 10 12 10 12 1 10 12 1 1 10 12 1 11 7 12 1 1 1 11 12 1 1 10 12 1 1 11 12 1 7 1 10 12 1 10 12 1 1 10 12 1 10 12 1 1 11 7 12 1 1 1 7 1 8 1 10 12 1 1 7 1 10 8 1 10 12 1 1 10 10 7 1 3 10 12 1 10 12 1 8 1 10 12 1 10 100 12 1 1 9 12 1 9 12 1 9 12 1 9 12 1 7 1 9 12 1 1 10 12 1 9 12 1 9 12 1 10 7 1 100 1 8 1 10 12 1 1 10 12 1 7 1 8 1 10 12 1 1 10 12 1 1 10 12 1 1 10 12 1 9 12 1 100 1 10 10 7 12 1 1 1 10 12 1 1 8 1 10 12 10 12 1 10 100 12 1 1 1 10 12 1 1 9 100 12 1 1 1 10 100 12 1 1 1 10 12 1 1 10 7 12 1 1 10 12 1 100 1 10 11 100 1 10 12 1 1 8 1 18 12 1 1 11 12 1 1 10 10 12 1 1 8 1 9 12 1 10 12 1 8 1 10 12 1 10 12 10 12 1 1 10 12 1 1 10 12 1 10 12 1 10 12 1 1 10 12 1 1 7 1 8 1 10 10 10 7 12 1 1 1 10 100 12 1 1 9 12 1 9 12 1 1 10 7 12 1 1 10 12 1 100 1 8 1 10 12 1 10 12 1 10 100 12 1 1 1 10 12 1 10 12 9 12 1 9 12 1 10 12 1 10 12 1 9 12 1 7 1 9 12 1 1 9 12 1 1 10 9 12 1 1 10 12 1 1 9 7 12 1 1 10 12 1 1 9 12 1 10 12 1 8 1 8 1 8 1 7 1 10 7 12 1 1 7 1 10 7 1 7 1 9 12 1 11 12 1 1 11 7 12 1 1 11 12 1 7 1 9 12 1 7 1 10 10 12 1 1 11 7 12 1 1 10 12 1 10 12 1 10 12 1 10 12 1 10 12 1 10 12 1 100 1 10 12 1 3 10 12 1 1 10 12 1 7 1 10 10 7 12 1 10 12 1 10 12 10 12 1 1 100 1 10 12 1 1 10 12 1 10 12 1 1 10 12 1 10 12 1 10 12 1 1 10 12 1 100 1 10 100 1 10 10 100 1 10 12 1 7 1 10 7 1 10 12 1 1 10 10 12 1 10 12 1 8 1 8 1 10 12 1 10 12 1 1 10 12 1 10 12 1 1 10 100 12 1 1 1 10 12 1 100 1 10 12 1 100 1 10 10 12 1 10 12 1 10 12 1 1 100 1 10 10 7 12 1 1 10 12 1 1 9 12 1 1 11 7 12 1 1 100 1 10 10 12 1 11 7 1 10 12 1 100 1 10 10 12 1 10 12 1 10 12 1 10 12 1 10 12 1 100 1 10 100 1 10 10 12 1 8 1 10 12 1 11 12 1 8 1 8 1 10 12 1 10 12 1 10 12 1 100 1 10 8 1 7 1 10 11 12 1 1 8 1 8 1 11 12 1 8 1 10 12 1 1 10 12 1 10 12 1 10 12 1 10 12 1 10 12 1 10 12 1 10 12 1 1 10 12 1 10 12 1 1 10 12 1 1 8 1 10 12 1 1 10 12 1 10 12 1 8 1 10 12 1 10 12 1 1 10 12 1 10 12 1 8 1 8 1 9 100 12 1 1 1 10 12 1 10 12 1 8 1 8 1 8 1 8 1 8 1 8 1 10 12 1 1 10 12 1 10 12 1 1 8 1 8 1 8 1 8 1 10 12 1 1 8 1 10 12 1 10 12 1 8 1 8 1 7 1 10 12 1 8 1 10 12 1 8 1 11 10 12 1 1 7 1 10 100 1 10 7 1 9 7 12 1 1 1 10 12 1 11 12 1 8 1 8 1 10 12 1 11 12 1 1 9 7 12 1 1 1 7 1 10 10 12 1 1 9 12 1 8 1 10 12 1 1 100 1 9 12 1 9 12 1 10 12 1 7 1 10 100 1 10 100 1 10 11 11 12 1 8 1 10 12 1 8 1 8 1 10 12 1 9 12 1 9 12 1 9 12 1 7 1 9 7 1 100 1 9 12 1 9 12 1 9 12 1 9 12 1 10 12 1 9 10 12 3 11 100 1 10 7 1 10 12 1 9 9 9 12 1 8 1 10 10 9 12 1 1 10 12 1 9 12 1 10 12 1 1 7 1 10 12 1 7 1 10 12 1 10 12 1 10 12 1 1 8 1 8 1 8 1 8 1 8 1 10 12 1 10 12 1 3 8 1 8 1 8 1 8 1 10 12 1 10 12 1 10 12 10 12 1 10 12 1 1 10 12 1 8 1 10 12 1 8 1 8 1 8 1 11 100 1 10 12 1 7 1 10 100 1 10 100 1 10 100 1 10 10 9 12 1 9 12 1 10 12 1 18 12 1 1 18 12 1 18 18 18 12 1 18 12 1 18 12 18 12 18 18 12 18 18 18 12 18 12 18 12 18 3 3 18 18 12 18 18 18 12 1 1 18 100 1 10 100 1 10 100 12 1 1 1 10 100 12 1 1 1 10 12 1 1 11 12 10 7 12 1 1 10 9 12 7 1 10 7 1 1 1 3 1 3 1 3 1 3 1 3 1 3 1 3 1 3 1 3 1 3 1 1 5 0 1 1 1 1 1 1 1 1 1 1 1 1 1 1 1 1 7 1 1 1 1 1 1 1 1 1 1 1 1 1 1 1 1 1 1 1 1 1 1 1 1 1 1 1 1 1 100 1 7 1 1 1 1 1 1 1 1 1 1 1 1 1 1 1 1 1 1 1 1 1 1 1 1 1 1 1 1 1 1 1 1 1 1 1 1 1 1 1 100 1 1 1 1 1 1 1 1 1 1 1 1 1 1 1 1 1 1 1 1 1 1 1 1 1 1 1 1 1 1 1 1 1 1 1 1 1 1 1 1 1 1 1 1 1 1 1 1 1 1 1 1 1 1 1 1 1 1 1 1 1 1 1 1 1 1 1 1 1 1 1 1 1 1 1 1 1 1 1 1 1 1 1 1 1 1 1 1 1 1 1 1 1 1 1 1 1 1 1 1 1 1 1 1 1 1 1 1 1 1 1 1 1 1 1 1 1 1 1 100 1 100 1 1 16 1 15 10 12 16 16 15 10 12 15 10 12 15 10 12 15 10 12 15 10 12 15 10 12 15 10 12 15 10 12 15 10 12 15 10 12 15 10 12 15 10 12 15 10 12 15 10 12 15 10 12 15 10 12 15 10 12 15 10 12 15 10 12 15 10 12 16 15 10 12 16 15 10 12 15 10 7 12 1 1 1 1 1 1 1 1 1 1 1 1 1 1 1 1 1 1 1 1 1 1 1 1 1 1 1 1 1 1 1 1 1 1 1 1 1 1 1 1 1 1 1 1 1 1 1 1 1 1 1 1 1 1 1 1 1 1 1 1 100 1 100 1 1
staticfield java/util/regex/Pattern accept Ljava/util/regex/Pattern$Node; java/util/regex/Pattern$Node
staticfield java/util/regex/Pattern lastAccept Ljava/util/regex/Pattern$Node; java/util/regex/Pattern$LastNode
staticfield java/util/regex/Pattern $assertionsDisabled Z 1
ciMethod java/util/regex/Pattern <init> (Ljava/lang/String;I)V 770 0 410 0 -1
ciMethod java/util/regex/Pattern compile (Ljava/lang/String;)Ljava/util/regex/Pattern; 768 0 409 0 -1
ciMethod java/util/regex/Pattern split (Ljava/lang/CharSequence;I)[Ljava/lang/String; 2 0 1 0 -1
ciMethod java/util/regex/Pattern split (Ljava/lang/CharSequence;IZ)[Ljava/lang/String; 6 2230 3 0 -1
ciMethod java/util/regex/Pattern splitWithDelimiters (Ljava/lang/CharSequence;I)[Ljava/lang/String; 0 0 1 0 -1
ciInstanceKlass java/util/function/BiFunction 1 1 65 10 100 12 1 1 1 18 12 1 1 11 7 12 1 1 11 100 12 1 7 1 1 1 1 1 1 1 1 1 1 1 1 1 1 1 1 1 1 1 1 1 1 1 1 1 1 1 16 15 11 12 15 10 100 12 1 1 1 1 100 1 100 1 1
ciInstanceKlass jdk/internal/util/Preconditions$4 1 1 61 9 7 12 1 1 1 10 7 12 1 1 1 10 7 12 1 1 1 11 7 12 1 1 1 7 1 7 1 7 1 10 12 1 100 1 1 1 1 1 1 1 1 1 1 1 1 1 1 1 1 1 1 1 1 1 12 1 1 1 1
ciMethod jdk/internal/util/Preconditions checkIndex (IILjava/util/function/BiFunction;)I 832 0 4984 0 -1
ciMethod java/lang/String split (CIZ)[Ljava/lang/String; 512 604 256 0 -1
ciMethod java/lang/String split (Ljava/lang/String;IZ)[Ljava/lang/String; 512 0 256 0 -1
ciMethod java/lang/String isLatin1 ()Z 512 0 290794 0 -1
ciMethod java/lang/String coder ()B 586 0 120163 0 -1
ciMethod java/lang/String indexOf (II)I 512 0 8467 0 -1
ciMethod java/lang/String indexOf (I)I 512 0 102903 0 -1
ciMethod java/lang/String checkIndex (II)V 556 0 239444 0 -1
ciMethodData java/lang/String isLatin1 ()Z 2 290538 orig 80 1 0 0 0 1 0 0 0 0 0 0 0 42 2 0 0 0 0 0 0 0 0 0 0 0 0 0 0 0 0 0 0 0 0 0 0 0 0 0 2 0 0 0 0 0 0 0 0 0 0 0 0 0 0 0 0 0 0 0 0 0 0 0 0 0 0 0 0 0 0 0 0 0 0 0 0 0 0 0 0 data 18 0x30007 0x0 0x58 0x46eed 0x80000006000a0007 0x7 0x38 0x46ee7 0xe0003 0x46eea 0x18 0x0 0x0 0x0 0x0 0x9 0x1 0x0 oops 0 methods 0
ciMethodData java/lang/String coder ()B 2 119870 orig 80 0 0 0 0 0 0 0 0 0 0 0 0 42 2 0 0 0 0 0 0 0 0 0 0 0 0 0 0 0 0 0 0 0 0 0 0 0 0 0 0 0 0 0 0 0 0 0 0 0 0 0 0 0 0 0 0 0 0 0 0 0 0 0 0 0 0 0 0 0 0 0 0 0 0 0 0 0 0 0 0 data 14 0x30007 0x0 0x38 0x1d443 0xa0003 0x1d443 0x18 0x0 0x0 0x0 0x0 0x9 0x1 0x0 oops 0 methods 0
ciMethodData java/lang/String length ()I 2 85442 orig 80 0 0 0 0 0 0 0 0 0 0 0 0 42 2 0 0 0 0 0 0 0 0 0 0 0 0 0 0 0 0 0 0 0 0 0 0 0 0 0 0 0 0 0 0 0 0 0 0 0 0 0 0 0 0 0 0 0 0 0 0 0 0 0 0 0 0 0 0 0 0 0 0 0 0 0 0 0 0 0 0 data 16 0x60005 0x14dc2 0x0 0x0 0x0 0x0 0x0 0x0 0x0 0x0 0x0 0x0 0x0 0x9 0x1 0x0 oops 0 methods 0
ciMethodData java/lang/String charAt (I)C 2 236485 orig 80 1 0 0 0 0 0 0 0 0 0 0 0 42 2 0 0 0 0 0 0 0 0 0 0 0 0 0 0 0 0 0 0 0 0 0 0 0 0 0 0 0 0 0 0 0 0 0 0 0 0 0 0 0 0 0 0 0 0 0 0 0 0 0 0 0 0 0 0 0 0 0 0 0 0 0 0 0 0 0 0 data 25 0x10005 0x39bc7 0x0 0x0 0x0 0x0 0x0 0x40007 0x1 0x30 0x39bc5 0xc0002 0x39bc5 0x150002 0x1 0x0 0x0 0x0 0x0 0x0 0x0 0x9 0x2 0x0 0x0 oops 0 methods 0
ciMethodData java/lang/StringLatin1 charAt ([BI)C 2 236487 orig 80 0 0 0 0 0 0 0 0 0 0 0 0 42 2 0 0 0 0 0 0 0 0 0 0 0 0 0 0 0 0 0 0 0 0 0 0 0 0 0 0 0 0 0 0 0 0 0 0 0 0 0 0 0 0 0 0 0 0 0 0 0 0 0 0 0 0 0 0 0 0 0 0 0 0 0 0 0 0 0 0 data 12 0x30002 0x39bc7 0x0 0x0 0x0 0x0 0x0 0x0 0x9 0x2 0x0 0x0 oops 0 methods 0
ciMethodData java/lang/String checkIndex (II)V 2 239166 orig 80 0 0 0 0 0 0 0 0 0 0 0 0 42 2 0 0 0 0 0 0 0 0 0 0 0 0 0 0 0 0 0 0 0 0 0 0 0 0 0 0 0 0 0 0 0 0 0 0 0 0 0 0 0 0 0 0 0 0 0 0 0 0 0 0 0 0 0 0 0 0 0 0 0 0 0 0 0 0 0 0 data 12 0x50002 0x3a63e 0x0 0x0 0x0 0x0 0x0 0x0 0x9 0x2 0x0 0x0 oops 0 methods 0
ciMethodData java/lang/String indexOf (I)I 2 102647 orig 80 0 0 0 0 0 0 0 0 0 0 0 0 42 2 0 0 0 0 0 0 0 0 0 0 0 0 0 0 0 0 0 0 0 0 0 0 0 0 0 0 0 0 0 0 0 0 0 0 0 0 0 0 0 0 0 0 0 0 0 0 0 0 0 0 0 0 0 0 0 0 0 0 0 0 0 0 0 0 0 0 data 17 0x30005 0x190f7 0x0 0x0 0x0 0x0 0x0 0x0 0x0 0x0 0x0 0x0 0x0 0x9 0x2 0x0 0x0 oops 0 methods 0
ciMethodData java/lang/String indexOf (II)I 2 8211 orig 80 0 0 0 0 0 0 0 0 0 0 0 0 42 2 0 0 0 0 0 0 0 0 0 0 0 0 0 0 0 0 0 0 0 0 0 0 0 0 0 0 0 0 0 0 0 0 0 0 0 0 0 0 0 0 0 0 0 0 0 0 0 0 0 0 0 0 0 0 0 0 0 0 0 0 0 0 0 0 0 0 data 43 0x10005 0x2013 0x0 0x0 0x0 0x0 0x0 0x40007 0x0 0x80 0x2013 0xe0005 0x2013 0x0 0x0 0x0 0x0 0x0 0x110002 0x2013 0x140003 0x2013 0x60 0x1e0005 0x0 0x0 0x0 0x0 0x0 0x0 0x210002 0x0 0x0 0x0 0x0 0x0 0x0 0x0 0x9 0x3 0x0 0x0 0x0 oops 0 methods 0
ciMethodData java/lang/StringUTF16 charAt ([BI)C 1 1 orig 80 0 0 0 0 0 0 0 0 0 0 0 0 42 2 0 0 0 0 0 0 0 0 0 0 0 0 0 0 0 0 0 0 0 0 0 0 0 0 0 0 0 0 0 0 0 0 0 0 0 0 0 0 0 0 0 0 0 0 0 0 0 0 0 0 0 0 0 0 0 0 0 0 0 0 0 0 0 0 0 0 data 14 0x20002 0x1 0x70002 0x1 0x0 0x0 0x0 0x0 0x0 0x0 0x9 0x2 0x0 0x0 oops 0 methods 0
ciMethodData java/lang/StringUTF16 checkIndex (I[B)V 1 1 orig 80 0 0 0 0 0 0 0 0 0 0 0 0 42 2 0 0 0 0 0 0 0 0 0 0 0 0 0 0 0 0 0 0 0 0 0 0 0 0 0 0 0 0 0 0 0 0 0 0 0 0 0 0 0 0 0 0 0 0 0 0 0 0 0 0 0 0 0 0 0 0 0 0 0 0 0 0 0 0 0 0 data 14 0x20002 0x1 0x50002 0x1 0x0 0x0 0x0 0x0 0x0 0x0 0x9 0x2 0x0 0x0 oops 0 methods 0
ciMethodData java/lang/StringUTF16 length ([B)I 1 7 orig 80 0 0 0 0 0 0 0 0 0 0 0 0 42 2 0 0 0 0 0 0 0 0 0 0 0 0 0 0 0 0 0 0 0 0 0 0 0 0 0 0 0 0 0 0 0 0 0 0 0 0 0 0 0 0 0 0 0 0 0 0 0 0 0 0 0 0 0 0 0 0 0 0 0 0 0 0 0 0 0 0 data 6 0x0 0x0 0x0 0x9 0x1 0x0 oops 0 methods 0
ciMethodData jdk/internal/util/Preconditions checkIndex (IILjava/util/function/BiFunction;)I 2 4568 orig 80 0 0 0 0 0 0 0 0 0 0 0 0 42 2 0 0 0 0 0 0 0 0 0 0 0 0 0 0 0 0 0 0 0 0 0 0 0 0 0 0 0 0 0 0 0 0 0 0 0 0 0 0 0 0 0 0 0 0 0 0 0 0 0 0 0 0 0 0 0 0 0 0 0 0 0 0 0 0 0 0 data 21 0x10007 0x0 0x40 0x11d8 0x60007 0x11d8 0x30 0x0 0xc0002 0x0 0x0 0x0 0x0 0x0 0x0 0x0 0x9 0x3 0x0 0x0 0x0 oops 0 methods 0
ciMethodData java/util/regex/Pattern <init> (Ljava/lang/String;I)V 1 25 orig 80 0 0 0 0 0 0 0 0 0 0 0 0 42 2 0 0 0 0 0 0 0 0 0 0 0 0 0 0 0 0 0 0 0 0 0 0 0 0 0 0 0 0 0 0 0 0 0 0 0 0 0 0 0 0 0 0 0 0 0 0 0 0 0 0 0 0 0 0 0 0 0 0 0 0 0 0 0 0 0 0 data 83 0x10002 0x19 0x90007 0x19 0xf8 0x0 0x140002 0x0 0x190005 0x0 0x0 0x0 0x0 0x0 0x0 0x1d0002 0x0 0x200005 0x0 0x0 0x0 0x0 0x0 0x0 0x230005 0x0 0x0 0x0 0x0 0x0 0x0 0x260002 0x0 0x3c0007 0x19 0x20 0x0 0x650005 0x19 0x0 0x0 0x0 0x0 0x0 0x680007 0x0 0xa8 0x19 0x6c0005 0x19 0x0 0x0 0x0 0x0 0x0 0x6f0003 0x19 0x60 0x760005 0x0 0x0 0x0 0x0 0x0 0x0 0x820002 0x0 0x0 0x0 0x0 0x0 0x0 0x0 0x0 0x0 0x0 0x0 0x0 0x9 0x3 0x0 0x0 0x0 oops 0 methods 0
ciMethodData java/util/regex/Pattern compile (Ljava/lang/String;)Ljava/util/regex/Pattern; 1 25 orig 80 0 0 0 0 0 0 0 0 0 0 0 0 42 2 0 0 0 0 0 0 0 0 0 0 0 0 0 0 0 0 0 0 0 0 0 0 0 0 0 0 0 0 0 0 0 0 0 0 0 0 0 0 0 0 0 0 0 0 0 0 0 0 0 0 0 0 0 0 0 0 0 0 0 0 0 0 0 0 0 0 data 8 0x60002 0x19 0x0 0x0 0x0 0x9 0x1 0x0 oops 0 methods 0
ciMethodData java/lang/String split (Ljava/lang/String;IZ)[Ljava/lang/String; 1 0 orig 80 0 0 0 0 0 0 0 0 0 0 0 0 42 2 0 0 0 0 0 0 0 0 0 0 0 0 0 0 0 0 0 0 0 0 0 0 0 0 0 0 0 0 0 0 0 0 0 0 0 0 0 0 0 0 0 0 0 0 0 0 0 0 0 0 0 0 0 0 0 0 0 0 0 0 0 0 0 0 0 0 data 120 0x40005 0x0 0x0 0x0 0x0 0x0 0x0 0x80007 0x0 0xb0 0x0 0x100005 0x0 0x0 0x0 0x0 0x0 0x0 0x160005 0x0 0x0 0x0 0x0 0x0 0x0 0x1a0007 0x0 0x168 0x0 0x1e0005 0x0 0x0 0x0 0x0 0x0 0x0 0x220007 0x0 0x188 0x0 0x270005 0x0 0x0 0x0 0x0 0x0 0x0 0x2c0007 0x0 0x130 0x0 0x310005 0x0 0x0 0x0 0x0 0x0 0x0 0x400007 0x0 0xd8 0x0 0x4e0007 0x0 0xb8 0x0 0x5c0007 0x0 0x98 0x0 0x640007 0x0 0x40 0x0 0x6c0007 0x0 0x58 0x0 0x740005 0x0 0x0 0x0 0x0 0x0 0x0 0x790002 0x0 0x7f0007 0x0 0x70 0x0 0x860005 0x0 0x0 0x0 0x0 0x0 0x0 0x890003 0x0 0x50 0x900005 0x0 0x0 0x0 0x0 0x0 0x0 0x0 0x0 0x0 0x0 0x0 0x0 0x9 0x4 0x0 0x0 0x0 0x0 oops 0 methods 0
ciMethodData java/lang/String split (CIZ)[Ljava/lang/String; 1 0 orig 80 0 0 0 0 0 0 0 0 0 0 0 0 42 2 0 0 0 0 0 0 0 0 0 0 0 0 0 0 0 0 0 0 0 0 0 0 0 0 0 0 0 0 0 0 0 0 0 0 0 0 0 0 0 0 0 0 0 0 0 0 0 0 0 0 0 0 0 0 0 0 0 0 0 0 0 0 0 0 0 0 data 205 0x70007 0x0 0x38 0x0 0xb0003 0x0 0x18 0x150002 0x0 0x1b0007 0x0 0x48 0x0 0x1f0002 0x0 0x220003 0x0 0x18 0x2c0005 0x0 0x0 0x0 0x0 0x0 0x0 0x330007 0x0 0x200 0x0 0x380007 0x0 0x40 0x0 0x400007 0x0 0x100 0x0 0x4a0005 0x0 0x0 0x0 0x0 0x0 0x0 0x4d0005 0x0 0x0 0x0 0x0 0x0 0x0 0x520007 0x0 0x58 0x0 0x590005 0x0 0x0 0x0 0x0 0x0 0x0 0x660003 0x0 0xfffffffffffffea0 0x6a0005 0x0 0x0 0x0 0x0 0x0 0x0 0x760005 0x0 0x0 0x0 0x0 0x0 0x0 0x790005 0x0 0x0 0x0 0x0 0x0 0x0 0x840003 0x0 0x18 0x890007 0x0 0x58 0x0 0x930004 0x0 0x0 0x0 0x0 0x0 0x0 0x970007 0x0 0x40 0x0 0x9d0007 0x0 0xc8 0x0 0xa60005 0x0 0x0 0x0 0x0 0x0 0x0 0xa90005 0x0 0x0 0x0 0x0 0x0 0x0 0xac0005 0x0 0x0 0x0 0x0 0x0 0x0 0xb20005 0x0 0x0 0x0 0x0 0x0 0x0 0xb80007 0x0 0x120 0x0 0xbd0007 0x0 0x100 0x0 0xc60005 0x0 0x0 0x0 0x0 0x0 0x0 0xc90004 0x0 0x0 0x0 0x0 0x0 0x0 0xcc0005 0x0 0x0 0x0 0x0 0x0 0x0 0xcf0007 0x0 0x38 0x0 0xd50003 0x0 0xffffffffffffff18 0xe40005 0x0 0x0 0x0 0x0 0x0 0x0 0xe90005 0x0 0x0 0x0 0x0 0x0 0x0 0xee0004 0x0 0x0 0x0 0x0 0x0 0x0 0x0 0x0 0x0 0x0 0x0 0x0 0x9 0x4 0x0 0x0 0x0 0x0 oops 0 methods 0
ciMethodData java/util/regex/Pattern splitWithDelimiters (Ljava/lang/CharSequence;I)[Ljava/lang/String; 1 0 orig 80 0 0 0 0 0 0 0 0 0 0 0 0 42 2 0 0 0 0 0 0 0 0 0 0 0 0 0 0 0 0 0 0 0 0 0 0 0 0 0 0 0 0 0 0 0 0 0 0 0 0 0 0 0 0 0 0 0 0 0 0 0 0 0 0 0 0 0 0 0 0 0 0 0 0 0 0 0 0 0 0 data 18 0x40005 0x0 0x0 0x0 0x0 0x0 0x0 0x0 0x0 0x0 0x0 0x0 0x0 0x9 0x3 0x0 0x0 0x0 oops 0 methods 0
ciMethodData java/util/regex/Pattern split (Ljava/lang/CharSequence;IZ)[Ljava/lang/String; 1 0 orig 80 0 0 0 0 0 0 0 0 0 0 0 0 42 2 0 0 0 0 0 0 0 0 0 0 0 0 0 0 0 0 0 0 0 0 0 0 0 0 0 0 0 0 0 0 0 0 0 0 0 0 0 0 0 0 0 0 0 0 0 0 0 0 0 0 0 0 0 0 0 0 0 0 0 0 0 0 0 0 0 0 data 313 0x70007 0x0 0x38 0x0 0xb0003 0x0 0x18 0x150002 0x0 0x1c0005 0x0 0x0 0x0 0x0 0x0 0x0 0x230005 0x0 0x0 0x0 0x0 0x0 0x0 0x260007 0x0 0x500 0x0 0x2b0007 0x0 0x40 0x0 0x330007 0x0 0x370 0x0 0x380007 0x0 0x120 0x0 0x3f0005 0x0 0x0 0x0 0x0 0x0 0x0 0x420007 0x0 0xc8 0x0 0x470005 0x0 0x0 0x0 0x0 0x0 0x0 0x4c0005 0x0 0x0 0x0 0x0 0x0 0x0 0x4f0007 0x0 0x38 0x0 0x520003 0x0 0xfffffffffffffe60 0x5a0005 0x0 0x0 0x0 0x0 0x0 0x0 0x5d0005 0x0 0x0 0x0 0x0 0x0 0x0 0x620005 0x0 0x0 0x0 0x0 0x0 0x0 0x6d0005 0x0 0x0 0x0 0x0 0x0 0x0 0x730005 0x0 0x0 0x0 0x0 0x0 0x0 0x790007 0x0 0x100 0x0 0x810005 0x0 0x0 0x0 0x0 0x0 0x0 0x860005 0x0 0x0 0x0 0x0 0x0 0x0 0x8b0005 0x0 0x0 0x0 0x0 0x0 0x0 0x900005 0x0 0x0 0x0 0x0 0x0 0x0 0x970003 0x0 0xfffffffffffffc30 0x9f0007 0x0 0xfffffffffffffc18 0x0 0xa60005 0x0 0x0 0x0 0x0 0x0 0x0 0xab0005 0x0 0x0 0x0 0x0 0x0 0x0 0xb00005 0x0 0x0 0x0 0x0 0x0 0x0 0xbb0005 0x0 0x0 0x0 0x0 0x0 0x0 0xc10005 0x0 0x0 0x0 0x0 0x0 0x0 0xc90003 0x0 0xfffffffffffffae0 0xce0007 0x0 0x90 0x0 0xd80005 0x0 0x0 0x0 0x0 0x0 0x0 0xdd0004 0x0 0x0 0x0 0x0 0x0 0x0 0xe10007 0x0 0x40 0x0 0xe70007 0x0 0x100 0x0 0xf00005 0x0 0x0 0x0 0x0 0x0 0x0 0xf50005 0x0 0x0 0x0 0x0 0x0 0x0 0xfa0005 0x0 0x0 0x0 0x0 0x0 0x0 0xff0005 0x0 0x0 0x0 0x0 0x0 0x0 0x1050005 0x0 0x0 0x0 0x0 0x0 0x0 0x10b0007 0x0 0x120 0x0 0x1100007 0x0 0x100 0x0 0x1190005 0x0 0x0 0x0 0x0 0x0 0x0 0x11c0004 0x0 0x0 0x0 0x0 0x0 0x0 0x11f0005 0x0 0x0 0x0 0x0 0x0 0x0 0x1220007 0x0 0x38 0x0 0x1280003 0x0 0xffffffffffffff18 0x1370005 0x0 0x0 0x0 0x0 0x0 0x0 0x13c0005 0x0 0x0 0x0 0x0 0x0 0x0 0x1410004 0x0 0x0 0x0 0x0 0x0 0x0 0x0 0x0 0x0 0x0 0x0 0x0 0x9 0x4 0x0 0x0 0x0 0x0 oops 0 methods 0
ciMethodData java/util/regex/Pattern split (Ljava/lang/CharSequence;I)[Ljava/lang/String; 1 0 orig 80 0 0 0 0 0 0 0 0 0 0 0 0 42 2 0 0 0 0 0 0 0 0 0 0 0 0 0 0 0 0 0 0 0 0 0 0 0 0 0 0 0 0 0 0 0 0 0 0 0 0 0 0 0 0 0 0 0 0 0 0 0 0 0 0 0 0 0 0 0 0 0 0 0 0 0 0 0 0 0 0 data 18 0x40005 0x0 0x0 0x0 0x0 0x0 0x0 0x0 0x0 0x0 0x0 0x0 0x0 0x9 0x3 0x0 0x0 0x0 oops 0 methods 0
compile java/lang/String split (Ljava/lang/String;IZ)[Ljava/lang/String; -1 3
